Funds,Fund Manager,Category,RupeeVestRating,AUM(in Rs. cr),ExpenseRatio (%),Fund Type,Inception Date,Benchmark Index, NAV , 52 WeekHigh (NAV), 52 WeekLow (NAV),Return (%)1 mo,Return (%)3 mo,Return (%)6 mo,Return (%)1 yr,Return (%)2 yrs,Return (%)3 yrs,Return (%)5 yrs,Return (%)10 yrs,PE Ratio,PB Ratio ,Turnover Ratio (%), No. ofStocks,Avg. Market Cap(in Rs. cr),Large Cap(%),Mid Cap(%),Small Cap(%),Highest Sector,Avg. Maturity(in yrs),Mod. Duration(in yrs),Yield To Maturity (%),Alpha,Sharpe,Sortino,Beta,Standard Deviation,classification,Exit_load_Remarks
360 ONE Balanced Hybrid Fund-Reg(G),Mayur Patel,HY-BAL,Unrated,734.5,2.35,Open Ended,25-Sep-23,NIFTY 50 Hybrid Composite Debt 50:50 Index,12.71,12.92,11.98,0.57,-0.06,-1.53,0.60,4.72,-,-,-,29.35,4.29,62,49,108783,27.56,7.3,10.08,Financials,3.33,2.60,7.34,0.12,0.13,0.27,0.51,-,Hybrid : Balanced Hybrid,Nil upto 10% of units and 1% for remaining units on or before 12M Nil after 12M
360 ONE Dynamic Bond Fund-Reg(G),Milan Mody,DT-DYN,2,583.8,0.59,Open Ended,24-Jun-13,CRISIL Dynamic Bond Index,23.56,23.56,22.63,0.56,0.11,1.12,3.67,7.45,7.28,6.51,6.71,-,-,0,1,-,-,-,-,-,6.03,4.34,7.63,0.08,0.12,0.26,0.86,1.95,Debt : Dynamic Bond,Nil
360 ONE ELSS Tax Saver Nifty 50 Index Fund-Reg(G),Ashish Ongari,EQ-ELSS,Unrated,69.7,0.84,Open Ended,28-Dec-22,NIFTY 50 - TRI,13.18,14.74,12.53,-2.45,-6.99,-10.52,-4.87,2.71,8.79,-,-,19.95,3.01,13,50,531628,98.74,0.67,-,Financials,-,-,-,-0.04,0.10,0.19,0.99,12.08,Equity : Tax Saving (ELSS),Nil
360 ONE Flexicap Fund-Reg(G),Mayur Patel,EQ-FLEX,Unrated,1993.9,2.54,Open Ended,30-Jun-23,BSE 500 - TRI,14.83,15.56,13.13,1.11,-0.19,-3.88,-0.39,3.88,-,-,-,29.78,4.46,60,52,91110,55.06,16.3,24.69,Financials,-,-,-,0.27,0.17,0.33,1.04,-,Equity : Flexi Cap,1% on or before 365D Nil after 365D
360 ONE Focused Fund-Reg(G),Mayur Patel,EQ-FOC,4,6537.1,1.83,Open Ended,30-Oct-14,BSE 500 - TRI,45.36,48.28,41.32,0.13,-3.11,-5.23,-2.58,1.52,11.91,12.38,15.70,29.98,4.21,60,30,168706,69.17,13.21,14.8,Financials,-,-,-,0.01,0.16,0.29,0.94,13.20,Equity : Focused,NIL
360 ONE Gold ETF,Rahul Khetawat,PM-ETF,Unrated,133.8,0.47,Open Ended,07-Mar-25,Gold-India,151.68,170.09,94.55,3.30,-2.37,19.61,59.72,-,-,-,-,-,-,36,-,-,-,-,-,-,-,-,-,4.28,0.68,1.52,2.02,-,Metal : ETFs,null
360 ONE Liquid Fund-Reg(G),Milan Mody,DT-LIQ,1,1047.7,0.35,Open Ended,13-Nov-13,CRISIL Liquid Debt Index,2120.17,2120.17,2001.72,0.48,1.59,3.04,5.94,6.49,6.69,5.89,5.69,-,-,0,-,-,-,-,-,-,0.14,0.13,6.07,-0.01,0.08,0.02,1.09,0.24,Debt : Liquid,0.007% for Day 1 0.0065% on Day 2 0.0060% on Day 3 0.0055% on Day 4 0.0050% on Day 5 0.0045% on Day 6 NIL on or after 7D
360 ONE MSCI India ETF,Ashish Ongari,EQ-ETF,Unrated,-,-,Open Ended,22-May-26,MSCI India,9.81,10.00,9.77,-,-,-,-,-,-,-,-,-,-,-,-,-,-,-,-,-,-,-,-,-,-,-,-,-,Equity : ETFs,null
360 ONE Multi Asset Allocation Fund-Reg(G),Mayur Patel,HY-MULTI,Unrated,430.6,2.13,Open Ended,20-Aug-25,NIFTY Composite Debt Index,12.00,12.53,9.99,1.02,-1.63,6.55,-,-,-,-,-,28.81,4.35,0,41,140780,17.45,2.9,4.09,Financials,5.12,3.04,7.00,-,-,-,-,-,Hybrid : Multi Asset Allocation,Nil upto 10% of units and 1% for remaining units on or before 12M Nil after 12M
360 ONE Overnight Fund-Reg(G),Milan Mody,DT-ON,Unrated,416.0,0.24,Open Ended,10-Jul-25,Nifty 1D Rate Index,1047.83,1047.83,1000.00,0.44,1.29,2.57,-,-,-,-,-,-,-,0,-,-,-,-,-,-,0.01,0.01,5.38,-,-,-,-,-,Debt : Overnight,NIL
360 ONE Quant Fund-Reg(G),Ashish Ongari,EQ-THEM,Unrated,879.6,2.11,Open Ended,29-Nov-21,BSE 200 - TRI,18.17,20.13,17.00,-0.46,-7.88,-8.05,-4.28,1.84,17.83,-,-,25.89,5.11,101,37,140551,65.14,33.99,0.03,Automobile and Ancillaries,-,-,-,0.53,0.25,0.46,1.17,16.10,Equity : Thematic,1% on or before 12M Nil after 12M
360 ONE Silver ETF,Rahul Khetawat,PM-ETF,Unrated,49.0,0.46,Open Ended,28-Mar-25,Silver,258.52,367.64,100.06,9.65,-1.15,48.91,163.78,-,-,-,-,-,-,206,-,-,-,-,-,-,-,-,-,8.88,0.59,1.48,-0.02,-,Metal : ETFs,null
Abakkus Flexi Cap Fund-Reg(G),Sanjay Doshi,EQ-FLEX,Unrated,3901.2,1.92,Open Ended,29-Dec-25,BSE 500 - TRI,10.26,10.49,9.08,0.31,2.08,-,-,-,-,-,-,23.33,3.33,-,49,72092,42.96,18.51,28.99,Financials,-,-,-,-,-,-,-,-,Equity : Flexi Cap,NIL upto 10% of units and 1% for remaining units on or before 3M NIL after 3M
Abakkus Liquid Fund-Reg(G),Abhishek Srinivas,DT-LIQ,Unrated,222.0,0.31,Open Ended,12-Dec-25,CRISIL Liquid Debt Index,102.60,102.60,100.00,0.46,1.43,-,-,-,-,-,-,-,-,0,-,-,-,-,-,-,0.07,0.07,5.89,-,-,-,-,-,Debt : Liquid,0.007% for Day 1 0.0065% on Day 2 0.0060% on Day 3 0.0055% on Day 4 0.0050% on Day 5 0.0045% on Day 6 NIL on or after 7D
Abakkus Small Cap Fund-Reg(G),Sanjay Doshi,EQ-SML,Unrated,816.8,2.36,Open Ended,17-Mar-26,Nifty Smallcap 250 - TRI,11.23,11.35,9.85,1.37,-,-,-,-,-,-,-,26.28,3.36,-,59,16295,4.66,2.48,68.27,Financials,-,-,-,-,-,-,-,-,Equity : Small Cap,NIL upto 10% of units and 1% for remaining units on or before 3M Nil after 3M
Aditya Birla SL Aggressive Hybrid Omni FOF(G),Vinod Narayan Bhat,FOF-DOM,Unrated,41.0,0.95,Open Ended,09-May-11,CRISIL Hybrid 35+65 - Aggressive Index,41.88,44.07,39.23,-0.52,-2.38,-4.33,0.22,6.04,11.34,9.91,10.36,-,-,-,-,-,-,-,-,-,-,-,-,0.09,0.20,0.37,0.95,8.56,FoFs : Domestic,1% on or before 365D Nil after 365D
Aditya Birla SL Arbitrage Fund(G),Lovelish Solanki,HY-ARB,3,25678.5,0.88,Open Ended,24-Jul-09,Nifty 50 Arbitrage - TRI,27.89,27.92,26.43,0.31,1.20,2.70,5.70,6.32,6.74,5.86,5.68,18.91,2.72,1130,177,233932,48.09,16.06,3.21,Financials,0.71,0.62,6.95,0.02,0.10,0.06,0.34,0.46,Hybrid : Arbitrage,0.25% on or before 15D Nil after 15D
Aditya Birla SL Bal Bhavishya Yojna-Reg(G),Harshil Suvarnkar,EQ-FLEX,2,1175.4,1.88,Open Ended,11-Feb-19,NIFTY 500 - TRI,20.00,20.91,17.72,0.10,0.96,-3.59,2.47,5.05,12.37,8.94,-,-,-,39,74,103131,51.23,16.62,28.72,Financials,-,-,-,-0.07,0.17,0.31,0.98,13.71,Equity : Flexi Cap,Nil
Aditya Birla SL Balanced Advantage Fund(G),Harish krishnan,HY-DYN,4,9182.4,1.51,Open Ended,25-Apr-00,CRISIL Hybrid 50+50 - Moderate Index,108.64,110.85,102.25,-0.40,-0.77,-1.53,3.13,7.50,11.30,9.57,10.82,26.60,3.78,217,90,159191,43.79,20.54,10.19,Financials,3.90,2.74,7.58,0.39,0.21,0.42,0.59,7.69,Hybrid : Dynamic Asset Allocation,0.25% on or before 7D Nil after 7D
Aditya Birla SL Banking & Financial Services Fund-Reg(G),Dhaval Gala,EQ-FIN,4,3541.1,1.65,Open Ended,14-Dec-13,Nifty Financial Services - TRI,58.97,65.47,54.65,-3.13,-7.43,-8.32,-1.45,6.59,10.99,10.34,12.80,18.97,2.52,41,39,196959,64.65,14.7,19.03,Financials,-,-,-,0.20,0.14,0.25,0.94,14.57,Equity : Sectoral - Financial Services,1% on or before 30D Nil after 30D
Aditya Birla SL Banking & PSU Debt Fund(G),Kaustubh Gupta,DT-B&PSU,4,8805.1,0.62,Open Ended,05-May-08,NIFTY Banking and PSU Debt Index,380.04,380.53,367.21,0.10,0.25,0.91,3.13,6.42,6.50,5.77,7.07,-,-,0,-,-,-,-,-,-,3.70,2.67,7.45,0.02,0.01,0.02,0.43,1.34,Debt : Banking & PSU,Nil
Aditya Birla SL BSE 500 Momentum 50 Index Fund-Reg(G),Priya Sridhar,EQ-INDX,Unrated,68.0,0.90,Open Ended,08-Aug-25,BSE 500 Momentum 50 - TRI,10.15,10.78,9.12,0.21,-4.17,-3.39,-,-,-,-,-,20.36,3.32,-,49,109599,52.17,40.52,7.24,Financials,-,-,-,-,-,-,-,-,Equity : Index Funds,0.10% on or before 15D Nil after 15D
Aditya Birla SL BSE 500 Quality 50 Index Fund-Reg(G),Priya Sridhar,EQ-INDX,Unrated,75.5,0.84,Open Ended,08-Aug-25,BSE 500 Quality 50 - TRI,10.72,10.96,9.42,-0.40,4.33,1.33,-,-,-,-,-,29.91,9.18,-,50,126246,56.08,32.06,11.71,FMCG,-,-,-,-,-,-,-,-,Equity : Index Funds,0.10% on or before 15D Nil after 15D
Aditya Birla SL BSE India Infrastructure Index Fund-Reg(G),Priya Sridhar,EQ-INFRA,Unrated,36.2,0.88,Open Ended,04-Dec-24,BSE India Infrastructure Index - TRI,9.45,9.92,8.37,-2.84,1.38,2.66,1.73,-,-,-,-,17.76,2.35,-,30,148155,66.29,16.08,16.93,Energy,-,-,-,0.05,-0.06,-0.11,0.99,-,Equity : Sectoral - Infrastructure,0.05% on or before 30D Nil after 30D
Aditya Birla SL BSE Sensex ETF,Priya Sridhar,EQ-ETF,Unrated,267.6,0.04,Open Ended,18-Jul-16,BSE SENSEX - TRI,74.90,85.83,72.06,-3.28,-8.45,-13.02,-7.84,1.48,7.19,8.76,-,21.37,3.11,-,30,648957,99.97,-,-,Financials,-,-,-,-0.17,0.06,0.11,1.00,12.26,Equity : ETFs,null
Aditya Birla SL BSE Top 10 Banks ETF,Priya Sridhar,EQ-ETF,Unrated,184.7,0.12,Open Ended,26-Feb-26,BSE 100 - TRI,158.74,182.46,150.87,-2.67,-13.09,-,-,-,-,-,-,16.01,1.91,-,10,533734,84.8,15.19,-,Financials,-,-,-,-,-,-,-,-,Equity : ETFs,null
Aditya Birla SL Business Cycle Fund-Reg(G),Pavas Pethia,EQ-THEM,Unrated,1687.3,1.79,Open Ended,03-Dec-21,BSE 500 - TRI,14.79,15.72,13.62,-0.80,-2.89,-5.19,-0.67,4.60,11.94,-,-,28.80,3.79,34,71,95993,48.3,26.38,21.88,Financials,-,-,-,0.19,0.16,0.29,1.05,13.48,Equity : Thematic,1% on or before 30D Nil after 30D
Aditya Birla SL Conglomerate Fund-Reg(G),Harish krishnan,EQ-THEM,Unrated,1622.5,1.79,Open Ended,27-Dec-24,BSE Select Business Groups Index - TRI,10.62,11.07,9.20,0.76,1.84,-4.01,-0.47,-,-,-,-,28.74,3.46,-,50,140036,66.26,11.56,20.49,Energy,-,-,-,0.10,0.01,0.02,1.11,-,Equity : Thematic,0.50% on or before 90D Nil after 90D
Aditya Birla SL Conservative Hybrid Active FOF(G),Vinod Narayan Bhat,FOF-DOM,Unrated,17.0,0.76,Open Ended,09-May-11,CRISIL Hybrid 85+15 - Conservative Index,34.60,34.97,33.78,-0.11,-0.72,-0.55,1.90,6.20,9.84,8.64,8.69,-,-,-,-,-,-,-,-,-,-,-,-,0.18,0.23,0.50,1.42,4.75,FoFs : Domestic,1% on or before 1Y Nil after 1Y
Aditya Birla SL Consumption Fund-Reg(G),Chanchal Khandelwal,EQ-CONS,3,5996.3,1.57,Open Ended,05-Aug-05,Nifty India Consumption - TRI,195.24,224.44,184.12,-3.41,-6.38,-11.80,-7.57,1.33,9.16,10.73,13.49,38.43,5.64,24,72,156554,65.88,20.32,12.81,FMCG,-,-,-,-0.23,0.12,0.20,0.93,13.82,Equity : Thematic - Consumption,1% on or before 30D Nil after 30D
Aditya Birla SL Corp Bond Fund(G),Kaustubh Gupta,DT-CORP,5,25167.9,0.44,Open Ended,03-Mar-97,NIFTY Corporate Bond Index,116.79,117.01,112.98,0.17,-0.06,0.79,2.92,6.49,6.78,6.05,7.29,-,-,0,-,-,-,-,-,-,6.72,4.15,7.61,0.04,0.06,0.11,0.51,1.47,Debt : Corporate Bond,Nil
Aditya Birla SL Credit Risk Fund-Reg(G),Sunaina da Cunha,DT-CR,3,1353.3,1.36,Open Ended,17-Apr-15,CRISIL Credit Risk Debt Index,24.70,24.70,22.26,0.37,1.31,6.23,11.02,14.20,11.66,9.66,8.40,-,-,0,1,-,-,-,-,-,2.38,1.77,8.15,0.41,0.47,1.29,0.16,3.03,Debt : Credit Risk,1% on or before 1Y Nil after 1Y
Aditya Birla SL CRISIL 10 Year Gilt ETF,Bhupesh Bameta,DT-ETF,Unrated,31.4,0.07,Open Ended,13-Aug-24,CRISIL 10 Year Gilt Index,110.13,111.09,108.02,0.61,-0.66,-0.09,0.52,-,-,-,-,-,-,0,-,-,-,-,-,-,9.13,6.65,7.09,0.03,-0.13,-0.27,0.99,-,Debt : ETFs,null
Aditya Birla SL CRISIL Broad Based Gilt ETF,Kaustubh Gupta,DT-ETF,Unrated,11.5,0.07,Open Ended,05-Jul-24,CRISIL Broad Based Gilt Index,111.85,112.63,108.72,0.34,-0.77,0.71,1.06,-,-,-,-,-,-,0,-,-,-,-,-,-,14.30,6.22,7.04,0.03,-0.06,-0.12,1.29,-,Debt : ETFs,null
Aditya Birla SL CRISIL IBX 50:50 Gilt Plus SDL Apr 2028 Index Fund-Reg(G),Mohit Sharma,DT-M&LD,Unrated,401.7,0.30,Open Ended,13-Oct-22,CRISIL IBX 50:50 Gilt Plus SDL Index - April 2028,13.03,13.03,12.50,0.25,0.20,1.71,4.16,7.21,6.94,-,-,-,-,0,-,-,-,-,-,-,1.76,1.61,6.59,0.06,0.12,0.20,0.46,1.32,Debt : Medium to Long Duration,Nil
Aditya Birla SL CRISIL IBX 60:40 SDL + AAA PSU - Apr 2027 Index Fund-Reg(G),Mohit Sharma,DT-M&LD,Unrated,1362.6,0.28,Open Ended,29-Mar-22,CRISIL IBX 60:40 SDL + AAA PSU Index - April 2027,12.83,12.84,12.17,0.31,1.26,2.60,5.58,7.22,6.95,-,-,-,-,0,-,-,-,-,-,-,0.71,0.67,6.44,0.05,0.19,0.18,0.24,0.76,Debt : Medium to Long Duration,Nil
Aditya Birla SL CRISIL IBX 60:40 SDL + AAA PSU Apr 2026 Index Fund-Reg(G),Bhupesh Bameta,DT-B&PSU,Unrated,33.7,0.45,Open Ended,02-Dec-22,CRISIL IBX 60:40 SDL + AAA PSU Index - April 2026,12.50,12.50,11.91,0.47,1.25,2.60,5.76,6.81,6.68,-,-,-,-,0,-,-,-,-,-,-,0.02,0.02,5.70,0.01,0.11,0.07,0.15,0.49,Debt : Banking & PSU,Nil
Aditya Birla SL CRISIL IBX Gilt - April 2026 Index Fund-Reg(G),Bhupesh Bameta,DT-MD,Unrated,164.8,0.36,Open Ended,07-Oct-22,CRISIL IBX Gilt Index - April 2026,12.72,12.72,12.13,0.47,1.29,2.66,5.66,6.77,6.64,-,-,-,-,0,-,-,-,-,-,-,0.03,0.03,5.36,0.01,0.08,0.06,0.18,0.61,Debt : Medium Duration,Nil
Aditya Birla SL CRISIL IBX Gilt Apr 2028 Index Fund-Reg(G),Bhupesh Bameta,DT-M&LD,Unrated,20.6,0.69,Open Ended,15-Mar-23,CRISIL IBX Gilt Index - April 2028,12.39,12.39,11.85,0.26,0.47,2.04,4.45,6.83,6.48,-,-,-,-,0,-,-,-,-,-,-,1.60,1.46,6.14,0.02,0.03,0.05,0.39,1.15,Debt : Medium to Long Duration,Nil
Aditya Birla SL CRISIL IBX Gilt Apr 2029 Index Fund-Reg(G),Harshil Suvarnkar,DT-GILT,Unrated,615.6,0.32,Open Ended,19-Oct-22,CRISIL IBX Gilt Index - April 2029,13.12,13.15,12.59,0.29,-0.01,1.33,3.75,7.36,7.03,-,-,-,-,0,-,-,-,-,-,-,2.88,2.57,6.51,0.07,0.11,0.23,0.60,1.68,Debt : Gilt,Nil
Aditya Birla SL CRISIL IBX Gilt April 2033 Index Fund-Reg(G),Bhupesh Bameta,DT-LD,Unrated,34.0,0.39,Open Ended,22-Dec-23,CRISIL IBX Gilt Index - April 2033,11.86,11.89,11.48,0.44,-0.33,1.12,1.99,6.83,-,-,-,-,-,0,-,-,-,-,-,-,6.58,5.05,7.06,0.07,0.10,0.21,0.85,-,Debt : Long Duration,Nil
Aditya Birla SL CRISIL IBX Gilt June 2027 Index Fund-Reg(G),Bhupesh Bameta,DT-GILT,Unrated,12.3,0.52,Open Ended,05-Jun-24,CRISIL IBX Gilt Index - June 2027,11.45,11.45,10.91,0.34,0.82,2.21,4.92,-,-,-,-,-,-,0,-,-,-,-,-,-,1.09,1.01,6.03,0.05,0.14,0.17,0.36,-,Debt : Gilt,Nil
Aditya Birla SL CRISIL IBX SDL Jun 2032 Index Fund-Reg(G),Bhupesh Bameta,DT-LD,Unrated,151.7,0.49,Open Ended,14-Feb-23,CRISIL IBX SDL Index - June 2032,12.53,12.65,12.19,0.06,-0.80,0.57,1.02,6.17,6.30,-,-,-,-,0,-,-,-,-,-,-,5.72,4.50,7.47,0.03,-,-,0.82,2.51,Debt : Long Duration,Nil
Aditya Birla SL CRISIL Liquid Overnight ETF,Sanjay Pawar,DT-ON,Unrated,30.7,0.37,Open Ended,13-Mar-23,CRISIL Liquid Overnight Index,1000.00,1000.00,1000.00,0.40,1.19,2.34,4.89,5.44,5.75,-,-,-,-,-,-,-,-,-,-,-,-,-,-,-0.01,-1.23,-0.33,0.97,0.19,Debt : Overnight,null
Aditya Birla SL CRISIL-IBX AAA Financial Services Index-Sep 2027 Fund-Reg(G),Harshil Suvarnkar,DT-M&LD,Unrated,13.1,0.37,Open Ended,13-Nov-24,CRISIL IBX AAA Financial Services Index - Sep 2027,11.12,11.12,10.53,0.20,1.05,2.19,5.69,-,-,-,-,-,-,0,-,-,-,-,-,-,1.13,1.00,7.53,0.09,0.15,0.21,0.39,-,Debt : Medium to Long Duration,NIL
Aditya Birla SL CRISIL-IBX AAA NBFC-HFC Index-Sep 2026 Fund-Reg(G),Harshil Suvarnkar,DT-SD,Unrated,141.8,0.37,Open Ended,08-Oct-24,CRISIL-IBX AAA NBFC-HFC Index - Sep 2026,11.25,11.25,10.56,0.45,1.73,3.05,6.57,-,-,-,-,-,-,0,-,-,-,-,-,-,0.21,0.19,6.99,0.08,0.31,0.24,0.20,-,Debt : Short Duration,Nil
Aditya Birla SL CRISIL-IBX Financial Services 3 to 6 Months Debt Index Fund-Reg(G),Harshil Suvarnkar,DT-USD,Unrated,3232.3,0.31,Open Ended,17-Dec-24,CRISIL-IBX Financial Services 3 to 6 Months Debt Index,11.02,11.02,10.37,0.45,1.72,3.03,6.35,-,-,-,-,-,-,0,-,-,-,-,-,-,0.30,0.28,6.81,0.04,0.15,0.09,0.13,-,Debt : Ultra Short Duration,Nil
Aditya Birla SL CRISIL-IBX Financial Services 9-12 Months Debt Index Fund-Reg(G),Sanjay Pawar,DT-LOWD,Unrated,1576.1,0.30,Open Ended,21-Mar-25,CRISIL-IBX Financial Services 9-12 Months Debt Index,10.77,10.77,10.21,0.16,1.04,2.24,5.61,-,-,-,-,-,-,0,-,-,-,-,-,-,0.84,0.82,7.28,-0.01,-0.09,-0.09,0.04,-,Debt : Low Duration,NIL
Aditya Birla SL Digital India Fund-Reg(G),Kunal Sangoi,EQ-TECH,Unrated,3798.8,1.62,Open Ended,15-Jan-00,BSE TECk Index - TRI,147.81,182.53,135.22,2.93,2.33,-16.69,-12.26,-2.11,6.24,7.01,14.64,28.37,4.75,46,33,139229,57.43,15.6,19.21,Technology,-,-,-,-0.09,0.06,0.11,1.09,19.33,Equity : Sectoral - Technology,1% on or before 30D Nil after 30D
Aditya Birla SL Dividend Yield Fund-Reg(G),Pavas Pethia,EQ-DIV,Unrated,1475.2,1.82,Open Ended,10-Feb-03,NIFTY 500 - TRI,448.26,471.22,413.10,-1.50,-2.16,-2.00,2.72,3.92,16.59,15.34,13.37,16.20,3.08,27,53,102781,61.75,14.93,15.11,Financials,-,-,-,0.27,0.24,0.46,0.97,14.24,Equity : Thematic - Dividend Yield,1% on or before 90D Nil after 90D
Aditya Birla SL Dynamic Asset Allocation Omni FOF(G),Vinod Narayan Bhat,FOF-DOM,Unrated,231.2,0.94,Open Ended,09-May-11,CRISIL Hybrid 50+50 - Moderate Index,53.66,55.65,50.65,-0.35,-1.96,-2.94,1.94,6.50,13.75,11.80,12.31,-,-,-,-,-,-,-,-,-,-,-,-,0.38,0.24,0.46,0.78,10.09,FoFs : Domestic,1% on or before 365D Nil after 365D
Aditya Birla SL Dynamic Bond Fund-Reg(G),Mohit Sharma,DT-DYN,1,1504.2,1.04,Open Ended,27-Sep-04,NIFTY Composite Debt Index,47.88,47.89,46.28,0.36,0.36,1.57,2.26,6.59,6.66,6.47,5.99,-,-,0,-,-,-,-,-,-,8.01,4.46,8.71,0.04,0.03,0.08,0.76,2.13,Debt : Dynamic Bond,Nil upto 15% of units0.50% in excess of limit on or before 90D and Nil after 90D
Aditya Birla SL ELSS Tax Saver Fund(G),Dhaval Shah,EQ-ELSS,1,14378.2,1.45,Open Ended,10-Mar-08,NIFTY 500 - TRI,59.48,63.27,54.36,-1.02,-2.71,-6.00,0.39,4.93,13.02,8.47,10.46,25.43,3.56,25,59,200833,66.88,12.1,19.02,Financials,-,-,-,-0.02,0.18,0.34,0.95,13.23,Equity : Tax Saving (ELSS),Nil
Aditya Birla SL Equity Hybrid 95 Fund(G),Harshil Suvarnkar,HY-AGR,4,6999.4,1.54,Open Ended,10-Feb-95,CRISIL Hybrid 35+65 - Aggressive Index,1473.63,1579.93,1395.27,-1.17,-4.03,-6.74,-1.87,3.73,10.42,8.94,9.79,25.60,3.41,60,84,241101,55.66,13.27,6.5,Financials,5.59,3.75,7.74,-0.02,0.16,0.29,1.14,10.26,Hybrid : Aggressive Hybrid,1% on or before 90D Nil after 90D
Aditya Birla SL Equity Savings Fund-Reg(G),Lovelish Solanki,HY-EQS,2,1087.4,0.86,Open Ended,28-Nov-14,NIFTY 50 Equity Savings Index - TRI,22.80,22.95,21.72,-0.26,-0.31,0.04,4.73,6.59,8.21,6.73,7.81,19.46,2.70,764,82,313920,50.34,9.19,5.16,Financials,2.03,1.65,6.95,0.19,0.22,0.45,0.38,2.80,Hybrid : Equity Savings,0.25% on or before 7D Nil after 7D
Aditya Birla SL ESG Integration Strategy Fund-Reg(G),Jonas Bhutta,EQ-THEM,Unrated,566.0,2.07,Open Ended,24-Dec-20,NIFTY100 ESG - TRI,17.13,18.79,15.91,-1.56,-5.28,-8.10,-2.57,5.62,11.45,9.38,-,25.67,3.55,14,55,205679,75.53,16.26,7.52,Financials,-,-,-,-0.06,0.15,0.28,1.02,14.13,Equity : Thematic,1% on or before 30D Nil after 30D
Aditya Birla SL Flexi Cap Fund-Reg(G),Harish krishnan,EQ-FLEX,3,25631.5,1.37,Open Ended,27-Aug-98,NIFTY 500 - TRI,1836.75,1906.05,1659.16,0.27,-1.10,-3.03,3.89,8.91,15.97,12.58,14.13,27.81,3.72,24,78,154657,57.16,24.72,16.73,Financials,-,-,-,0.21,0.24,0.46,0.94,13.07,Equity : Flexi Cap,1% on or before 90D Nil after 90D
Aditya Birla SL Floating Rate Fund(G),Kaustubh Gupta,DT-FL,3,13441.0,0.36,Open Ended,25-Mar-09,NIFTY Low Duration Debt Index,366.01,366.01,347.11,0.21,1.00,2.12,5.50,7.02,7.18,6.37,7.05,-,-,0,-,-,-,-,-,-,1.57,0.90,7.20,0.07,0.29,0.23,0.87,0.66,Debt : Floater,Nil
Aditya Birla SL Focused Fund(G),Kunal Sangoi,EQ-FOC,3,7744.7,1.53,Open Ended,24-Oct-05,NIFTY 500 - TRI,140.70,151.16,129.88,-0.63,-3.55,-5.78,0.42,6.65,14.06,11.80,12.53,25.83,3.25,27,30,295568,74.17,19.83,1.54,Financials,-,-,-,0.08,0.21,0.39,0.91,12.81,Equity : Focused,1% on or before 90D Nil after 90D
Aditya Birla SL FTP-TI-1837D-Reg(G),Mohit Sharma,DT-FMP,Unrated,333.5,-,Closed Ended,29-Jun-21,CRISIL Medium to Long Term Debt Index,13.43,13.43,12.71,0.47,1.37,2.76,5.76,7.13,7.03,-,-,-,-,-,-,-,-,-,-,-,-,-,-,0.05,0.28,0.19,0.21,0.57,Debt : FTP/FMP,null
Aditya Birla SL FTP-TJ-1838D-Reg(G),Mohit Sharma,DT-FMP,Unrated,27.5,-,Closed Ended,16-Jul-21,CRISIL Medium to Long Term Debt Index,13.46,13.46,12.73,0.44,1.38,2.77,5.83,7.26,7.10,-,-,-,-,-,-,-,-,-,-,-,-,-,-,0.05,0.29,0.22,0.24,0.63,Debt : FTP/FMP,null
Aditya Birla SL FTP-TQ-1879D-Reg(G),Mohit Sharma,DT-FMP,Unrated,233.0,-,Closed Ended,24-Mar-22,CRISIL Medium to Long Term Debt Index,13.03,13.03,12.36,0.28,1.05,2.51,5.46,7.40,7.18,-,-,-,-,-,-,-,-,-,-,-,-,-,-,0.07,0.25,0.27,0.37,0.87,Debt : FTP/FMP,null
Aditya Birla SL FTP-UB-1224D-Reg(G),Mohit Sharma,DT-FMP,Unrated,26.5,-,Closed Ended,16-Dec-22,CRISIL Medium Duration Debt Index,12.54,12.54,11.95,0.47,1.30,2.72,5.90,7.01,6.85,-,-,-,-,-,-,-,-,-,-,-,-,-,-,0.03,0.21,0.17,0.23,0.64,Debt : FTP/FMP,null
Aditya Birla SL FTP-UJ-1110D-Reg(G),Mohit Sharma,DT-FMP,Unrated,79.5,-,Closed Ended,27-Mar-23,CRISIL Medium Duration Debt Index,12.32,12.32,11.76,0.44,1.28,2.69,6.08,7.00,6.93,-,-,-,-,-,-,-,-,-,-,-,-,-,-,0.03,0.22,0.16,0.22,0.61,Debt : FTP/FMP,null
Aditya Birla SL G-Sec Fund(G),Bhupesh Bameta,DT-GILT,3,1378.5,0.97,Open Ended,11-Oct-99,Nifty All Duration G-Sec Index,79.76,82.44,77.75,0.15,-1.49,-0.18,-3.28,3.21,4.55,4.45,6.83,-,-,0,-,-,-,-,-,-,32.52,11.18,7.76,-0.09,-0.12,-0.21,1.21,3.78,Debt : Gilt,Nil
Aditya Birla SL Global Emerging Opp Fund(G),Dhaval Joshi,FOF-OVR,Unrated,284.2,1.16,Open Ended,17-Sep-08,S&P Global 1200,34.83,34.83,26.28,7.44,18.99,23.93,32.83,-2.14,22.37,12.34,12.16,-,-,0.2,1,-,-,-,-,-,-,-,-,1.15,0.27,0.54,0.38,-,FoFs : Overseas,0.25% on or before 28D Nil after 28D
Aditya Birla SL Global Excellence Equity FoF(G),Dhaval Joshi,FOF-OVR,Unrated,216.4,1.28,Open Ended,31-Dec-07,MSCI World,43.52,43.52,33.13,5.93,9.94,15.77,32.22,2.85,23.07,15.20,9.11,-,-,0.06,1,-,-,-,-,-,-,-,-,1.25,0.33,0.62,0.36,-,FoFs : Overseas,0.25% on or before 28D Nil after 28D
Aditya Birla SL Gold ETF,Sachin Wankhede,PM-ETF,Unrated,2807.7,0.37,Open Ended,13-May-11,Gold-India,136.71,153.41,84.47,3.33,-2.38,19.94,61.11,45.41,36.03,24.74,17.06,-,-,-,-,-,-,-,-,-,-,-,-,2.22,0.47,1.20,0.59,16.33,Metal : ETFs,Nil
Aditya Birla SL Gold Fund-Reg(G),Priya Sridhar,PM-MF,Unrated,1731.6,0.44,Open Ended,20-Mar-12,Gold-India,44.95,50.56,27.94,3.59,-2.95,20.01,60.58,44.59,35.05,24.25,16.96,-,-,-,-,-,-,-,-,-,-,-,-,2.15,0.44,1.15,0.62,16.74,Metal : MFs,1% on or before 15D Nil after 15D
Aditya Birla SL Income Fund(G),Bhupesh Bameta,DT-M&LD,5,1761.5,0.93,Open Ended,21-Oct-95,CRISIL Medium to Long Term Debt Index,126.71,127.53,124.48,0.18,-0.69,0.13,-0.01,4.92,5.30,5.02,6.59,-,-,0,-,-,-,-,-,-,15.66,6.65,7.63,-0.05,-0.12,-0.25,0.85,2.36,Debt : Medium to Long Duration,Nil
Aditya Birla SL Income Plus Arbitrage Active FOF-Reg(G),Kaustubh Gupta,FOF-DOM,Unrated,1074.9,0.36,Open Ended,28-Dec-06,CRISIL Short Term Bond Index,39.01,39.01,37.44,0.21,0.62,1.66,4.15,6.66,6.68,5.89,6.70,-,-,0,-,-,-,-,-,-,8.54,4.52,7.27,-0.01,0.06,0.09,1.13,1.19,FoFs : Domestic,NIL
Aditya Birla SL Infrastructure Fund(G),Jonas Bhutta,EQ-INFRA,4,1168.6,1.88,Open Ended,17-Mar-06,Nifty Infrastructure - TRI,101.84,103.99,86.40,-0.13,4.71,5.48,8.79,4.26,20.08,19.10,15.35,27.26,3.81,57,60,78260,45.38,18.02,31.86,Capital Goods,-,-,-,0.07,0.26,0.49,0.99,17.46,Equity : Sectoral - Infrastructure,1% on or before 30D Nil after 30D
Aditya Birla SL Intl. Equity Fund(G),Dhaval Joshi,EQ-INTL,Unrated,320.4,2.08,Open Ended,31-Oct-07,S&P Global 1200,52.73,53.02,39.87,3.15,9.98,14.56,32.91,25.49,21.18,12.07,12.91,-,-,167,72,-,-,-,-,-,-,-,-,1.04,0.31,0.67,0.39,13.24,Equity : International,1% on or before 30D Nil after 30D
Aditya Birla SL Large & Mid Cap Fund-Reg(G),Vishal Gajwani,EQ-L&M,4,5648.3,1.58,Open Ended,24-Feb-95,NIFTY LargeMidcap 250 - TRI,894.44,933.01,811.29,-0.66,-2.50,-3.06,0.85,4.06,12.42,9.09,11.69,28.02,4.09,56,72,104454,43.85,41.72,9.66,Financials,-,-,-,-0.27,0.17,0.31,1.00,14.63,Equity : Large & Mid Cap,1% on or before 90D Nil after 90D
Aditya Birla SL Large Cap Fund-Reg(G),Harish krishnan,EQ-LC,4,28969.9,1.35,Open Ended,30-Aug-02,NIFTY 100 - TRI,497.31,553.21,466.23,-1.87,-5.73,-9.49,-4.43,3.30,11.01,10.71,11.75,23.54,3.37,49,78,291622,81.34,8.63,7.49,Financials,-,-,-,0.02,0.15,0.27,0.98,12.63,Equity : Large Cap,1% on or before 90D Nil after 90D
Aditya Birla SL Liquid Fund(G),Kaustubh Gupta,DT-LIQ,3,56603.8,0.30,Open Ended,30-Mar-04,Nifty Liquid Fund Index,444.53,444.53,418.88,0.49,1.66,3.14,6.15,6.69,6.87,6.07,6.08,-,-,0,-,-,-,-,-,-,0.10,0.10,6.38,0.02,0.21,0.06,0.28,0.25,Debt : Liquid,0.007% for Day 1 0.0065% on Day 2 0.0060% on Day 3 0.0055% on Day 4 0.0050% on Day 5 0.0045% on Day 6 NIL after 7D
Aditya Birla SL Long Duration Fund-Reg(G),Harshil Suvarnkar,DT-LD,Unrated,121.3,0.85,Open Ended,08-Aug-22,NIFTY Long Duration Debt Index,12.74,13.00,12.53,0.13,-1.29,-0.59,-1.92,4.55,5.31,-,-,-,-,0,-,-,-,-,-,-,21.96,8.60,7.73,-0.03,-0.07,-0.15,1.20,3.45,Debt : Long Duration,Nil
Aditya Birla SL Low Duration Fund(G),Kaustubh Gupta,DT-LOWD,3,13267.3,1.04,Open Ended,14-May-98,NIFTY Low Duration Debt Index,687.01,687.01,654.80,0.14,0.83,1.84,4.96,6.31,6.44,5.73,6.43,-,-,0,-,-,-,-,-,-,1.03,0.88,7.21,0.01,-0.01,-0.01,0.81,0.60,Debt : Low Duration,Nil
Aditya Birla SL Medium Term Plan-Reg(G),Sunaina da Cunha,DT-MD,2,3097.8,1.33,Open Ended,25-Mar-09,CRISIL Medium Duration Debt Index,42.68,42.68,39.82,0.38,0.67,3.67,7.09,10.83,9.33,11.71,8.45,-,-,0,1,-,-,-,-,-,3.81,2.84,8.41,0.24,0.39,0.77,0.39,2.03,Debt : Medium Duration,1% on or before 1Y NIL after 1Y
Aditya Birla SL Mfg. Equity Fund-Reg(G),Dhaval Joshi,EQ-CONS,4,1157.6,1.88,Open Ended,03-Feb-15,BSE India Manufacturing Index - TRI,36.34,36.89,30.92,2.27,6.55,7.79,15.19,10.83,21.52,14.34,13.91,36.13,4.14,20,65,55384,41.67,26.8,27.65,Automobile and Ancillaries,-,-,-,0.91,0.29,0.58,1.04,15.78,Equity : Thematic - Consumption,1% on or before 90D Nil after 90D
Aditya Birla SL Midcap Fund(G),Vishal Gajwani,EQ-MID,2,6290.4,1.56,Open Ended,03-Oct-02,Nifty Midcap 150 - TRI,801.85,826.00,696.79,0.55,2.18,-0.50,4.64,7.64,18.17,16.11,13.87,33.11,4.61,80,78,43617,9.67,63,23.68,Financials,-,-,-,-0.17,0.25,0.48,0.95,16.31,Equity : Mid Cap,1% on or before 90D Nil after 90D
Aditya Birla SL MNC Fund-Reg(G),Chanchal Khandelwal,EQ-MNC,Unrated,3352.9,1.66,Open Ended,27-Dec-99,NIFTY MNC - TRI,1256.53,1408.13,1143.34,-0.76,-2.58,-6.92,-5.60,-0.88,9.98,6.46,8.22,37.86,6.08,24,72,36673,24.3,31.02,41.19,FMCG,-,-,-,-0.36,0.12,0.23,0.91,15.17,Equity : Thematic - MNC,1% on or before 90D Nil after 90D
Aditya Birla SL Money Manager Fund(G),Kaustubh Gupta,DT-MM,5,30074.1,0.32,Open Ended,13-Oct-05,CRISIL Money Market Index,390.18,390.18,368.88,0.23,1.22,2.53,5.84,6.94,7.12,6.34,6.68,-,-,0,-,-,-,-,-,-,0.75,0.75,7.30,0.06,0.36,0.20,0.66,0.50,Debt : Money Market,Nil
Aditya Birla SL MSCI India ETF,Priya Sridhar,EQ-ETF,Unrated,10.1,0.16,Open Ended,17-Feb-26,MSCI India,28.60,30.38,26.51,-1.50,-4.62,-,-,-,-,-,-,21.26,3.29,-,168,286509,81.8,17.53,-,Financials,-,-,-,-,-,-,-,-,Equity : ETFs,null
Aditya Birla SL Multi - Asset Passive FoF-Reg(G),Vinod Narayan Bhat,FOF-DOM,Unrated,29.9,0.52,Open Ended,17-Oct-22,NIFTY 500 - TRI,16.83,18.64,15.37,0.27,-3.18,-0.53,8.95,9.06,16.76,-,-,-,-,-,-,-,-,-,-,-,-,-,-,0.44,0.32,0.59,0.64,10.14,FoFs : Domestic,0.50% on or before 15D Nil after 15D
Aditya Birla SL Multi Asset Allocation Fund-Reg(G),Dhaval Gala,HY-MULTI,Unrated,6530.4,1.51,Open Ended,31-Jan-23,BSE 200,16.52,17.30,14.51,0.61,-1.89,2.38,13.57,13.08,15.90,-,-,23.38,3.43,61,68,190706,42.45,17.34,6.07,Financials,2.14,1.75,6.98,0.50,0.32,0.61,0.64,9.28,Hybrid : Multi Asset Allocation,Nil upto 30% of units on or before 1Y 1% after 30% of units on or before 1YNil after 1Y
Aditya Birla SL Multi-Asset Omni FOF-Reg(G),Vinod Narayan Bhat,FOF-DOM,Unrated,390.4,1.08,Open Ended,17-Aug-06,NIFTY 500 - TRI,72.98,80.08,65.81,0.38,-2.17,0.91,11.02,11.68,17.06,12.79,12.84,-,-,-,-,-,-,-,-,-,-,-,-,0.50,0.35,0.68,0.61,9.57,FoFs : Domestic,1% on or before 365D Nil after 365D
Aditya Birla SL Multi-Cap Fund-Reg(G),Abhinav Khandelwal,EQ-MLC,Unrated,6640.6,1.55,Open Ended,07-May-21,Nifty500 Multicap 50:25:25 - TRI,19.74,20.24,17.43,0.98,0.87,-2.39,3.04,5.71,14.63,13.32,-,26.70,3.55,59,82,72242,40.7,22.67,30.15,Financials,-,-,-,-0.09,0.20,0.36,0.97,14.71,Equity : Multi Cap,1% on or before 90D Nil after 90D
Aditya Birla SL Nifty 200 Momentum 30 ETF,Priya Sridhar,EQ-ETF,Unrated,44.6,0.25,Open Ended,12-Aug-22,Nifty200 Momentum 30 - TRI,30.36,32.62,27.37,-0.45,-4.24,-6.68,-1.77,-6.07,13.75,-,-,26.08,3.75,-,30,179312,73.25,26.73,-,Financials,-,-,-,-0.03,0.16,0.28,1.00,18.99,Equity : ETFs,null
Aditya Birla SL Nifty 200 Quality 30 ETF,Priya Sridhar,EQ-ETF,Unrated,27.1,0.25,Open Ended,12-Aug-22,NIFTY200 Quality 30 - TRI,21.13,22.53,18.98,-0.72,-0.52,-5.98,-1.34,3.31,11.02,-,-,29.37,8.62,-,30,178858,73.52,23.85,2.55,FMCG,-,-,-,-0.02,0.15,0.27,1.00,13.90,Equity : ETFs,null
Aditya Birla SL Nifty 50 Equal Weight Index Fund-Reg(G),Priya Sridhar,EQ-INDX,Unrated,466.6,0.90,Open Ended,08-Jun-21,NIFTY50 Equal Weight - TRI,18.09,18.94,16.57,-0.36,-2.96,-3.40,3.87,6.36,14.20,-,-,19.21,3.34,40,50,302634,97.98,1.91,-,Financials,-,-,-,-0.09,0.22,0.39,1.00,12.60,Equity : Index Funds,Nil
Aditya Birla SL Nifty 50 ETF,Priya Sridhar,EQ-ETF,Unrated,3102.3,0.04,Open Ended,21-Jul-11,NIFTY 50 - TRI,27.39,30.62,26.00,-2.41,-6.96,-10.37,-4.51,3.16,9.35,9.78,12.40,19.99,3.02,22,50,532360,99.32,0.67,-,Financials,-,-,-,-,0.11,0.20,1.00,12.16,Equity : ETFs,Nil
Aditya Birla SL Nifty 50 Index Fund-Reg(G),Priya Sridhar,EQ-INDX,3,1406.5,0.45,Open Ended,18-Sep-02,NIFTY 50 - TRI,238.16,266.78,226.32,-2.45,-7.09,-10.60,-4.97,2.68,8.83,9.18,11.54,19.99,3.02,8,50,532360,99.29,0.67,-,Financials,-,-,-,-0.04,0.10,0.19,1.00,12.15,Equity : Index Funds,Nil
Aditya Birla SL Nifty Bank ETF,Priya Sridhar,EQ-ETF,Unrated,2493.4,0.12,Open Ended,23-Oct-19,NIFTY BANK - TRI,54.91,62.85,51.32,-2.07,-11.27,-10.06,-3.18,5.19,7.48,9.35,-,14.17,1.65,26,14,330019,76.16,23.83,-,Financials,-,-,-,-0.01,0.05,0.08,1.00,14.75,Equity : ETFs,null
Aditya Birla SL Nifty Healthcare ETF,Priya Sridhar,EQ-ETF,Unrated,74.5,0.16,Open Ended,21-Oct-21,Nifty Healthcare Index - TRI,15.60,16.34,14.14,2.33,2.63,2.68,10.37,13.84,22.76,-,-,38.98,4.90,37,20,123100,54.8,43.31,1.88,Healthcare,-,-,-,-,0.35,0.81,1.00,14.77,Equity : ETFs,null
Aditya Birla SL Nifty India Defence Index Fund-Reg(G),Priya Sridhar,EQ-INDX,Unrated,1132.9,0.89,Open Ended,30-Aug-24,Nifty India Defence - TRI,12.70,13.31,10.21,-0.63,9.54,10.90,1.96,-,-,-,-,55.78,10.11,-,19,96106,48.51,28.83,22.6,Capital Goods,-,-,-,-0.12,0.15,0.36,1.00,-,Equity : Index Funds,0.05% on or before 30D Nil after 30D
Aditya Birla SL Nifty IT ETF,Priya Sridhar,EQ-ETF,Unrated,43.9,0.16,Open Ended,29-Oct-21,NIFTY IT - TRI,33.95,42.49,29.76,2.06,-1.57,-19.15,-17.64,0.23,4.19,-,-,20.21,4.84,56,10,284006,82.25,17.51,-,Technology,-,-,-,-,0.02,0.03,1.00,22.70,Equity : ETFs,null
Aditya Birla SL Nifty Midcap 150 Index Fund-Reg(G),Priya Sridhar,EQ-INDX,Unrated,445.4,0.82,Open Ended,05-Apr-21,Nifty Midcap 150 - TRI,24.41,25.04,21.28,1.17,1.74,-0.70,5.02,6.99,20.29,17.53,-,28.44,3.87,-,150,68103,11.57,84.76,3.54,Financials,-,-,-,-0.07,0.28,0.53,1.00,16.63,Equity : Index Funds,0.25% on or before 15D Nil after 15D
Aditya Birla SL Nifty Next 50 ETF,Priya Sridhar,EQ-ETF,Unrated,101.7,0.08,Open Ended,18-Dec-18,NIFTY NEXT 50 - TRI,73.62,75.55,63.32,0.43,0.55,1.37,5.67,2.68,19.14,13.63,-,19.51,3.34,32,54,98920,84.47,12.16,-,Financials,-,-,-,-,0.24,0.44,1.00,17.91,Equity : ETFs,null
Aditya Birla SL Nifty Next 50 Index Fund-Reg(G),Priya Sridhar,EQ-INDX,Unrated,239.0,0.76,Open Ended,18-Feb-22,NIFTY NEXT 50 - TRI,16.96,17.41,14.60,0.36,0.45,1.05,4.89,1.69,17.94,-,-,19.51,3.34,-,54,98920,84.45,12.16,-,Financials,-,-,-,-0.09,0.22,0.41,1.00,17.92,Equity : Index Funds,Nil
Aditya Birla SL Nifty PSE ETF,Priya Sridhar,EQ-ETF,Unrated,22.9,0.17,Open Ended,17-May-24,NIFTY PSE,10.45,11.17,9.43,-4.51,-2.75,4.71,4.77,-0.22,-,-,-,11.28,1.95,-,20,212010,79.58,20.4,-,Energy,-,-,-,0.16,-0.03,-0.05,0.99,-,Equity : ETFs,null
Aditya Birla SL Nifty SDL Apr 2027 Index Fund-Reg(G),Bhupesh Bameta,DT-M&LD,Unrated,3289.1,0.43,Open Ended,28-Jan-22,Nifty SDL Apr 2027 Index,12.94,12.94,12.30,0.32,1.22,2.54,5.35,7.07,6.84,-,-,-,-,0,-,-,-,-,-,-,0.64,0.60,5.86,0.04,0.15,0.15,0.24,0.78,Debt : Medium to Long Duration,Nil
Aditya Birla SL Nifty SDL Plus PSU Bond Sep 2026 60:40 Index Fund-Reg(G),Mohit Sharma,DT-M&LD,Unrated,7783.1,0.30,Open Ended,24-Sep-21,Nifty SDL Plus PSU Bond Sep 2026 60:40 Index,13.02,13.02,12.31,0.43,1.47,2.76,5.79,7.14,6.93,-,-,-,-,0,-,-,-,-,-,-,0.27,0.26,6.08,0.04,0.21,0.16,0.18,0.61,Debt : Medium to Long Duration,Nil
Aditya Birla SL Nifty SDL Sep 2027 Index Fund-Reg(G),Harshil Suvarnkar,DT-MD,Unrated,40.3,0.41,Open Ended,10-Mar-23,Nifty SDL Sep 2027 Index,12.62,12.62,12.04,0.20,0.80,2.21,4.86,7.22,6.96,-,-,-,-,0,-,-,-,-,-,-,1.26,1.18,6.41,0.06,0.16,0.21,0.34,1.02,Debt : Medium Duration,Nil
Aditya Birla SL Nifty Smallcap 50 Index Fund-Reg(G),Priya Sridhar,EQ-INDX,Unrated,312.2,0.88,Open Ended,05-Apr-21,Nifty Smallcap 50 - TRI,21.07,22.01,17.56,1.03,6.73,1.26,3.27,6.76,22.63,13.12,-,29.77,2.89,-,50,25634,-,15.62,84.4,Financials,-,-,-,-0.12,0.26,0.52,0.99,21.30,Equity : Index Funds,0.25% on or before 15D Nil after 15D
Aditya Birla SL Overnight Fund-Reg(G),Kaustubh Gupta,DT-ON,4,6107.6,0.17,Open Ended,01-Nov-18,CRISIL Liquid Overnight Index,1456.81,1456.81,1384.66,0.42,1.26,2.52,5.23,5.81,6.10,5.48,-,-,-,0,-,-,-,-,-,-,0.01,0.01,5.28,0.01,-0.82,-0.21,0.99,0.19,Debt : Overnight,Nil
Aditya Birla SL Pharma & Healthcare Fund-Reg(G),Dhaval Shah,EQ-PHRM,Unrated,900.9,1.96,Open Ended,10-Jul-19,BSE Health Care - TRI,32.75,33.78,29.27,3.83,5.12,5.53,9.88,11.77,22.77,12.29,-,38.24,5.39,25,38,54849,31.76,32.81,34.04,Healthcare,-,-,-,1.24,0.36,0.83,0.58,14.34,Equity : Sectoral - Pharma,1% on or before 30D Nil after 30D
Aditya Birla SL PSU Equity Fund-Reg(G),Dhaval Gala,EQ-THEM,Unrated,6044.0,1.57,Open Ended,30-Dec-19,BSE PSU - TRI,35.75,38.08,30.98,-3.22,-5.42,4.16,8.49,1.44,26.14,22.93,-,11.27,1.77,38,33,199004,67.48,23.55,7.28,Energy,-,-,-,1.22,0.29,0.64,1.23,20.82,Equity : Thematic,1% on or before 30D Nil after 30D
Aditya Birla SL Quant Fund-Reg(G),Harish krishnan,EQ-THEM,Unrated,2027.1,1.76,Open Ended,28-Jun-24,NIFTY 200 - TRI,9.80,10.43,8.90,0.93,-4.77,-2.10,7.23,-,-,-,-,20.04,3.20,-,47,113791,60.01,35.97,2.14,Financials,-,-,-,-0.07,-0.09,-0.13,1.06,-,Equity : Thematic,0.50% on or before 90D Nil after 90D
Aditya Birla SL Regular Savings Fund(G),Mohit Sharma,HY-CON,3,1479.3,1.54,Open Ended,22-May-04,CRISIL Hybrid 85+15 - Conservative Index,68.67,69.21,66.28,0.12,-0.57,-0.01,3.40,6.83,8.06,7.83,8.32,25.93,3.33,118,41,232433,15.4,2.42,2.71,Financials,4.99,3.34,7.99,0.07,0.17,0.36,1.00,3.32,Hybrid : Conservative Hybrid,1% on or before 90D Nil after 90D
Aditya Birla SL Retirement Fund-30-Reg(G),Jonas Bhutta,EQ-FLEX,3,433.3,2.10,Open Ended,11-Mar-19,NIFTY 500 - TRI,21.22,21.39,18.16,1.92,4.04,2.02,8.38,9.66,16.52,10.97,-,-,-,53,74,71836,39.14,26.23,32.12,Financials,-,-,-,0.15,0.22,0.42,1.01,14.41,Equity : Flexi Cap,Nil
Aditya Birla SL Retirement Fund-40-Reg(G),Harshil Suvarnkar,HY-AGR,Unrated,112.9,2.09,Open Ended,11-Mar-19,CRISIL Hybrid 35+65 - Aggressive Index,18.60,19.57,17.48,-0.81,-2.64,-3.75,0.07,5.69,12.05,8.26,-,-,-,15,56,148688,50.53,12.93,12.73,Financials,7.85,3.88,6.30,0.09,0.19,0.36,1.11,10.40,Hybrid : Aggressive Hybrid,Nil
Aditya Birla SL Retirement Fund-50 Plus-Debt Plan-Reg(G),Harshil Suvarnkar,DT-SD,Unrated,14.1,1.81,Open Ended,11-Mar-19,CRISIL Short Term Bond Index,13.44,13.46,13.16,0.24,-0.05,0.73,1.87,4.46,4.56,3.86,-,-,-,5,-,-,-,-,-,-,6.02,3.09,6.30,-0.18,-0.45,-0.87,1.16,1.15,Debt : Short Duration,Nil
Aditya Birla SL Retirement Fund-50-Reg(G),Harshil Suvarnkar,HY-CON,Unrated,26.4,1.68,Open Ended,11-Mar-19,CRISIL Short Term Debt Hybrid 75+25 Index,14.84,14.99,14.40,0.27,-0.79,0.00,2.87,5.47,7.43,5.55,-,-,-,22,39,159760,15.73,3.71,4.58,Financials,3.18,2.39,6.15,-0.08,0.11,0.21,0.98,3.72,Hybrid : Conservative Hybrid,Nil
Aditya Birla SL Savings Fund-Reg(G),Kaustubh Gupta,DT-USD,5,19985.4,0.50,Open Ended,16-Apr-03,NIFTY Ultra Short Duration Debt Index,578.45,578.45,546.03,0.26,1.26,2.56,6.00,7.01,7.14,6.31,6.87,-,-,0,-,-,-,-,-,-,0.59,0.49,7.37,0.06,0.41,0.20,0.58,0.44,Debt : Ultra Short Duration,Nil
Aditya Birla SL Short Term Fund(G),Kaustubh Gupta,DT-SD,4,7291.1,0.81,Open Ended,09-May-03,Nifty Short Duration Debt Index,49.55,49.60,47.59,0.04,0.28,1.14,3.97,6.70,6.69,6.01,7.00,-,-,0,-,-,-,-,-,-,3.10,2.40,7.49,0.03,0.07,0.11,0.39,1.15,Debt : Short Duration,Nil
Aditya Birla SL Silver ETF,Sachin Wankhede,PM-ETF,Unrated,2967.8,0.30,Open Ended,31-Jan-22,Silver,262.53,374.63,101.05,9.69,-1.07,49.19,165.34,67.18,52.14,-,-,-,-,23,-,-,-,-,-,-,-,-,-,3.72,0.34,0.97,-0.07,37.51,Metal : ETFs,null
Aditya Birla SL Silver ETF FOF-Reg(G),Priya Sridhar,FOF-DOM,Unrated,1263.9,0.56,Open Ended,03-Feb-22,Silver,40.07,56.26,15.66,9.76,-1.28,49.36,160.74,65.01,50.85,-,-,-,-,16,-,-,-,-,-,-,-,-,-,3.59,0.34,0.96,-2.46,37.08,FoFs : Domestic,0.50% on or before 30D Nil after 30D
Aditya Birla SL Small Cap Fund(G),Abhinav Khandelwal,EQ-SML,1,5253.5,1.59,Open Ended,31-May-07,BSE 250 Small Cap - TRI,90.93,92.14,75.86,1.93,7.77,4.93,7.85,7.33,16.84,13.64,13.30,30.12,3.29,43,88,18871,2.17,14.58,76.7,Financials,-,-,-,0.64,0.20,0.38,1.12,18.66,Equity : Small Cap,1% on or before 90D Nil after 90D
Aditya Birla SL Special Opp Fund-Reg(G),Dhaval Gala,EQ-THEM,Unrated,1030.2,1.91,Open Ended,23-Oct-20,BSE 500 - TRI,26.67,27.03,23.37,1.77,2.28,-0.41,11.54,12.02,19.89,14.75,-,27.55,3.39,31,71,70528,44.97,17.19,31.01,Financials,-,-,-,0.77,0.30,0.58,1.05,13.71,Equity : Thematic,1% on or before 30D Nil after 30D
Aditya Birla SL Transportation and Logistics Fund-Reg(G),Dhaval Shah,EQ-AUTO,Unrated,1454.8,1.82,Open Ended,17-Nov-23,Nifty Transportation & Logistics - TRI,14.74,15.68,12.99,1.75,-3.45,-5.82,8.98,4.95,-,-,-,36.49,5.44,18,31,90088,63.59,8.87,26.61,Automobile and Ancillaries,-,-,-,-0.06,0.17,0.28,0.97,-,Equity : Sectoral - Auto,1% on or before 365D Nil after 365D
Aditya Birla SL US Equity Passive FOF-Reg(G),Dhaval Joshi,FOF-OVR,Unrated,494.1,0.58,Open Ended,01-Nov-21,Nasdaq-100 - TRI,23.35,23.35,15.01,11.74,27.09,27.18,58.14,33.54,34.02,-,-,-,-,-,-,-,-,-,-,-,-,-,-,2.11,0.43,0.89,0.45,18.39,FoFs : Overseas,Nil
Aditya Birla SL US Treasury 1-3 Year Bonds ETFs Passive FOF-Reg(G),Vighnesh Gupta,DT-ETF,Unrated,83.4,0.14,Open Ended,31-Oct-23,Bloomberg US Treasury 1-3 Year Index,12.74,12.96,11.10,0.11,4.09,7.06,14.72,11.92,-,-,-,-,-,0,-,-,-,-,-,-,1.97,1.87,3.56,0.31,0.32,0.76,-0.47,-,Debt : ETFs,0.25% on or before 30D Nil after 30D
Aditya Birla SL US Treasury 3-10 Year Bond ETFs Passive FOF-Reg(G),Vighnesh Gupta,DT-ETF,Unrated,146.3,0.14,Open Ended,31-Oct-23,Bloomberg US Treasury 3-10 Year Index,12.95,13.15,11.28,-0.32,2.18,5.53,14.53,12.17,-,-,-,-,-,0,-,-,-,-,-,-,5.79,5.04,3.90,0.33,0.25,0.56,-0.13,-,Debt : ETFs,0.25% on or before 30D Nil after 30D
Aditya Birla SL Value Fund-Reg(G),Kunal Sangoi,EQ-VAL,3,6387.8,1.56,Open Ended,27-Mar-08,NIFTY 500 - TRI,131.51,133.03,113.93,1.48,3.21,1.47,6.00,7.38,18.17,14.64,12.82,23.67,3.06,91,71,85418,51.51,13.1,29.73,Financials,-,-,-,0.32,0.25,0.46,1.09,15.90,Equity : Value / Contra,1% on or before 90D Nil after 90D
Altiva Equity Ex-Top 100 Long-Short Fund-Reg(G),Nikhil Gada,HY-LS,Unrated,-,-,Open Ended,-,NIFTY 500 - TRI,-,-,-,-,-,-,-,-,-,-,-,-,-,-,-,-,-,-,-,-,-,-,-,-,-,-,-,-,Hybrid : Long - Short,0.50% on or before 90D Nil after 90D
Altiva Hybrid Long-Short Fund-Reg(G),Bhavesh Jain,HY-LS,Unrated,3761.2,2.51,Open Ended,20-Oct-25,NIFTY 50 Hybrid Composite Debt 50:50 Index,10.60,10.62,10.00,-,-,-,-,-,-,-,-,19.05,2.98,0,73,111302,18.27,11.48,4.61,Financials,2.16,1.89,8.24,-,-,-,-,-,Hybrid : Long - Short,0.50% on or before 90D Nil after 90D
Angel One Gold ETF,Mehul Dama,PM-ETF,Unrated,83.4,0.35,Open Ended,05-Sep-25,Gold-India,14.41,16.27,10.00,3.30,-2.35,19.77,-,-,-,-,-,-,-,-,-,-,-,-,-,-,-,-,-,-,-,-,-,-,Metal : ETFs,null
Angel One Gold ETF FOF-Reg(G),Mehul Dama,FOF-DOM,Unrated,31.8,0.71,Open Ended,10-Sep-25,Gold-India,14.11,16.18,9.98,3.10,-2.87,19.33,-,-,-,-,-,-,-,-,-,-,-,-,-,-,-,-,-,-,-,-,-,-,FoFs : Domestic,NIL
Angel One Nifty 1D Rate Liquid ETF(G),Mehul Dama,DT-ETF,Unrated,277.7,0.38,Open Ended,25-Mar-25,Nifty 1D Rate Index,1062.00,1062.00,1010.89,0.43,1.24,2.43,5.07,-,-,-,-,-,-,0,-,-,-,-,-,-,-,-,5.25,-0.05,-4.39,-0.62,0.68,-,Debt : ETFs,null
Angel One Nifty 50 ETF,Mehul Dama,EQ-ETF,Unrated,21.8,0.09,Open Ended,22-May-25,NIFTY 50 - TRI,9.65,10.79,9.16,-2.41,-6.95,-10.41,-4.57,-,-,-,-,19.99,3.02,-,50,532368,99.22,0.67,-,Financials,-,-,-,0.02,-0.20,-0.27,1.00,-,Equity : ETFs,null
Angel One Nifty 50 Index Fund-Reg(G),Mehul Dama,EQ-INDX,Unrated,31.9,0.70,Open Ended,22-May-25,NIFTY 50 - TRI,9.58,10.74,9.10,-2.45,-7.12,-10.74,-5.25,-,-,-,-,19.99,3.02,-,50,532378,99.16,0.67,-,Financials,-,-,-,-0.04,-0.21,-0.29,1.00,-,Equity : Index Funds,NIL
Angel One Nifty Total Market ETF,Mehul Dama,EQ-ETF,Unrated,42.0,0.28,Open Ended,28-Feb-25,Nifty Total Market - TRI,11.44,12.17,10.37,-0.88,-2.59,-5.78,-0.90,-,-,-,-,22.09,3.18,0.17,755,178104,66.66,19.01,13.79,Financials,-,-,-,-0.02,0.10,0.17,1.00,-,Equity : ETFs,null
Angel One Nifty Total Market Index Fund-Reg(G),Mehul Dama,EQ-INDX,Unrated,58.0,1.03,Open Ended,28-Feb-25,Nifty Total Market - TRI,11.32,12.08,10.28,-0.93,-2.78,-6.13,-1.69,-,-,-,-,22.09,3.18,0.08,755,178443,66.61,19.01,13.71,Financials,-,-,-,-0.09,0.09,0.15,1.00,-,Equity : Index Funds,Nil
Angel One Nifty Total Market Momentum Quality 50 ETF,Mehul Dama,EQ-ETF,Unrated,7.0,0.55,Open Ended,21-Nov-25,Nifty Total Market Momentum Quality 50 - TRI,10.14,10.50,8.73,2.06,3.89,1.52,-,-,-,-,-,30.64,6.69,-,50,118938,67.13,23.33,9.29,Financials,-,-,-,-,-,-,-,-,Equity : ETFs,null
Angel One Nifty Total Market Momentum Quality 50 Index Fund-Reg(G),Mehul Dama,EQ-INDX,Unrated,33.6,1.04,Open Ended,21-Nov-25,Nifty Total Market Momentum Quality 50 - TRI,10.10,10.46,8.70,2.01,3.70,1.13,-,-,-,-,-,30.64,6.69,-,50,118942,67.19,23.37,9.29,Financials,-,-,-,-,-,-,-,-,Equity : Index Funds,NIL
Angel One Silver ETF,Mehul Dama,PM-ETF,Unrated,25.6,0.53,Open Ended,24-Feb-26,Silver,9.96,10.92,7.99,9.50,-0.45,-,-,-,-,-,-,-,-,-,-,-,-,-,-,-,-,-,-,-,-,-,-,-,Metal : ETFs,null
Angel One Silver ETF FOF-Reg(G),Mehul Dama,FOF-DOM,Unrated,10.0,0.68,Open Ended,02-Mar-26,Silver,9.09,10.00,7.26,9.92,-,-,-,-,-,-,-,-,-,-,-,-,-,-,-,-,-,-,-,-,-,-,-,-,FoFs : Domestic,NIL
Apex Hybrid Long-Short Fund-Reg(G),Lovelish Solanki,HY-LS,Unrated,71.4,-,Open Ended,25-Mar-26,NIFTY 50 Hybrid Composite Debt 50:50 Index,10.08,10.13,10.00,-,-,-,-,-,-,-,-,21.35,2.84,-,39,291556,35.42,6.45,0.95,Financials,-,-,-,-,-,-,-,-,Hybrid : Long - Short,0.50% on or before 90D Nil after 90D
Arthaya Equity Long Short Fund-Reg(G),Rajesh Aynor,HY-LS,Unrated,-,-,Open Ended,25-May-26,NIFTY 200 - TRI,10.00,10.01,9.99,-,-,-,-,-,-,-,-,-,-,-,-,-,-,-,-,-,-,-,-,-,-,-,-,-,Hybrid : Long - Short,1% on or before 1Y Nil after 1Y
Arudha Equity Long-Short Fund-Reg(G),Nilesh Saha,HY-LS,Unrated,68.1,2.10,Open Ended,24-Mar-26,NIFTY 500 - TRI,10.00,10.30,9.82,-,-,-,-,-,-,-,-,22.39,3.42,0,35,186205,46.31,11.06,8.59,Financials,0.57,0.37,5.60,-,-,-,-,-,Hybrid : Long - Short,0.50% on or before 30D Nil after 30D
Arudha Hybrid Long-Short Fund-Reg(G),Kapil Kankonkar,HY-LS,Unrated,113.7,0.63,Open Ended,28-Jan-26,CRISIL Hybrid 85+15 - Conservative Index,10.15,10.15,10.00,-,-,-,-,-,-,-,-,17.88,2.26,0,45,254488,29.17,3.85,2.65,Financials,4.13,2.86,7.18,-,-,-,-,-,Hybrid : Long - Short,NIL
Axis Aggressive Hybrid Fund-Reg(G),Jayesh Sundar,HY-AGR,3,1451.5,2.27,Open Ended,09-Aug-18,CRISIL Hybrid 35+65 - Aggressive Index,19.90,21.17,18.95,-1.59,-3.83,-5.89,-2.36,4.93,9.03,7.65,-,24.24,3.43,0,85,261270,54.63,7.52,8.96,Financials,3.03,2.19,8.13,-0.13,0.11,0.22,1.08,9.80,Hybrid : Aggressive Hybrid,Nil for 10% of investments and 1% for remaining investments on or before 12M Nil after 12M
Axis Arbitrage Fund-Reg(G),Devang Shah,HY-ARB,3,9717.8,2.51,Open Ended,14-Aug-14,Nifty 50 Arbitrage,19.63,19.65,18.60,0.31,1.21,2.75,5.70,6.26,6.70,5.88,5.66,21.89,2.93,0,150,236621,49.81,14.67,3.36,Financials,0.66,0.64,7.02,-0.03,0.06,0.04,0.49,0.46,Hybrid : Arbitrage,0.25% on or before 15D Nil after 15D
Axis Balanced Advantage Fund-Reg(G),Jayesh Sundar,HY-DYN,2,3764.0,1.93,Open Ended,01-Aug-17,NIFTY 50 Hybrid Composite Debt 50:50 Index,20.84,21.80,20.03,-1.14,-2.94,-4.15,-0.34,5.81,11.60,9.77,-,23.55,3.35,0,105,323231,59.92,7.15,4.05,Financials,2.64,2.10,7.15,0.26,0.22,0.45,0.63,7.88,Hybrid : Dynamic Asset Allocation,Nil for 10% of investments and 1% for remaining investments on or before 12M Nil after 12M
Axis Banking & PSU Debt Fund-Reg(G),Aditya Pagaria,DT-B&PSU,3,12530.7,0.65,Open Ended,08-Jun-12,NIFTY Banking and PSU Debt Index,2741.10,2744.00,2638.09,0.13,0.36,1.20,3.77,6.55,6.46,5.69,6.91,-,-,0,-,-,-,-,-,-,2.60,2.06,7.33,-,-,-0.01,0.35,1.13,Debt : Banking & PSU,Nil
Axis BSE India Sector Leaders Index Fund-Reg(G),Nandik Mallik,EQ-INDX,Unrated,34.3,1.06,Open Ended,11-Feb-26,BSE India Sector Leaders Index - TRI,9.28,10.00,8.59,-2.40,-4.21,-,-,-,-,-,-,24.67,3.39,-,61,276656,79.9,11.24,8.69,Financials,-,-,-,-,-,-,-,-,Equity : Index Funds,0.25% on or before 15D Nil after 15D
Axis BSE Sensex ETF,Nandik Mallik,EQ-ETF,Unrated,127.0,0.04,Open Ended,24-Mar-23,BSE SENSEX - TRI,77.09,88.32,74.16,-3.28,-8.45,-13.05,-7.87,1.47,7.14,-,-,21.37,3.11,-,30,648950,99.96,-,-,Financials,-,-,-,-0.18,0.06,0.11,1.00,12.20,Equity : ETFs,null
Axis BSE Sensex Index Fund-Reg(G),Nandik Mallik,EQ-INDX,Unrated,52.2,0.71,Open Ended,27-Feb-24,BSE SENSEX - TRI,10.32,11.85,9.94,-3.34,-8.47,-13.24,-8.34,0.87,-,-,-,21.37,3.11,-,30,648949,99.5,-,-,Financials,-,-,-,-0.19,-0.07,-0.11,1.00,-,Equity : Index Funds,0.25% on or before 7D Nil after 7D
Axis Business Cycles Fund-Reg(G),Ashish Naik,EQ-THEM,Unrated,2065.1,3.16,Open Ended,22-Feb-23,NIFTY 500 - TRI,16.03,16.89,14.49,-0.99,-2.50,-4.30,-0.99,3.57,13.46,-,-,30.70,3.44,104,76,129419,52.47,23.24,20.27,Financials,-,-,-,0.03,0.19,0.34,1.00,13.98,Equity : Thematic,Nil for 10% of investment and 1% for remaining investment on or before 12M Nil after 12M
Axis Childrens Fund-Compulsory Lock in-Reg(G),Jayesh Sundar,HY-AGR,4,881.9,2.55,Open Ended,08-Dec-15,NIFTY 50 Hybrid Composite Debt 65:35 Index,25.24,26.80,23.95,-1.47,-3.89,-5.72,-2.66,4.97,8.11,7.04,9.31,-,-,0,89,243365,53.16,8.02,9.09,Financials,5.35,4.09,7.50,-0.05,0.09,0.17,0.75,9.69,Hybrid : Aggressive Hybrid,NIL
Axis Childrens Fund-No Lock in-Reg(G),Jayesh Sundar,HY-AGR,3,881.9,2.55,Open Ended,08-Dec-15,NIFTY 50 Hybrid Composite Debt 65:35 Index,25.23,26.80,23.95,-1.47,-3.89,-5.72,-2.66,4.97,8.11,7.04,9.31,-,-,0,89,243365,53.16,8.02,9.09,Financials,5.35,4.09,7.50,-0.05,0.09,0.17,0.75,9.69,Hybrid : Aggressive Hybrid,3% on or before 1Y 2% after 1Y but on or before 2Y 1% after 2Y but on or before 3Y Nil after 3Y
Axis Conservative Hybrid Fund-Reg(G),Devang Shah,HY-CON,3,217.8,2.15,Open Ended,16-Jul-10,NIFTY 50 Hybrid Composite Debt 15:85 Index,29.95,30.66,29.51,-0.40,-1.98,-2.12,-0.51,4.69,5.73,5.42,6.34,20.97,3.07,0,34,449703,19.16,0.71,-,Financials,6.30,4.38,7.46,-0.02,-0.03,-0.05,0.95,3.48,Hybrid : Conservative Hybrid,Nil upto 10% of investments and 1% for remaining investments on or before 1M Nil after 1M
Axis Consumption Fund-Reg(G),Hitesh Das,EQ-CONS,Unrated,2869.5,1.94,Open Ended,12-Sep-24,Nifty India Consumption - TRI,8.70,9.97,8.09,-2.59,-5.47,-11.38,-5.57,-,-,-,-,44.58,7.56,32,60,191038,79.1,12.4,7.75,FMCG,-,-,-,-0.29,-0.25,-0.36,0.93,-,Equity : Thematic - Consumption,NIL for 10% of investment and 1% for remaining investment on or before 90D Nil after 90D
Axis Corp Bond Fund-Reg(G),Devang Shah,DT-CORP,4,8888.2,0.97,Open Ended,13-Jul-17,NIFTY Corporate Bond Index,17.79,17.81,17.11,0.15,0.34,1.18,3.71,6.88,6.81,5.94,-,-,-,0,-,-,-,-,-,-,3.33,2.42,7.51,0.03,0.07,0.13,0.44,1.32,Debt : Corporate Bond,Nil
Axis Credit Risk Fund-Reg(G),Devang Shah,DT-CR,4,355.2,1.57,Open Ended,15-Jul-14,CRISIL Credit Risk Debt Index,22.75,22.75,21.37,0.43,0.94,2.60,6.47,7.86,7.53,6.59,6.66,-,-,0,-,-,-,-,-,-,2.48,2.16,8.63,0.08,0.32,0.32,0.25,0.88,Debt : Credit Risk,NIL for 10% of investments and 1% for remaining investments on or before 1M NIL after 1M
Axis CRISIL IBX 50:50 Gilt Plus SDL June 2028 Index Fund-Reg(G),Hardik Shah,DT-M&LD,Unrated,63.8,0.43,Open Ended,24-Jan-23,CRISIL IBX 50:50 Gilt Plus SDL Index - June 2028,12.61,12.61,12.11,0.20,0.18,1.67,4.03,7.14,6.90,-,-,-,-,0,-,-,-,-,-,-,1.88,1.70,6.72,0.04,0.10,0.16,0.47,1.36,Debt : Medium to Long Duration,Nil
Axis CRISIL IBX 50:50 Gilt Plus SDL Sep 2027 Index Fund-Reg(G),Aditya Pagaria,DT-MD,Unrated,35.6,0.40,Open Ended,27-Feb-23,CRISIL IBX 50:50 Gilt Plus SDL Index - September 2027,12.63,12.63,12.05,0.25,0.76,2.22,4.87,7.19,6.91,-,-,-,-,0,-,-,-,-,-,-,1.16,1.07,6.24,0.04,0.14,0.19,0.34,0.99,Debt : Medium Duration,Nil
Axis CRISIL IBX SDL May 2027 Index Fund-Reg(G),Hardik Shah,DT-M&LD,Unrated,1998.4,0.28,Open Ended,23-Feb-22,CRISIL IBX SDL Index - May 2027,12.92,12.92,12.27,0.36,1.02,2.52,5.36,7.36,7.14,-,-,-,-,0,-,-,-,-,-,-,0.98,0.91,6.29,0.06,0.22,0.25,0.30,0.93,Debt : Medium to Long Duration,Nil
Axis CRISIL-IBX AAA Bond Financial Services - Sep 2027 Index Fund-Reg(G),Aditya Pagaria,DT-M&LD,Unrated,11.0,0.25,Open Ended,22-Nov-24,CRISIL IBX AAA Financial Services Index - Sep 2027,11.11,11.11,10.54,0.20,0.85,2.01,5.40,-,-,-,-,-,-,0,-,-,-,-,-,-,1.19,1.05,7.47,0.09,0.13,0.20,0.33,-,Debt : Medium to Long Duration,NIL
Axis CRISIL-IBX AAA Bond NBFC - Jun 2027 Index Fund-Reg(G),Aditya Pagaria,DT-M&LD,Unrated,1694.2,0.48,Open Ended,24-Sep-24,CRISIL IBX AAA NBFC Index - Jun 2027,11.24,11.24,10.63,0.22,0.95,2.20,5.75,-,-,-,-,-,-,0,-,-,-,-,-,-,1.00,0.88,7.56,0.07,0.15,0.18,0.24,-,Debt : Medium to Long Duration,NIL
Axis CRISIL-IBX AAA Bond NBFC-HFC - Jun 2027 Index Fund-Reg(G),Aditya Pagaria,DT-SD,Unrated,37.2,0.31,Open Ended,11-Dec-24,CRISIL-IBX AAA NBFC-HFC Index - Jun 2027,11.05,11.06,10.45,0.14,0.93,2.24,5.75,-,-,-,-,-,-,0,-,-,-,-,-,-,1.02,0.89,7.56,0.09,0.18,0.22,0.26,-,Debt : Short Duration,NIL
Axis CRISIL-IBX Financial Services 3-6 Months Debt Index Fund-Reg(G),Aditya Pagaria,DT-USD,Unrated,259.4,0.26,Open Ended,24-Sep-25,CRISIL-IBX Financial Services 3 to 6 Months Debt Index,10.43,10.43,10.00,0.47,1.74,3.08,-,-,-,-,-,-,-,0,-,-,-,-,-,-,0.27,0.25,6.70,-,-,-,-,-,Debt : Ultra Short Duration,NIL
Axis Dynamic Bond Fund-Reg(G),Devang Shah,DT-DYN,5,1053.4,0.63,Open Ended,27-Apr-11,NIFTY Composite Debt Index,30.72,30.77,29.52,0.25,0.46,1.74,2.89,6.69,6.49,5.65,7.10,-,-,0,-,-,-,-,-,-,10.73,5.03,7.28,0.01,0.01,0.02,0.70,2.14,Debt : Dynamic Bond,Nil
Axis ELSS Tax Saver Fund-Reg(G),Shreyash Devalkar,EQ-ELSS,3,31566.1,1.93,Open Ended,29-Dec-09,NIFTY 500 - TRI,91.15,99.33,84.81,-2.14,-5.53,-7.99,-4.33,3.47,9.99,7.03,11.47,28.19,4.09,36,77,270108,74.21,19.09,4.26,Financials,-,-,-,-0.16,0.13,0.24,0.88,12.87,Equity : Tax Saving (ELSS),Nil
Axis Equity Savings Fund-Reg(G),Mayank Hyanki,HY-EQS,2,865.9,2.28,Open Ended,14-Aug-15,NIFTY 50 Equity Savings Index,22.36,22.87,21.72,-0.18,-1.15,-1.80,1.82,5.01,8.61,7.46,8.20,22.75,2.83,0,94,331928,58.62,5.7,6.37,Financials,3.85,2.92,7.37,0.23,0.15,0.30,0.89,5.06,Hybrid : Equity Savings,Nil upto 10% of investments and 1% for remaining investments on or before 1M Nil after 1M
Axis ESG Integration Strategy Fund-Reg(G),Vishal Agarwal,EQ-THEM,Unrated,1072.2,2.25,Open Ended,12-Feb-20,NIFTY100 ESG - TRI,20.21,22.18,18.92,-0.84,-4.64,-8.55,-4.24,2.06,9.19,7.10,-,22.83,3.35,65,41,245799,64.76,8.84,12.66,Financials,-,-,-,-0.19,0.11,0.19,0.88,12.06,Equity : Thematic,Nil for 10% of investment and 1% for remaining investment on or before 12M Nil after 12M
Axis Flexi Cap Fund-Reg(G),Sachin Relekar,EQ-FLEX,3,12545.6,1.71,Open Ended,17-Nov-17,NIFTY 500 - TRI,25.73,27.53,23.44,-0.54,-3.06,-5.46,-1.84,4.60,12.14,9.26,-,32.15,4.61,31,59,178484,59.61,19.5,13.19,Financials,0.67,-,-,-0.09,0.16,0.29,0.98,14.04,Equity : Flexi Cap,NIL for 20% of investments and 1% for remaining investments on or before 12M NIL after 12M
Axis Floater Fund-Reg(G),Aditya Pagaria,DT-FL,Unrated,148.2,0.50,Open Ended,29-Jul-21,NIFTY Long Duration Debt Index,1358.75,1359.85,1297.55,0.28,0.73,2.35,3.65,7.33,7.44,-,-,-,-,0,-,-,-,-,-,-,9.26,3.89,7.36,0.08,0.13,0.30,0.71,2.15,Debt : Floater,NIL
Axis FMP-129-108D-Reg(G),Sachin Jain,DT-FMP,Unrated,383.4,-,Closed Ended,24-Feb-26,CRISIL Ultra Short Term Debt Index,10.19,10.19,10.00,0.54,1.79,-,-,-,-,-,-,-,-,-,-,-,-,-,-,-,-,-,-,-,-,-,-,-,Debt : FTP/FMP,null
Axis FMP-130-92D-Reg(G),Sachin Jain,DT-FMP,Unrated,244.9,-,Closed Ended,12-Mar-26,CRISIL Ultra Short Term Debt Index,10.16,10.16,10.00,0.54,-,-,-,-,-,-,-,-,-,-,-,-,-,-,-,-,-,-,-,-,-,-,-,-,Debt : FTP/FMP,null
Axis Focused Fund-Reg(G),Sachin Relekar,EQ-FOC,3,10793.7,1.74,Open Ended,29-Jun-12,NIFTY 500 - TRI,50.47,56.96,46.94,-1.72,-4.27,-9.69,-7.03,1.43,7.44,4.50,11.06,31.07,4.76,31,27,273415,77.13,15.49,-,Financials,-,-,-,-0.38,0.08,0.14,0.92,13.51,Equity : Focused,Nil for 10% of investments and 1% for remaining investments on or before 12M Nil after 12M
Axis FTP-112-1143D-Reg(G),Sachin Jain,DT-FMP,Unrated,83.0,-,Closed Ended,01-Mar-23,CRISIL Medium Duration Debt Index,12.45,12.45,11.89,0.51,1.34,2.65,5.92,6.86,6.91,-,-,-,-,-,-,-,-,-,-,-,-,-,-,0.03,0.19,0.17,0.25,0.70,Debt : FTP/FMP,null
Axis FTP-113-1228D-Reg(G),Sachin Jain,DT-FMP,Unrated,101.5,-,Closed Ended,21-Mar-23,CRISIL Medium Duration Debt Index,12.49,12.49,11.76,0.49,1.65,3.03,6.26,7.18,6.96,-,-,-,-,-,-,-,-,-,-,-,-,-,-,0.04,0.24,0.15,0.18,0.52,Debt : FTP/FMP,null
Axis Gilt Fund-Reg(G),Devang Shah,DT-GILT,4,438.4,0.86,Open Ended,23-Jan-12,CRISIL Dynamic Gilt Index,26.00,26.10,25.18,0.30,-0.42,1.24,0.33,5.57,6.28,5.39,6.80,-,-,0,-,-,-,-,-,-,19.78,8.12,7.25,-0.01,-0.01,-0.02,0.99,2.98,Debt : Gilt,Nil
Axis Global Equity Alpha FoF-Reg(G),Krishnaa N,FOF-OVR,Unrated,2290.8,1.58,Open Ended,24-Sep-20,MSCI World,24.25,24.31,18.72,1.58,7.57,11.14,30.18,23.26,23.38,14.33,-,-,-,-,-,-,-,-,-,-,-,-,-,1.29,0.38,0.74,0.39,13.03,FoFs : Overseas,NIL upto 10% of investments and 1% for remaining investments on or before 12M Nil after 12M
Axis Global Innovation FoF-Reg(G),Krishnaa N,FOF-OVR,Unrated,831.7,1.58,Open Ended,28-May-21,MSCI ACWI Net TRI,19.34,19.34,13.64,8.90,23.34,22.10,42.73,25.74,25.88,14.06,-,-,-,-,-,-,-,-,-,-,-,-,-,1.43,0.32,0.65,0.49,17.33,FoFs : Overseas,Nil upto 10% of investment and 1% for remaining investment on or before 12M Nil after 12M
Axis Gold and Silver Passive FoF-Reg(G),Pratik Tibrewal,FOF-DOM,Unrated,549.6,0.57,Open Ended,29-Dec-25,Gold-India,11.77,14.44,9.57,5.71,-2.59,-,-,-,-,-,-,-,-,-,-,-,-,-,-,-,-,-,-,-,-,-,-,-,FoFs : Domestic,0.25% on or before 15D Nil after 15D
Axis Gold ETF,Aditya Pagaria,PM-ETF,Unrated,5310.9,0.58,Open Ended,10-Nov-10,Gold-India,129.60,145.65,80.27,3.31,-2.65,19.76,60.40,45.49,36.01,24.73,16.75,-,-,6,-,-,-,-,-,-,-,-,-,2.25,0.47,1.19,0.51,16.69,Metal : ETFs,Nil
Axis Gold Fund-Reg(G),Aditya Pagaria,PM-MF,Unrated,2941.9,0.48,Open Ended,20-Oct-11,Gold-India,44.97,51.65,28.02,2.86,-3.54,19.31,59.29,43.92,35.03,24.38,16.68,-,-,-,-,-,-,-,-,-,-,-,-,2.16,0.45,1.14,0.60,16.65,Metal : MFs,1% on or before 15D Nil after 15D
Axis Greater China Equity FoF-Reg(G),Krishnaa N,FOF-OVR,Unrated,3858.9,1.58,Open Ended,10-Feb-21,MSCI Golden Dragon Index (Total Return Net),12.16,12.40,7.71,3.93,12.28,22.33,59.16,33.19,22.26,4.82,-,-,-,-,-,-,-,-,-,-,-,-,-,1.29,0.21,0.49,0.05,21.25,FoFs : Overseas,Nil for 10% of investments and 1% for remaining investments on or before 12M Nil after 12M
Axis Income Plus Arbitrage Active FOF-Reg(G),Devang Shah,FOF-DOM,Unrated,2117.7,0.55,Open Ended,28-Jan-20,NIFTY Composite Debt Index,15.07,15.07,14.42,0.22,0.68,1.86,4.53,7.10,7.09,6.21,-,-,-,-,-,-,-,-,-,-,-,-,-,0.06,0.13,0.27,0.54,1.64,FoFs : Domestic,Nil
Axis Income Plus Arbitrage Passive FOF-Reg(G),Devang Shah,FOF-DOM,Unrated,97.5,0.41,Open Ended,12-Nov-25,Nifty Short Duration Debt Index,10.28,10.28,10.01,0.27,1.13,2.50,-,-,-,-,-,-,-,-,-,-,-,-,-,-,-,-,-,-,-,-,-,-,FoFs : Domestic,NIL
Axis India Manufacturing Fund-Reg(G),Nitin Arora,EQ-THEM,Unrated,5206.3,2.06,Open Ended,21-Dec-23,Nifty India Manufacturing - TRI,14.91,15.22,13.11,1.51,2.21,4.00,9.94,7.20,-,-,-,32.27,5.09,63,90,103500,57.25,23.77,15.91,Automobile and Ancillaries,-,-,-,-0.03,0.21,0.40,1.01,-,Equity : Thematic,NIL for 10% of investment and 1% for remaining investment on or before 90D Nil after 90D
Axis Innovation Fund-Reg(G),Ashish Naik,EQ-THEM,Unrated,1176.6,2.18,Open Ended,24-Dec-20,NIFTY 500 - TRI,18.79,19.44,16.63,-0.95,4.68,-2.29,3.75,7.72,14.75,11.34,-,73.13,6.73,75,73,56258,22.79,26.53,31.83,Financials,-,-,-,0.17,0.21,0.42,0.89,13.70,Equity : Thematic,Nil for 20% of investment and 1% for remaining investment on or before 12M Nil after 12M
Axis Large & Mid Cap Fund-Reg(G),Shreyash Devalkar,EQ-L&M,5,15581.5,2.01,Open Ended,22-Oct-18,NIFTY LargeMidcap 250 - TRI,32.78,33.77,29.47,0.12,-1.00,-2.50,3.18,6.86,15.17,13.72,-,30.93,3.97,59,101,167038,49.19,35.81,3.65,Financials,-,-,-,0.07,0.24,0.44,0.87,13.02,Equity : Large & Mid Cap,Nil for 10% of investments and 1% for remaining investments on or before 12M Nil after 12M
Axis Large Cap Fund-Reg(G),Shreyash Devalkar,EQ-LC,3,30498.2,1.57,Open Ended,05-Jan-10,BSE 100 - TRI,56.51,62.67,53.78,-1.97,-6.98,-9.81,-5.39,1.66,8.49,6.60,11.42,25.84,3.75,77,46,443988,86.15,1.45,-,Financials,-,-,-,-0.06,0.09,0.15,0.95,11.89,Equity : Large Cap,Nil for 10% of investments and 1% for remaining investments on or before 12M Nil after 12M
Axis Liquid Fund-Reg(G),Devang Shah,DT-LIQ,4,51643.2,0.21,Open Ended,09-Oct-09,Nifty Liquid Fund Index,3072.96,3072.96,2894.35,0.50,1.68,3.18,6.20,6.73,6.91,6.10,6.10,-,-,0,-,-,-,-,-,-,0.10,0.10,6.23,0.02,0.26,0.07,0.05,0.25,Debt : Liquid,0.007% for Day 1 0.0065% on Day 2 0.0060% on Day 3 0.0055% on Day 4 0.0050% on Day 5 0.0045% on Day 6 NIL on or after 7D
Axis Long Duration Fund-Reg(G),Devang Shah,DT-LD,Unrated,230.5,0.77,Open Ended,27-Dec-22,NIFTY Long Duration Debt Index,1213.25,1252.62,1181.48,0.12,-1.44,0.22,-3.17,3.38,4.75,-,-,-,-,0,-,-,-,-,-,-,31.84,11.48,7.72,-0.12,-0.10,-0.18,1.35,4.44,Debt : Long Duration,Nil
Axis Midcap Fund-Reg(G),Shreyash Devalkar,EQ-MID,3,32276.3,1.57,Open Ended,18-Feb-11,BSE 150 MidCap - TRI,114.94,117.95,102.47,0.16,0.58,-0.37,4.11,7.31,17.03,14.52,16.98,37.38,5.47,55,87,74943,17.86,68.14,3.53,Financials,-,-,-,0.68,0.25,0.46,1.01,15.16,Equity : Mid Cap,Nil for 10% of investments and 1% for remaining investments on or before 12M Nil after 12M
Axis Momentum Fund-Reg(G),Nandik Mallik,EQ-THEM,Unrated,1018.2,2.31,Open Ended,12-Dec-24,NIFTY 500 - TRI,8.61,9.50,7.95,-3.37,-4.44,-8.41,-4.23,-,-,-,-,14.44,2.70,208,67,287293,78.72,5.17,0.55,Financials,-,-,-,-0.68,-0.18,-0.28,1.17,-,Equity : Thematic,Nil for 10% of investments and 1% for remaining investments on or before 12M Nil after 12M
Axis Money Market Fund-Reg(G),Devang Shah,DT-MM,2,20120.6,0.34,Open Ended,06-Aug-19,Nifty Money Market Index,1510.27,1510.27,1426.94,0.26,1.21,2.62,5.90,7.00,7.14,6.32,-,-,-,0,-,-,-,-,-,-,0.65,0.60,7.02,0.05,0.35,0.20,0.15,0.50,Debt : Money Market,Nil
Axis Multi Asset Allocation Fund-Reg(G),Ashish Naik,HY-MULTI,Unrated,2228.8,2.60,Open Ended,23-Aug-10,NIFTY 500 - TRI,43.44,46.73,39.31,-0.57,-4.61,-0.81,10.22,10.83,13.19,9.67,10.82,26.11,3.48,0,79,237507,51.43,8.88,6.29,Financials,2.31,1.83,7.15,0.22,0.25,0.46,0.58,8.90,Hybrid : Multi Asset Allocation,Nil on or before 12M for 10% of Investment and 1% for remaining investments Nil after 12M
Axis Multi Factor Passive FoF-Reg(G),Nandik Mallik,EQ-ETF,Unrated,36.6,0.66,Open Ended,24-Feb-22,NIFTY 500 - TRI,15.32,15.98,14.05,-0.63,-3.23,-2.92,3.49,1.87,11.32,-,-,-,-,-,-,-,-,-,-,-,-,-,-,-0.12,0.15,0.26,0.94,13.14,Equity : ETFs,1% on or before 15D Nil after 15D
Axis Multi-Asset Active FoF-Reg(G),Devang Shah,FOF-DOM,Unrated,1374.4,1.23,Open Ended,11-Dec-25,NIFTY 500 - TRI,10.31,10.77,9.53,0.51,-1.68,-,-,-,-,-,-,-,-,-,-,-,-,-,-,-,-,-,-,-,-,-,-,-,FoFs : Domestic,NIL upto 10% of investment and 1% for reamaining investment on or before 12M Nil after 12M
Axis Multicap Fund-Reg(G),Shreyash Devalkar,EQ-MLC,Unrated,9656.7,2.29,Open Ended,17-Dec-21,Nifty500 Multicap 50:25:25 - TRI,17.86,18.49,15.95,0.45,-0.34,-2.68,2.30,8.09,19.24,-,-,30.07,3.83,50,117,108482,46.42,24.73,26.06,Financials,-,-,-,0.28,0.28,0.52,0.97,14.78,Equity : Multi Cap,Nil for 10% of investment and 1% for remaining investment on or before 12M Nil after 12M
Axis NASDAQ 100 US Specific Equity Passive FOF-Reg(G),Krishnaa N,FOF-OVR,Unrated,208.8,0.63,Open Ended,01-Nov-22,Nasdaq-100 - TRI,30.20,30.23,19.49,11.12,26.73,26.48,57.40,36.70,33.51,-,-,-,-,-,-,-,-,-,-,-,-,-,-,2.08,0.43,0.89,0.42,17.96,FoFs : Overseas,1% on or before 7D Nil after 7D
Axis Nifty 100 Index Fund-Reg(G),Nandik Mallik,EQ-INDX,Unrated,1975.2,0.93,Open Ended,18-Oct-19,NIFTY 100 - TRI,20.78,22.87,19.41,-1.97,-5.84,-8.84,-3.64,2.14,9.98,9.25,-,19.90,3.07,-,104,391169,96.6,2.78,-,Financials,-,-,-,-0.08,0.12,0.22,1.00,12.70,Equity : Index Funds,Nil
Axis NIFTY 50 ETF,Nandik Mallik,EQ-ETF,Unrated,1260.6,0.04,Open Ended,03-Jul-17,NIFTY 50 - TRI,258.63,289.08,245.51,-2.41,-6.95,-10.40,-4.56,3.13,9.34,9.75,-,19.99,3.02,-,50,532358,99.31,0.67,-,Financials,-,-,-,-,0.11,0.20,1.00,12.11,Equity : ETFs,null
Axis Nifty 50 Index Fund-Reg(G),Nandik Mallik,EQ-INDX,Unrated,972.1,0.52,Open Ended,03-Dec-21,NIFTY 50 - TRI,14.02,15.70,13.33,-2.44,-7.03,-10.58,-4.93,2.71,8.87,-,-,19.99,3.02,-,50,532358,99.53,0.67,-,Financials,-,-,-,-0.04,0.10,0.18,1.00,12.07,Equity : Index Funds,Nil
Axis Nifty 500 Index Fund-Reg(G),Nandik Mallik,EQ-INDX,Unrated,301.5,1.05,Open Ended,12-Jul-24,NIFTY 500 - TRI,9.69,10.41,8.84,-1.07,-3.42,-6.59,-1.88,-,-,-,-,21.99,3.21,-,504,202239,69.42,19.8,10.23,Financials,-,-,-,-0.09,-0.10,-0.17,1.00,-,Equity : Index Funds,0.25% on or before 15D Nil after 15D
Axis Nifty AAA Bond Plus SDL Apr 2026 50:50 ETF,Aditya Pagaria,DT-ETF,Unrated,956.9,0.28,Open Ended,11-May-21,Nifty AAA Bond Plus SDL Apr 2026 50:50 Index,13.39,13.39,12.72,0.53,1.47,2.85,6.11,7.06,6.98,-,-,-,-,0,-,-,-,-,-,-,0.06,0.05,6.51,0.03,0.30,0.16,0.12,0.46,Debt : ETFs,null
Axis Nifty AAA Bond Plus SDL Apr 2026 50:50 ETF FoF-Reg(G),Aditya Pagaria,DT-M&LD,Unrated,128.7,0.19,Open Ended,20-Oct-21,Nifty AAA Bond Plus SDL Apr 2026 50:50 Index,12.83,12.83,12.16,1.52,2.03,2.95,6.27,6.95,6.94,-,-,-,-,-,-,-,-,-,-,-,3.62,3.07,6.02,-,0.02,0.03,0.10,1.10,Debt : Medium to Long Duration,Nil
Axis NIFTY Bank ETF,Nandik Mallik,EQ-ETF,Unrated,344.7,0.20,Open Ended,03-Nov-20,NIFTY BANK - TRI,552.35,632.48,516.35,-2.08,-11.28,-10.11,-3.26,5.16,7.44,9.32,-,14.17,1.65,-,14,330019,76.17,23.83,-,Financials,-,-,-,-0.02,0.05,0.08,1.00,14.68,Equity : ETFs,null
Axis Nifty Bank Index Fund-Reg(G),Nandik Mallik,EQ-INDX,Unrated,155.2,1.23,Open Ended,24-May-24,NIFTY BANK - TRI,10.88,12.48,10.19,-2.15,-11.43,-10.45,-4.02,4.30,-,-,-,14.17,1.65,-,14,330019,76.35,23.88,-,Financials,-,-,-,-0.08,-0.01,-0.02,1.00,-,Equity : Index Funds,0.25% on or before 7D Nil after 7D
Axis Nifty Capital Markets Index Fund-Reg(G),Nandik Mallik,EQ-INDX,Unrated,-,-,Open Ended,20-May-26,Nifty Capital Markets Index - TRI,9.53,10.12,9.53,-,-,-,-,-,-,-,-,-,-,-,-,-,-,-,-,-,-,-,-,-,-,-,-,-,Equity : Index Funds,0.25% on or before 15D Nil after 15D
Axis NIFTY Healthcare ETF,Nandik Mallik,EQ-ETF,Unrated,20.5,0.39,Open Ended,17-May-21,Nifty Healthcare Index - TRI,154.35,161.73,140.04,2.32,2.59,2.60,10.19,13.69,22.35,12.69,-,38.98,4.90,-,20,123102,54.76,43.28,1.88,Healthcare,-,-,-,-0.02,0.35,0.79,1.00,14.69,Equity : ETFs,null
Axis NIFTY India Consumption ETF,Nandik Mallik,EQ-ETF,Unrated,13.5,0.42,Open Ended,17-Sep-21,Nifty India Consumption - TRI,114.65,129.72,106.08,-2.87,-3.91,-11.05,-2.28,3.82,12.01,-,-,38.08,7.06,-,30,276179,91.29,8.63,-,FMCG,-,-,-,-0.03,0.17,0.29,1.00,14.29,Equity : ETFs,null
Axis Nifty India Defence Index Fund-Reg(G),Nandik Mallik,EQ-INDX,Unrated,222.0,1.78,Open Ended,29-Apr-26,Nifty India Defence - TRI,9.96,10.44,9.87,-1.15,-,-,-,-,-,-,-,55.78,10.11,-,19,96105,48.45,28.79,22.57,Capital Goods,-,-,-,-,-,-,-,-,Equity : Index Funds,0.25% on or before 15D Nil after 15D
Axis NIFTY IT ETF,Nandik Mallik,EQ-ETF,Unrated,152.6,0.25,Open Ended,25-Mar-21,NIFTY IT - TRI,342.23,430.07,300.02,2.02,-1.98,-19.71,-18.27,-0.15,3.95,4.81,-,20.21,4.84,-,10,283994,82.26,17.52,-,Technology,-,-,-,-0.02,0.02,0.03,1.00,22.74,Equity : ETFs,null
Axis NIFTY IT Index Fund-Reg(G),Nandik Mallik,EQ-INDX,Unrated,117.3,1.09,Open Ended,14-Jul-23,NIFTY IT - TRI,10.71,13.51,9.40,1.93,-2.16,-20.06,-18.92,-1.01,-,-,-,20.21,4.84,-,10,283992,82.19,17.51,-,Technology,-,-,-,-0.08,-0.02,-0.04,1.00,-,Equity : Index Funds,0.25% on or before 7D Nil after 7D
Axis Nifty Midcap 50 Index Fund-Reg(G),Nandik Mallik,EQ-INDX,Unrated,649.6,1.13,Open Ended,28-Mar-22,Nifty Midcap 50 - TRI,20.36,20.91,17.67,2.29,2.77,-1.20,7.34,8.72,20.70,-,-,31.78,3.86,-,50,78930,14.44,85.75,-,Financials,-,-,-,-0.10,0.28,0.54,0.99,16.96,Equity : Index Funds,0.25% on or before 7D Nil after 7D
Axis Nifty Next 50 Index Fund-Reg(G),Nandik Mallik,EQ-INDX,Unrated,474.7,1.04,Open Ended,28-Jan-22,NIFTY NEXT 50 - TRI,16.87,17.31,14.54,0.34,0.32,0.90,4.69,1.63,17.96,-,-,19.51,3.34,-,54,98920,84.45,12.16,-,Financials,-,-,-,-0.08,0.22,0.41,1.00,17.74,Equity : Index Funds,Nil
Axis Nifty SDL Sep 2026 Debt Index Fund-Reg(G),Aditya Pagaria,DT-MD,Unrated,65.8,0.31,Open Ended,22-Nov-22,Nifty SDL Sep 2026 Index,12.78,12.78,12.10,0.41,1.31,2.69,5.64,7.20,7.00,-,-,-,-,0,-,-,-,-,-,-,0.33,0.32,5.69,0.04,0.22,0.19,0.21,0.69,Debt : Medium Duration,Nil
Axis Nifty Smallcap 50 Index Fund-Reg(G),Nandik Mallik,EQ-INDX,Unrated,615.5,1.05,Open Ended,10-Mar-22,Nifty Smallcap 50 - TRI,18.32,19.15,15.28,1.00,6.66,1.19,3.19,6.38,22.45,-,-,29.77,2.89,-,50,25634,-,15.62,84.43,Financials,-,-,-,-0.12,0.26,0.51,0.99,21.14,Equity : Index Funds,Nil
Axis Nifty500 Momentum 50 Index Fund-Reg(G),Nandik Mallik,EQ-INDX,Unrated,146.6,1.08,Open Ended,13-Feb-25,Nifty500 Momentum 50 - TRI,10.66,11.39,9.39,0.83,-0.34,-4.82,-1.58,-,-,-,-,28.77,4.07,-,50,138415,62.12,30.07,7.92,Financials,-,-,-,-0.13,0.10,0.20,1.00,-,Equity : Index Funds,0.25% on or before 15D Nil after 15D
Axis Nifty500 Quality 50 Index Fund-Reg(G),Nandik Mallik,EQ-INDX,Unrated,77.9,1.00,Open Ended,10-Sep-25,Nifty500 Quality 50 - TRI,10.13,10.31,8.59,0.87,7.25,1.92,-,-,-,-,-,30.60,8.45,-,50,76581,38.09,35.02,26.87,Financials,-,-,-,-,-,-,-,-,Equity : Index Funds,0.25% on or before 15D Nil after 15D
Axis Nifty500 Value 50 ETF,Nandik Mallik,EQ-ETF,Unrated,36.4,0.53,Open Ended,13-Mar-25,NIFTY500 Value 50 - TRI,33.72,34.62,27.55,-0.22,-1.83,10.38,20.99,-,-,-,-,8.45,1.51,-,54,93936,68.04,18.5,9.7,Energy,-,-,-,-,0.38,0.72,1.00,-,Equity : ETFs,null
Axis Nifty500 Value 50 Index Fund-Reg(G),Nandik Mallik,EQ-INDX,Unrated,195.2,1.04,Open Ended,24-Oct-24,NIFTY500 Value 50 - TRI,11.60,11.93,9.53,-0.30,-1.96,10.02,19.85,-,-,-,-,8.45,1.51,-,54,93734,67.92,18.46,9.67,Energy,-,-,-,-0.11,0.13,0.23,0.99,-,Equity : Index Funds,0.25% on or before 15D Nil after 15D
Axis Overnight Fund-Reg(G),Sachin Jain,DT-ON,5,11375.9,0.14,Open Ended,15-Mar-19,Nifty 1D Rate Index,1432.92,1432.92,1360.49,0.43,1.30,2.58,5.34,5.92,6.20,5.57,-,-,-,0,-,-,-,-,-,-,0.01,0.01,5.33,-0.01,-0.68,-0.17,0.84,0.19,Debt : Overnight,Nil
Axis Quant Fund-Reg(G),Nandik Mallik,EQ-THEM,Unrated,823.0,2.51,Open Ended,01-Jul-21,BSE 200 - TRI,15.52,16.46,13.97,1.51,-3.60,-4.14,0.32,0.16,9.84,-,-,14.18,2.61,298,25,195451,77.97,6.51,-,Financials,-,-,-,0.01,0.11,0.18,1.06,14.23,Equity : Thematic,Nil for 10% of investment and 1% for remaining investments on or before 3M Nil after 3M
Axis Retirement Fund-Aggressive Plan-Reg(G),Jayesh Sundar,HY-AGR,Unrated,700.7,2.55,Open Ended,20-Dec-19,CRISIL Hybrid 25+75 - Aggressive Index,17.65,18.98,16.60,-1.29,-3.83,-6.54,-4.87,3.26,10.58,7.42,-,-,-,0,87,252414,59.09,11.57,7.12,Financials,11.90,6.32,7.11,0.14,0.15,0.28,0.82,10.67,Hybrid : Aggressive Hybrid,Nil
Axis Retirement Fund-Conservative Plan-Reg(G),Jayesh Sundar,HY-CON,Unrated,47.6,2.15,Open Ended,20-Dec-19,CRISIL Hybrid 75+25 - Conservative Index,15.61,16.33,15.29,-0.76,-3.61,-4.27,-2.81,3.25,7.03,5.55,-,-,-,0,31,451353,35.53,1.15,1.02,Financials,16.69,8.08,7.30,0.13,0.08,0.15,1.45,5.81,Hybrid : Conservative Hybrid,Nil
Axis Retirement Fund-Dynamic Plan-Reg(G),Jayesh Sundar,HY-DYN,Unrated,283.0,2.58,Open Ended,20-Dec-19,CRISIL Hybrid 35+65 - Aggressive Index,18.66,20.24,17.39,-1.54,-4.23,-7.34,-5.02,3.31,11.14,8.29,-,-,-,0,92,209715,58.6,14.53,11.62,Financials,17.37,7.06,6.88,-0.02,0.15,0.27,1.29,11.97,Hybrid : Dynamic Asset Allocation,Nil
Axis Services Opportunities Fund-Reg(G),Sachin Relekar,EQ-THEM,Unrated,1576.9,2.10,Open Ended,24-Jul-25,Nifty Services Sector - TRI,9.15,10.28,8.34,0.00,-2.03,-10.12,-,-,-,-,-,36.32,5.19,-,38,152712,53.89,26.79,15.78,Financials,-,-,-,-,-,-,-,-,Equity : Thematic,NIL for 10% of investments and 1% for remaining investments on or before 12M Nil after 12M
Axis Short Duration Fund-Reg(G),Devang Shah,DT-SD,3,8955.2,0.91,Open Ended,22-Jan-10,Nifty Short Duration Debt Index,32.34,32.35,30.94,0.20,0.50,1.56,4.45,7.07,6.89,6.01,6.92,-,-,0,-,-,-,-,-,-,3.00,2.25,7.67,0.03,0.11,0.16,0.38,1.13,Debt : Short Duration,Nil
Axis Silver ETF,Aditya Pagaria,PM-ETF,Unrated,2001.2,0.42,Open Ended,21-Sep-22,Silver,261.19,372.62,100.83,9.62,-1.07,48.92,164.36,67.33,52.44,-,-,-,-,-,-,-,-,-,-,-,-,-,-,3.84,0.34,0.97,-0.13,38.21,Metal : ETFs,null
Axis Silver FoF-Reg(G),Aditya Pagaria,FOF-DOM,Unrated,1160.5,0.63,Open Ended,21-Sep-22,Silver,44.17,62.81,17.37,9.46,-1.85,49.82,159.48,65.31,50.91,-,-,-,-,-,-,-,-,-,-,-,-,-,-,3.58,0.34,0.94,-2.48,37.06,FoFs : Domestic,0.25% on or before 7D Nil after 7D
Axis Small Cap Fund-Reg(G),Tejas Sheth,EQ-SML,2,27364.0,1.74,Open Ended,29-Nov-13,Nifty Smallcap 250 - TRI,106.29,109.98,92.58,0.30,3.74,-0.44,1.65,7.34,15.50,16.48,18.23,30.86,3.75,42,136,21315,5.56,11.34,71.45,Financials,-,-,-,-0.03,0.21,0.40,0.76,15.87,Equity : Small Cap,Nil for 10% of investments and 1% for remaining investments on or before 12M Nil after 12M
Axis Strategic Bond Fund-Reg(G),Devang Shah,DT-MD,4,2075.6,1.32,Open Ended,28-Mar-12,NIFTY Medium Duration Debt Index,29.39,29.39,28.01,0.35,0.43,1.87,4.74,7.38,7.25,6.51,7.36,-,-,0,-,-,-,-,-,-,4.53,3.06,8.39,0.07,0.18,0.29,0.45,1.26,Debt : Medium Duration,1% on or before 15D Nil after 15D
Axis Treasury Advantage Fund-Reg(G),Devang Shah,DT-LOWD,3,6083.8,0.71,Open Ended,09-Oct-09,NIFTY Low Duration Debt Index,3256.34,3256.34,3085.25,0.21,1.00,2.29,5.59,6.92,6.96,6.12,6.67,-,-,0,-,-,-,-,-,-,1.04,0.87,7.20,0.04,0.23,0.15,0.21,0.56,Debt : Low Duration,Nil
Axis Ultra Short Duration Fund-Reg(G),Sachin Jain,DT-USD,3,5916.4,1.21,Open Ended,10-Sep-18,NIFTY Ultra Short Duration Debt Index,15.47,15.47,14.67,0.25,1.22,2.45,5.47,6.33,6.44,5.62,-,-,-,0,-,-,-,-,-,-,0.48,0.44,7.07,-,-0.05,-0.02,0.12,0.41,Debt : Ultra Short Duration,Nil
Axis Value Fund-Reg(G),Nitin Arora,EQ-VAL,Unrated,1523.5,2.55,Open Ended,22-Sep-21,NIFTY 500 - TRI,18.72,19.57,17.16,-0.48,-2.97,-3.72,3.38,7.54,18.62,-,-,23.48,3.15,45,91,162821,59.35,17.51,16.58,Financials,-,-,-,0.44,0.29,0.54,0.98,13.80,Equity : Value / Contra,NIL for 20% of investments and 1% for remaining investments on or before 12M NIL after 12M
Bajaj Finserv Arbitrage Fund-Reg(G),Ilesh Savla,HY-ARB,Unrated,954.0,0.89,Open Ended,15-Sep-23,Nifty 50 Arbitrage - TRI,11.78,11.80,11.17,0.33,1.27,2.77,5.63,5.97,-,-,-,17.74,2.35,0,116,224506,45.96,15.43,6.65,Financials,0.37,0.35,6.43,-0.02,-0.24,-0.13,0.20,-,Hybrid : Arbitrage,0.25% on or before 15D Nil after 15D
Bajaj Finserv Balanced Advantage Fund-Reg(G),Nimesh Chandan,HY-DYN,Unrated,1228.8,1.83,Open Ended,15-Dec-23,NIFTY 50 Hybrid Composite Debt 50:50 Index,11.17,11.85,10.55,-1.23,-4.37,-5.92,-1.08,2.21,-,-,-,22.34,3.32,277,65,254554,69.89,7.9,5.19,Financials,3.20,1.73,6.96,-0.08,-0.02,-0.04,0.76,-,Hybrid : Dynamic Asset Allocation,Nil upto 8% of units and 1% for remaining units on or before 3M Nil after 3M
Bajaj Finserv Banking and Financial Services Fund-Reg(G),Kishore Agarwal,EQ-FIN,Unrated,414.7,2.09,Open Ended,01-Dec-25,Nifty Financial Services - TRI,9.33,10.26,8.65,-1.29,-6.52,-6.60,-,-,-,-,-,19.44,2.19,-,32,213110,64.52,8.04,22.21,Financials,-,-,-,-,-,-,-,-,Equity : Sectoral - Financial Services,1% on or before 3M Nil after 3M
Bajaj Finserv Banking and PSU Fund-Reg(G),Siddharth Chaudhary,DT-B&PSU,Unrated,322.8,0.75,Open Ended,13-Nov-23,NIFTY Banking and PSU Debt Index,11.78,11.80,11.44,0.11,-0.05,0.56,2.60,6.26,-,-,-,-,-,0,-,-,-,-,-,-,2.83,2.29,7.47,-,0.01,0.03,0.52,-,Debt : Banking & PSU,Nil
Bajaj Finserv Consumption Fund-Reg(G),Sayan Das Sharma,EQ-CONS,Unrated,614.8,2.06,Open Ended,29-Nov-24,Nifty India Consumption - TRI,8.70,10.05,7.87,-2.04,-2.44,-10.16,-8.10,-,-,-,-,47.25,5.99,139,53,71780,45.09,10.37,36,FMCG,-,-,-,-0.78,-0.25,-0.40,1.05,-,Equity : Thematic - Consumption,1% on or before 3M Nil after 3M
Bajaj Finserv ELSS Tax Saver Fund-Reg(G),Nimesh Chandan,EQ-ELSS,Unrated,82.3,2.10,Open Ended,29-Jan-25,BSE 500 - TRI,11.09,11.58,9.95,-1.47,-0.89,-3.85,0.48,-,-,-,-,25.33,3.02,142,48,79597,41.62,10.12,37.45,Financials,-,-,-,0.49,0.11,0.19,0.96,-,Equity : Tax Saving (ELSS),Nil
Bajaj Finserv Equity Savings Fund-Reg(G),Sorbh Gupta,HY-EQS,Unrated,34.2,1.28,Open Ended,19-Aug-25,NIFTY 50 Equity Savings Index - TRI,10.26,10.37,10.00,-0.45,0.36,1.37,-,-,-,-,-,24.15,3.29,-,51,186548,56.18,7.58,8.41,Financials,-,-,-,-,-,-,-,-,Hybrid : Equity Savings,0.25% on or before 7D Nil after 7D
Bajaj Finserv Flexi Cap Fund-Reg(G),Nimesh Chandan,EQ-FLEX,Unrated,6952.8,1.55,Open Ended,14-Aug-23,BSE 500 - TRI,14.65,15.23,13.07,-0.50,-1.27,-3.61,2.76,7.68,-,-,-,31.02,4.33,157,65,89398,47.69,20.02,26.76,Financials,-,-,-,0.51,0.19,0.35,1.00,-,Equity : Flexi Cap,Nil upto 10% of units and 1% for remaining units on or before 6M Nil after 6M
Bajaj Finserv Gilt Fund-Reg(G),Siddharth Chaudhary,DT-GILT,Unrated,32.2,1.09,Open Ended,15-Jan-25,CRISIL Dynamic Gilt Index,1033.00,1054.08,1014.11,-0.24,-0.53,0.27,-2.00,-,-,-,-,-,-,0,-,-,-,-,-,-,13.95,5.65,6.51,-0.10,-0.30,-0.56,1.10,-,Debt : Gilt,NIL
Bajaj Finserv Healthcare Fund-Reg(G),Vinay Bafna,EQ-PHRM,Unrated,323.3,2.09,Open Ended,27-Dec-24,BSE Health Care - TRI,10.29,10.50,8.96,4.47,8.16,4.38,9.07,-,-,-,-,50.24,5.62,83,33,54504,31.33,25.86,39.53,Healthcare,-,-,-,0.04,-0.02,-0.04,0.63,-,Equity : Sectoral - Pharma,1% on or before 3M Nil after 3M
Bajaj Finserv Large and Mid Cap Fund-Reg(G),Nimesh Chandan,EQ-L&M,Unrated,2304.0,1.73,Open Ended,27-Feb-24,NIFTY LargeMidcap 250 - TRI,11.75,12.70,10.85,-0.80,-4.11,-6.53,-1.90,4.18,-,-,-,21.65,3.59,204,66,94221,41.48,38.61,15.45,Financials,-,-,-,-0.01,0.08,0.14,0.92,-,Equity : Large & Mid Cap,Nil upto 10% of units and 1% for remaining units or before 6M Nil after 6M
Bajaj Finserv Large Cap Fund-Reg(G),Nimesh Chandan,EQ-LC,Unrated,1483.5,1.82,Open Ended,20-Aug-24,NIFTY 100 - TRI,9.64,10.50,9.16,-2.04,-6.34,-7.58,-1.92,-,-,-,-,26.61,3.47,201,33,283116,87.1,6.82,-,Financials,-,-,-,-0.02,-0.15,-0.23,0.96,-,Equity : Large Cap,1% on or before 6M Nil after 6M
Bajaj Finserv Liquid Fund-Reg(G),Siddharth Chaudhary,DT-LIQ,Unrated,5514.8,0.24,Open Ended,05-Jul-23,Nifty Liquid Fund Index,1210.64,1210.64,1142.02,0.50,1.63,3.08,6.03,6.59,-,-,-,-,-,0,-,-,-,-,-,-,0.10,0.09,6.07,0.01,0.11,0.03,0.28,-,Debt : Liquid,0.007% for Day 1 0.0065% on Day 2 0.0060% on Day 3 0.0055% on Day 4 0.0050% on Day 5 0.0045% on Day 6 NIL on or after 7D
Bajaj Finserv Low Duration Fund-Reg(G),Nimesh Chandan,DT-LOWD,Unrated,582.3,0.85,Open Ended,20-Feb-26,NIFTY Low Duration Debt Index,1011.40,1011.40,1000.00,0.20,0.92,-,-,-,-,-,-,-,-,0,-,-,-,-,-,-,0.89,0.81,7.13,-,-,-,-,-,Debt : Low Duration,NIL
Bajaj Finserv Money Market Fund-Reg(G),Siddharth Chaudhary,DT-MM,Unrated,4116.6,0.65,Open Ended,24-Jul-23,Nifty Money Market Index,1205.53,1205.53,1144.88,0.23,1.11,2.35,5.37,6.48,-,-,-,-,-,0,-,-,-,-,-,-,0.70,0.65,6.93,0.03,0.08,0.05,0.65,-,Debt : Money Market,Nil
Bajaj Finserv Multi Asset Allocation Fund-Reg(G),Anup Kulkarni,HY-MULTI,Unrated,1811.4,1.69,Open Ended,03-Jun-24,NIFTY 50 - TRI,11.97,12.98,10.77,-0.65,-5.16,-1.07,10.73,-,-,-,-,21.10,3.04,144,53,195476,49.7,4.98,10.94,Financials,1.21,1.07,6.80,0.48,0.11,0.19,0.67,-,Hybrid : Multi Asset Allocation,Nil upto 30% of units and 1% for remaining units on or before 3M Nil after 3M
Bajaj Finserv Multi Cap Fund-Reg(G),Nimesh Chandan,EQ-MLC,Unrated,1251.0,1.86,Open Ended,27-Feb-25,Nifty500 Multicap 50:25:25 - TRI,11.48,11.65,9.95,1.59,1.40,-0.02,3.52,-,-,-,-,28.37,3.12,126,74,50824,33.12,28.05,34.17,Financials,-,-,-,-0.04,0.13,0.24,0.96,-,Equity : Multi Cap,NIL upto 10% of units and 1% for remaining units on or before 6M Nil after 6M
Bajaj Finserv Nifty 1D Rate Liquid ETF(G),Siddharth Chaudhary,DT-ETF,Unrated,651.3,0.17,Open Ended,28-May-24,Nifty 1D Rate Index,1084.08,1084.08,1033.16,0.40,1.20,2.37,4.95,5.53,-,-,-,-,-,-,-,-,-,-,-,-,-,-,-,-0.03,-1.39,-0.43,0.96,-,Debt : ETFs,null
Bajaj Finserv Nifty 50 ETF,Ilesh Savla,EQ-ETF,Unrated,172.0,0.07,Open Ended,19-Jan-24,NIFTY 50 - TRI,240.47,268.87,228.31,-2.41,-6.97,-10.43,-4.56,3.12,-,-,-,19.99,3.02,-,50,532355,99.26,0.67,-,Financials,-,-,-,-0.02,-,-,1.00,-,Equity : ETFs,null
Bajaj Finserv Nifty 50 Index Fund-Reg(G),Ilesh Savla,EQ-INDX,Unrated,38.1,0.90,Open Ended,15-May-25,NIFTY 50 - TRI,9.48,10.62,9.02,-2.51,-6.86,-10.95,-5.64,-,-,-,-,19.99,3.02,-,50,532335,99.28,0.67,-,Financials,-,-,-,-0.09,-0.23,-0.31,1.00,-,Equity : Index Funds,NIL
Bajaj Finserv Nifty Bank ETF,Ilesh Savla,EQ-ETF,Unrated,387.8,0.12,Open Ended,19-Jan-24,NIFTY BANK - TRI,54.45,62.32,50.89,-2.07,-11.26,-10.06,-3.17,5.23,-,-,-,14.17,1.65,-,14,330043,76.15,23.82,-,Financials,-,-,-,-0.02,0.06,0.09,1.00,-,Equity : ETFs,null
Bajaj Finserv Nifty Next 50 Index Fund-Reg(G),Ilesh Savla,EQ-INDX,Unrated,29.2,0.90,Open Ended,12-May-25,NIFTY NEXT 50 - TRI,11.07,11.37,9.55,0.33,0.14,0.31,3.95,-,-,-,-,19.50,3.34,-,54,98915,84.48,12.15,-,Financials,-,-,-,-0.12,-,-,1.00,-,Equity : Index Funds,NIL
Bajaj Finserv Overnight Fund-Reg(G),Siddharth Chaudhary,DT-ON,Unrated,1096.8,0.11,Open Ended,05-Jul-23,CRISIL Liquid Overnight Index,1190.45,1190.45,1130.19,0.44,1.29,2.56,5.35,5.90,-,-,-,-,-,0,-,-,-,-,-,-,0.01,0.01,5.34,0.01,-0.76,-0.18,0.94,-,Debt : Overnight,Nil
Bajaj Finserv Small Cap Fund-Reg(G),Nimesh Chandan,EQ-SML,Unrated,1902.8,1.77,Open Ended,18-Jul-25,BSE 250 Small Cap - TRI,10.05,10.25,8.30,0.36,6.78,3.80,-,-,-,-,-,35.88,3.46,-,79,17365,-,11.33,86.76,Capital Goods,-,-,-,-,-,-,-,-,Equity : Small Cap,Nil upto 10% of units and 1% for remaining units on or before 6M Nil after 6M
Bandhan Aggressive Hybrid Fund-Reg(G),Prateek Poddar,HY-AGR,4,1919.1,1.77,Open Ended,30-Dec-16,BSE 200 - TRI,26.50,27.32,24.46,-0.30,-1.34,-2.54,5.13,10.44,13.82,11.84,-,25.62,3.57,0,80,175061,54.67,10.31,12.23,Financials,4.61,2.97,7.45,0.23,0.23,0.41,1.16,10.97,Hybrid : Aggressive Hybrid,Nil for 10% of investment and 1 % for remaining investment on or before 12M
Bandhan Aggressive Hybrid Passive FOF-Reg(G),Karthik Kumar,FOF-DOM,Unrated,20.3,0.49,Open Ended,11-Feb-10,CRISIL Hybrid 35+65 - Aggressive Index,48.15,49.37,42.88,1.34,1.42,1.80,7.62,8.87,13.67,11.01,10.32,-,-,0,-,-,-,-,-,-,5.79,4.13,7.45,0.23,0.24,0.47,1.08,9.99,FoFs : Domestic,Nil upto 10% of investment and 1% for remaining investment on or before 365D Nil after 365D
Bandhan Arbitrage Fund-Reg(G),Kapil Kankonkar,HY-ARB,2,7895.3,0.91,Open Ended,21-Dec-06,Nifty 50 Arbitrage,33.99,34.04,32.29,0.29,1.14,2.61,5.45,6.18,6.64,5.79,5.59,17.12,2.55,1150,150,177195,44.27,16.91,7.69,Financials,-,-,-,-0.03,0.03,0.02,0.50,0.47,Hybrid : Arbitrage,0.25% on or before 15D Nil after 15D
Bandhan Balanced Advantage Fund-Reg(G),Manish Gunwani,HY-DYN,3,2208.8,1.74,Open Ended,10-Oct-14,NIFTY 50 Hybrid Composite Debt 50:50 Index,24.38,25.09,22.94,-0.63,-0.49,-2.29,2.03,5.24,9.12,7.71,8.56,26.00,3.22,0,104,192611,46.62,10.53,9.15,Financials,4.36,2.28,6.89,0.09,0.14,0.26,0.53,7.11,Hybrid : Dynamic Asset Allocation,0.50% on or before 90D Nil after 90D
Bandhan Banking and PSU Fund-Reg(G),Suyash Choudhary,DT-B&PSU,4,12107.7,0.55,Open Ended,07-Mar-13,NIFTY Banking and PSU Debt Index,25.64,25.66,24.63,0.26,0.66,1.59,3.99,6.52,6.43,5.71,6.88,-,-,0,-,-,-,-,-,-,3.52,2.65,7.36,0.01,-0.01,-0.01,0.34,1.01,Debt : Banking & PSU,NIL
Bandhan BSE Healthcare Index Fund-Reg(G),Abhishek Jain,EQ-INDX,Unrated,18.1,0.88,Open Ended,06-Sep-24,BSE Health Care - TRI,10.52,10.88,9.32,4.07,5.51,3.74,8.39,-,-,-,-,38.61,4.86,37,126,68842,39.47,35.06,25.5,Healthcare,-,-,-,0.26,-0.03,-0.06,0.59,-,Equity : Index Funds,0.25% on or before 15D Nil after 15D
Bandhan BSE India Sector Leaders Index Fund-Reg(G),Abhishek Jain,EQ-INDX,Unrated,27.1,0.90,Open Ended,23-Sep-25,BSE India Sector Leaders Index - TRI,9.34,10.24,8.64,-2.36,-4.19,-8.42,-,-,-,-,-,24.67,3.39,-,61,276616,80.06,11.27,8.7,Financials,-,-,-,-,-,-,-,-,Equity : Index Funds,0.25% on or before 15D Nil after 15D
Bandhan BSE Sensex ETF,Abhishek Jain,EQ-ETF,Unrated,1.2,0.27,Open Ended,07-Oct-16,BSE SENSEX - TRI,808.58,927.75,778.20,-3.30,-8.53,-13.20,-8.19,1.13,6.82,8.37,-,21.37,3.11,6,30,648949,100,-,-,Financials,-,-,-,-0.20,0.05,0.09,1.00,12.21,Equity : ETFs,null
Bandhan Business Cycle Fund-Reg(G),Vishal Biraia,EQ-THEM,Unrated,1226.7,1.86,Open Ended,30-Sep-24,NIFTY 500 - TRI,9.41,10.35,8.48,-0.82,-3.19,-8.43,-3.38,-,-,-,-,23.03,2.75,42,92,126034,55.66,19.23,21.4,Financials,-,-,-,-0.11,-0.12,-0.20,1.04,-,Equity : Thematic,0.50% on or before 30D Nil after 30D
Bandhan Conservative Hybrid Fund-Reg(G),Viraj Kulkarni,HY-CON,1,97.6,1.68,Open Ended,25-Feb-10,NIFTY AAA Short Duration Bond Index,32.10,33.34,31.59,-0.88,-1.93,-1.91,-0.19,4.49,5.98,5.06,6.29,28.83,6.01,0,8,328785,11.02,1.4,-,Automobile and Ancillaries,5.45,3.06,7.17,-0.10,0.01,0.01,1.16,3.88,Hybrid : Conservative Hybrid,Nil upto 10% of investment and 0.25% for remaining investment on or before 7D Nil after 7D
Bandhan Conservative Hybrid Passive FOF-Reg(G),Karthik Kumar,FOF-DOM,Unrated,5.6,0.22,Open Ended,11-Feb-10,CRISIL Hybrid 85+15 - Conservative Index,34.08,34.73,33.15,-0.42,-1.65,-0.93,2.70,5.64,7.55,6.57,7.19,-,-,0,-,-,-,-,-,-,4.04,2.90,7.06,0.03,0.13,0.26,1.01,3.36,FoFs : Domestic,Nil upto 10% of investment and 1% for remaining investment on or before 365D Nil after 365D
Bandhan Corp Bond Fund-Reg(G),Suyash Choudhary,DT-CORP,3,13499.0,0.55,Open Ended,12-Jan-16,NIFTY Corporate Bond Index,20.04,20.05,19.25,0.26,0.75,1.59,3.90,6.79,6.77,5.62,6.84,-,-,0,-,-,-,-,-,-,3.74,2.80,7.43,0.03,0.06,0.08,0.34,1.12,Debt : Corporate Bond,Nil
Bandhan Credit Risk Fund-Reg(G),Gautam Kaul,DT-CR,4,230.5,1.42,Open Ended,03-Mar-17,NIFTY Credit Risk Bond Index,16.98,17.00,16.40,0.18,0.48,1.41,3.35,5.83,5.89,5.18,-,-,-,0,-,-,-,-,-,-,2.80,2.14,7.87,-0.04,-0.16,-0.25,0.34,1.01,Debt : Credit Risk,1% on or before 365D
Bandhan CRISIL IBX 90:10 SDL Plus Gilt - April 2032 Index Fund-Reg(G),Gautam Kaul,DT-LD,Unrated,420.8,0.23,Open Ended,29-Nov-22,CRISIL IBX 90:10 SDL Plus Gilt Index - April 2032,12.76,12.87,12.38,0.07,-0.76,0.77,1.24,6.47,6.55,-,-,-,-,0,-,-,-,-,-,-,5.62,4.45,7.45,0.04,0.03,0.05,0.81,2.53,Debt : Long Duration,Nil
Bandhan CRISIL IBX 90:10 SDL Plus Gilt - Nov 2026 Index Fund-Reg(G),Gautam Kaul,DT-M&LD,Unrated,91.3,0.29,Open Ended,17-Nov-22,CRISIL IBX 90:10 SDL Plus Gilt Index - November 2026,12.76,12.76,12.09,0.37,1.25,2.59,5.52,7.13,6.91,-,-,-,-,0,-,-,-,-,-,-,0.42,0.39,5.70,0.04,0.17,0.16,0.22,0.72,Debt : Medium to Long Duration,Nil
Bandhan CRISIL IBX 90:10 SDL Plus Gilt - Sep 2027 Index Fund-Reg(G),Gautam Kaul,DT-GILT,Unrated,149.6,0.29,Open Ended,24-Nov-22,CRISIL IBX 90:10 SDL Plus Gilt Index - September 2027,12.78,12.78,12.19,0.13,0.63,2.11,4.70,7.19,6.96,-,-,-,-,0,-,-,-,-,-,-,1.25,1.16,6.49,0.06,0.15,0.20,0.34,1.04,Debt : Gilt,Nil
Bandhan CRISIL IBX Gilt April 2026 Index Fund-Reg(G),Gautam Kaul,DT-GILT,Unrated,315.6,0.44,Open Ended,20-Oct-22,CRISIL IBX Gilt Index - April 2026,12.66,12.66,12.08,0.46,1.26,2.61,5.55,6.65,6.55,-,-,-,-,0,-,-,-,-,-,-,0.01,0.01,5.15,-,0.04,0.03,0.17,0.58,Debt : Gilt,Nil
Bandhan CRISIL IBX Gilt April 2028 Index Fund-Reg(G),Harshal Joshi,DT-GILT,Unrated,3585.7,0.38,Open Ended,23-Mar-21,CRISIL IBX Gilt Index - April 2028,13.58,13.58,12.96,0.28,0.48,2.16,4.72,7.18,6.85,5.92,-,-,-,0,-,-,-,-,-,-,1.59,1.45,6.11,0.05,0.11,0.17,0.40,1.15,Debt : Gilt,Nil
Bandhan CRISIL IBX Gilt April 2032 Index Fund-Reg(G),Gautam Kaul,DT-LD,Unrated,428.3,0.39,Open Ended,15-Feb-23,CRISIL IBX Gilt Index - April 2032,12.69,12.76,12.30,0.66,-0.44,1.20,2.07,6.91,6.77,-,-,-,-,0,-,-,-,-,-,-,5.57,4.50,6.97,0.06,0.05,0.11,0.90,2.37,Debt : Long Duration,Nil
Bandhan CRISIL IBX Gilt June 2027 Index Fund-Reg(G),Harshal Joshi,DT-GILT,Unrated,5796.2,0.38,Open Ended,23-Mar-21,CRISIL IBX Gilt Index - June 2027,13.50,13.50,12.87,0.30,0.78,2.21,4.97,7.07,6.78,5.80,-,-,-,0,-,-,-,-,-,-,1.05,1.00,5.97,0.04,0.12,0.15,0.32,0.95,Debt : Gilt,Nil
Bandhan CRISIL-IBX 10:90 Gilt+SDL Index - Dec 2029 Fund-Reg(G),Brijesh Shah,DT-M&LD,Unrated,0.4,0.25,Open Ended,10-Mar-25,CRISIL-IBX 10:90 Gilt + SDL Index - Dec 2029,10.73,10.80,10.39,0.02,-0.29,1.07,2.68,-,-,-,-,-,-,0,-,-,-,-,-,-,3.61,3.08,6.40,0.15,-0.11,-0.26,0.71,-,Debt : Medium to Long Duration,NIL
Bandhan CRISIL-IBX Financial Services 3-6 Months Debt Index Fund-Reg(G),Brijesh Shah,DT-USD,Unrated,440.9,0.88,Open Ended,13-Mar-25,CRISIL-IBX Financial Services 3 to 6 Months Debt Index,10.77,10.77,10.20,0.39,1.52,2.64,5.72,-,-,-,-,-,-,0,-,-,-,-,-,-,0.30,0.29,6.77,0.03,-0.24,-0.18,0.52,-,Debt : Ultra Short Duration,NIL
Bandhan Dynamic Bond Fund-Reg(G),Suyash Choudhary,DT-DYN,4,2061.5,1.37,Open Ended,01-Dec-08,NIFTY Composite Debt Index,34.76,34.77,33.10,0.64,1.35,2.06,0.72,5.09,5.82,4.94,6.75,-,-,0,-,-,-,-,-,-,12.42,7.38,7.46,-,-0.04,-0.07,1.08,3.67,Debt : Dynamic Bond,Nil
Bandhan ELSS Tax Saver Fund-Reg(G),Daylynn Pinto,EQ-ELSS,5,6835.3,1.55,Open Ended,26-Dec-08,BSE 500 - TRI,149.75,160.14,137.74,-1.14,-3.47,-6.22,-0.48,3.18,11.55,12.44,14.65,23.76,2.97,34,64,189946,68.98,13.57,12.65,Financials,-,-,-,0.22,0.17,0.30,0.97,12.38,Equity : Tax Saving (ELSS),Nil
Bandhan Equity Savings Fund-Reg(G),Kapil Kankonkar,HY-EQS,Unrated,389.4,0.93,Open Ended,09-Jun-08,CRISIL Liquid Debt Index,31.83,32.05,30.94,0.08,-0.38,-0.02,2.82,5.13,6.68,6.18,6.30,24.83,3.36,0,50,339022,59.13,7.68,-,Financials,3.39,2.56,7.16,0.04,0.05,0.09,0.36,2.24,Hybrid : Equity Savings,Nil upto 10% of investments and 0.25% for remaining investment on or before 7D Nil after 7D
Bandhan Financial Services Fund-Reg(G),Ritu Modi,EQ-FIN,Unrated,1059.9,1.91,Open Ended,28-Jul-23,Nifty Financial Services - TRI,13.89,15.57,12.83,-2.04,-7.32,-10.20,-4.30,6.61,-,-,-,19.34,2.32,60,53,164488,57.6,17.44,20.59,Financials,-,-,-,0.34,0.16,0.28,0.89,-,Equity : Sectoral - Financial Services,0.50% on or before 30D Nil after 30D
Bandhan Flexi Cap Fund-Reg(G),Manish Gunwani,EQ-FLEX,2,7285.4,1.54,Open Ended,28-Sep-05,BSE 500 - TRI,203.23,217.35,186.79,-1.05,-3.06,-6.69,-0.98,4.48,13.08,11.39,10.89,22.63,3.03,132,87,209099,70.03,9.31,15.17,Financials,-,-,-,0.30,0.19,0.35,0.97,12.39,Equity : Flexi Cap,Nil upto 10% of investment and 1% for remaining investment on or before 365D Nil after 365D
Bandhan Floater Fund-Reg(G),Brijesh Shah,DT-FL,1,222.5,0.62,Open Ended,18-Feb-21,NIFTY Medium Duration Debt Index,13.49,13.49,12.90,0.31,0.85,1.90,4.50,7.09,6.95,5.94,-,-,-,0,-,-,-,-,-,-,4.12,2.85,7.69,0.07,0.12,0.15,1.35,1.04,Debt : Floater,Nil
Bandhan Focused Fund-Reg(G),Manish Gunwani,EQ-FOC,2,2057.5,1.76,Open Ended,16-Mar-06,BSE 500 - TRI,85.86,91.19,77.18,-2.07,-0.42,-4.81,0.81,9.01,15.02,12.02,12.86,17.42,2.43,48,29,93790,44.53,13.54,38.67,Financials,-,-,-,0.50,0.21,0.41,1.06,15.35,Equity : Focused,Nil upto 10% of investment and 1% for remaining investment on or before 365D Nil after 365D
Bandhan FTP-179-3652D-Reg(G),Harshal Joshi,DT-FMP,Unrated,366.0,-,Closed Ended,13-Mar-19,CRISIL Composite Bond Index,17.42,17.46,16.76,0.11,-0.14,1.26,3.36,7.18,7.08,6.39,-,-,-,-,-,-,-,-,-,-,-,-,-,0.05,0.09,0.19,0.75,1.70,Debt : FTP/FMP,null
Bandhan Gilt Fund with 10 year constant duration Fund-Reg(G),Harshal Joshi,DT-GL10Y,Unrated,325.4,0.41,Open Ended,09-Mar-02,CRISIL 10 Year Gilt Index,47.20,47.38,45.53,0.72,-0.35,1.24,1.89,6.95,6.84,5.58,7.87,-,-,0,-,-,-,-,-,-,10.65,7.06,7.19,0.07,0.05,0.11,1.02,2.66,Debt : Gilt (10 Yr Constant Duration),Nil
Bandhan Gilt Fund-Reg(G),Suyash Choudhary,DT-GILT,4,1946.8,0.98,Open Ended,05-Dec-08,CRISIL Dynamic Gilt Index,36.36,36.36,34.40,0.95,1.79,2.72,1.41,5.70,6.41,5.43,7.42,-,-,0,-,-,-,-,-,-,24.70,10.28,7.57,0.04,0.01,0.01,1.10,3.71,Debt : Gilt,Nil
Bandhan Gold ETF FOF-Reg(G),Abhishek Jain,FOF-DOM,Unrated,145.7,0.50,Open Ended,23-Jan-26,Gold-India,10.13,11.56,8.69,3.04,-3.77,-,-,-,-,-,-,-,-,-,-,-,-,-,-,-,-,-,-,-,-,-,-,-,FoFs : Domestic,0.25% on or before 15D Nil after 15D
Bandhan Healthcare Fund-Reg(G),Viraj Kulkarni,EQ-PHRM,Unrated,290.6,2.10,Open Ended,28-Nov-25,BSE Health Care - TRI,10.03,10.39,9.07,2.91,3.17,0.43,-,-,-,-,-,40.43,5.41,-,36,63675,38.3,26.95,30.62,Healthcare,-,-,-,-,-,-,-,-,Equity : Sectoral - Pharma,0.50% on or before 30D Nil after 30D
Bandhan Income Plus Arbitrage Active FOF-Reg(G),Harshal Joshi,FOF-DOM,Unrated,1600.8,0.25,Open Ended,13-Sep-04,NIFTY Composite Debt Index,45.73,45.74,43.70,0.29,0.96,2.10,4.72,6.79,6.65,5.72,6.80,-,-,0,38,-,-,-,-,-,3.21,2.43,7.35,0.03,0.06,0.08,0.30,0.88,FoFs : Domestic,Nil
Bandhan Infrastructure Fund-Reg(G),Vishal Biraia,EQ-INFRA,5,1501.9,1.82,Open Ended,08-Mar-11,BSE India Infrastructure Index - TRI,48.53,52.16,41.44,-0.84,2.00,-1.21,-4.33,-1.52,20.04,18.46,16.66,26.19,3.16,25,67,55006,44.94,10.54,38.85,Infrastructure,-,-,-,0.83,0.23,0.44,1.29,20.33,Equity : Sectoral - Infrastructure,0.50% on or before 30D Nil after 30D
Bandhan Innovation Fund-Reg(G),Manish Gunwani,EQ-THEM,Unrated,2101.6,1.75,Open Ended,30-Apr-24,NIFTY 500 - TRI,13.68,13.81,11.65,2.41,5.08,0.68,11.22,16.35,-,-,-,43.98,4.65,91,80,52511,35.51,24.47,37.82,Financials,-,-,-,0.90,0.19,0.34,1.15,-,Equity : Thematic,0.50% on or before 30D Nil after 30D
Bandhan Large & Mid Cap Fund-Reg(G),Manish Gunwani,EQ-L&M,3,16671.9,1.44,Open Ended,09-Aug-05,NIFTY LargeMidcap 250 - TRI,136.98,141.32,122.69,-0.49,-0.18,-2.86,5.03,8.01,21.26,17.38,15.89,21.96,2.83,135,124,95449,39.91,33.6,21.03,Financials,-,-,-,0.37,0.32,0.61,0.98,14.34,Equity : Large & Mid Cap,Nil upto 10% of investment and 1% for remaining investment on or before 365D Nil after 365D
Bandhan Large Cap Fund-Reg(G),Manish Gunwani,EQ-LC,3,2007.3,1.76,Open Ended,09-Jun-06,BSE 100 - TRI,74.52,81.24,69.44,-1.63,-4.84,-7.99,-1.05,4.89,12.81,11.24,12.37,24.04,3.41,69,72,259024,80.68,9.93,7.78,Financials,-,-,-,0.25,0.18,0.32,1.07,13.46,Equity : Large Cap,0.50% on or before 30D Nil after 30D
Bandhan Liquid Fund-Reg(G),Harshal Joshi,DT-LIQ,2,17384.5,0.20,Open Ended,02-Apr-04,Nifty Liquid Fund Index,3330.11,3330.11,3140.34,0.49,1.65,3.11,6.07,6.61,6.80,6.01,5.97,-,-,0,-,-,-,-,-,-,0.10,0.10,6.21,0.02,0.15,0.04,0.28,0.25,Debt : Liquid,0.007% for Day 1 0.0065% on Day 2 0.0060% on Day 3 0.0055% on Day 4 0.0050% on Day 5 0.0045% on Day 6 NIL after 7D
Bandhan Long Duration Fund-Reg(G),Gautam Kaul,DT-LD,Unrated,81.8,0.60,Open Ended,20-Mar-24,NIFTY Long Duration Debt Index,11.00,11.23,10.74,-0.27,-1.08,0.45,-2.20,4.00,-,-,-,-,-,0,-,-,-,-,-,-,24.48,10.11,7.47,-0.10,-0.11,-0.19,1.28,-,Debt : Long Duration,Nil
Bandhan Low Duration Fund-Reg(G),Harshal Joshi,DT-LOWD,3,6120.9,0.55,Open Ended,17-Jan-06,NIFTY Low Duration Debt Index,40.50,40.50,38.48,0.24,1.06,2.21,5.28,6.63,6.71,5.86,6.52,-,-,0,-,-,-,-,-,-,1.00,0.92,7.04,0.03,0.10,0.07,0.78,0.56,Debt : Low Duration,Nil
Bandhan Medium Duration Fund-Reg(G),Suyash Choudhary,DT-MD,3,1294.3,1.15,Open Ended,08-Jul-03,NIFTY Medium Duration Debt Index,47.33,47.36,45.76,0.32,0.72,1.53,2.95,6.28,6.05,5.03,6.30,-,-,0,-,-,-,-,-,-,5.35,3.62,7.44,-0.01,-0.07,-0.15,0.54,1.51,Debt : Medium Duration,Nil
Bandhan Medium to Long Duration Fund-Reg(G),Suyash Choudhary,DT-LD,Unrated,426.2,1.68,Open Ended,14-Jul-00,NIFTY Medium to Long Duration Debt Index,66.36,66.45,63.87,0.44,1.05,1.72,1.78,4.95,5.14,4.36,6.21,-,-,0,-,-,-,-,-,-,14.38,6.32,7.53,-0.07,-0.15,-0.31,0.74,2.29,Debt : Long Duration,Nil for 10% of investment and 1% for remaining investment on or before 365D Nil after 365D
Bandhan Midcap Fund-Reg(G),Ritu Modi,EQ-MID,Unrated,2108.6,1.75,Open Ended,18-Aug-22,BSE 150 MidCap - TRI,17.76,18.13,15.45,1.33,2.72,-0.36,5.42,7.58,18.62,-,-,45.01,6.19,29,80,67621,19.59,63.19,12.34,Financials,-,-,-,0.79,0.25,0.44,1.12,17.53,Equity : Mid Cap,1% on or before 1Y Nil after 1Y
Bandhan Money Market Fund-Reg(G),Brijesh Shah,DT-MM,1,15908.0,0.30,Open Ended,18-Feb-03,Nifty Money Market Index,42.52,42.52,40.20,0.24,1.21,2.62,5.83,6.83,6.78,5.80,5.88,-,-,0,-,-,-,-,-,-,0.67,0.67,6.96,0.03,0.15,0.09,0.58,0.48,Debt : Money Market,Nil
Bandhan Multi Asset Allocation Fund-Reg(G),Viraj Kulkarni,HY-MULTI,Unrated,3240.3,1.61,Open Ended,31-Jan-24,NIFTY 500 - TRI,14.03,14.26,12.00,1.11,0.40,4.89,16.59,14.14,-,-,-,21.74,2.81,0,135,144277,39.13,13.63,14.28,Financials,2.09,1.33,6.16,0.72,0.32,0.62,0.56,-,Hybrid : Multi Asset Allocation,Nil for 10% of investment For remaining investment: 0.50% on or before 1Y and Nil after 1Y
Bandhan Multi Cap Fund-Reg(G),Daylynn Pinto,EQ-MLC,Unrated,2877.0,1.68,Open Ended,02-Dec-21,Nifty500 Multicap 50:25:25 - TRI,16.92,17.67,15.05,0.17,-0.84,-4.05,0.11,5.02,14.19,-,-,28.28,3.22,50,106,89773,43.57,27.63,25.95,Financials,-,-,-,-0.07,0.20,0.37,0.92,13.77,Equity : Multi Cap,1% on or before 1Y Nil after 1Y
Bandhan Multi-Asset Passive FOF-Reg(G),Karthik Kumar,FOF-DOM,Unrated,20.4,0.25,Open Ended,11-Feb-10,NIFTY 500 - TRI,41.44,43.68,39.78,-0.26,-3.03,-0.85,3.82,6.99,10.43,8.81,8.69,-,-,0,-,-,-,-,-,-,5.42,3.88,7.42,0.08,0.22,0.41,0.45,6.62,FoFs : Domestic,Nil upto 10% of investment and 1% for remaining investment on or before 365D Nil after 365D
Bandhan Multi-Factor Fund-Reg(G),Rishi Sharma,EQ-THEM,Unrated,672.6,2.05,Open Ended,30-Jul-25,BSE 200 - TRI,9.75,10.80,9.41,-1.97,-7.74,-4.63,-,-,-,-,-,13.98,2.19,-,41,133418,68.63,26.3,-,Financials,-,-,-,-,-,-,-,-,Equity : Thematic,0.50% on or before 30D Nil after 30D
Bandhan Nifty 100 Index Fund-Reg(G),Abhishek Jain,EQ-INDX,Unrated,233.6,0.51,Open Ended,24-Feb-22,NIFTY 100 - TRI,14.34,15.76,13.39,-1.94,-5.77,-8.71,-3.36,2.39,10.27,-,-,19.90,3.07,9,104,391192,96.68,2.78,-,Financials,-,-,-,-0.05,0.13,0.23,1.00,12.71,Equity : Index Funds,Nil
Bandhan Nifty 200 Quality 30 Index Fund-Reg(G),Abhishek Jain,EQ-INDX,Unrated,11.3,0.87,Open Ended,04-Dec-24,NIFTY200 Quality 30 - TRI,9.48,10.15,8.53,-0.76,-0.75,-6.43,-2.20,-,-,-,-,29.37,8.62,46,30,178828,73.67,23.91,2.56,FMCG,-,-,-,-0.09,-0.14,-0.23,1.00,-,Equity : Index Funds,0.25% on or before 15D Nil after 15D
Bandhan Nifty 50 ETF,Abhishek Jain,EQ-ETF,Unrated,22.2,0.07,Open Ended,07-Oct-16,NIFTY 50 - TRI,258.20,288.70,245.12,-2.41,-6.97,-10.43,-4.61,3.09,9.28,9.67,-,19.99,3.02,16,50,532332,99.32,0.67,-,Financials,-,-,-,-0.01,0.11,0.20,1.00,12.13,Equity : ETFs,null
Bandhan Nifty 50 Index Fund-Reg(G),Abhishek Jain,EQ-INDX,4,2652.1,0.51,Open Ended,30-Apr-10,NIFTY 50 - TRI,50.59,56.70,48.07,-2.46,-7.12,-10.69,-5.13,2.45,8.64,9.12,11.96,19.99,3.02,4,50,532358,99.39,0.67,-,Financials,-,-,-,-0.06,0.10,0.17,1.00,12.13,Equity : Index Funds,Nil
Bandhan Nifty 500 Momentum 50 Index Fund-Reg(G),Abhishek Jain,EQ-INDX,Unrated,32.6,0.88,Open Ended,29-Oct-24,Nifty500 Momentum 50 - TRI,8.64,9.25,7.61,0.83,-0.46,-4.96,-1.63,-,-,-,-,28.77,4.07,161,50,138420,62.06,30.04,7.91,Financials,-,-,-,-0.12,-0.14,-0.22,1.00,-,Equity : Index Funds,0.25% on or before 15D Nil after 15D
Bandhan Nifty 500 Value 50 Index Fund-Reg(G),Abhishek Jain,EQ-INDX,Unrated,32.4,0.87,Open Ended,29-Oct-24,NIFTY500 Value 50 - TRI,11.53,11.87,9.49,-0.31,-2.08,9.87,19.74,-,-,-,-,8.45,1.51,48,54,93460,68.24,18.55,9.73,Energy,-,-,-,-0.10,0.13,0.23,1.00,-,Equity : Index Funds,0.25% on or before 15D Nil after 15D
Bandhan Nifty Alpha 50 Index Fund-Reg(G),Abhishek Jain,EQ-INDX,Unrated,550.0,0.86,Open Ended,09-Nov-23,Nifty Alpha 50 - TRI,13.41,14.08,11.52,1.66,1.83,-1.54,-0.03,-2.45,-,-,-,25.85,3.67,157,54,73481,35.37,49.78,13.53,Financials,-,-,-,-0.17,0.10,0.17,1.00,-,Equity : Index Funds,Nil
Bandhan Nifty Alpha Low Volatility 30 Index Fund-Reg(G),Abhishek Jain,EQ-INDX,Unrated,9.3,0.89,Open Ended,23-Jan-25,NIFTY Alpha Low-Volatility 30 - TRI,9.58,10.48,9.07,-1.38,-6.93,-6.64,-4.60,-,-,-,-,33.13,4.41,162,30,263777,86.76,13.28,-,Financials,-,-,-,-0.12,-0.09,-0.13,1.00,-,Equity : Index Funds,0.25% on or before 15D Nil after 15D
Bandhan Nifty Bank Index Fund-Reg(G),Abhishek Jain,EQ-INDX,Unrated,19.3,0.88,Open Ended,27-Aug-24,NIFTY BANK - TRI,10.38,11.91,9.72,-2.16,-11.50,-10.51,-4.10,-,-,-,-,14.17,1.65,44,14,330022,76.29,23.87,-,Financials,-,-,-,-0.09,-0.05,-0.08,1.00,-,Equity : Index Funds,0.25% on or before 15D Nil after 15D
Bandhan Nifty IT Index Fund-Reg(G),Abhishek Jain,EQ-INDX,Unrated,28.9,0.88,Open Ended,31-Aug-23,NIFTY IT - TRI,10.40,13.13,9.12,1.92,-2.20,-20.14,-19.04,-0.96,-,-,-,20.21,4.84,21,10,283997,82.52,17.57,-,Technology,-,-,-,-0.06,-0.05,-0.07,1.01,-,Equity : Index Funds,Nil
Bandhan Nifty Midcap 150 Index Fund-Reg(G),Abhishek Jain,EQ-INDX,Unrated,59.8,0.74,Open Ended,19-Sep-24,Nifty Midcap 150 - TRI,10.03,10.29,8.75,1.13,1.60,-0.85,4.88,-,-,-,-,28.44,3.87,34,150,68100,12.55,91.95,3.84,Financials,-,-,-,-0.11,-0.04,-0.07,0.99,-,Equity : Index Funds,0.25% on or before 15D Nil after 15D
Bandhan Nifty Next 50 Index Fund-Reg(G),Abhishek Jain,EQ-INDX,Unrated,30.1,0.89,Open Ended,28-Feb-25,NIFTY NEXT 50 - TRI,12.23,12.56,10.53,0.34,0.36,0.90,4.66,-,-,-,-,19.50,3.34,46,54,99178,85.05,12.24,-,Financials,-,-,-,-0.10,0.16,0.32,1.00,-,Equity : Index Funds,0.25% on or before 7D Nil after 7D
Bandhan Nifty Smallcap 250 Index Fund-Reg(G),Abhishek Jain,EQ-INDX,Unrated,82.9,0.77,Open Ended,22-Dec-23,Nifty Smallcap 250 - TRI,12.07,12.91,10.16,0.72,5.88,0.10,-0.38,3.35,-,-,-,29.87,3.11,43,250,19944,-,7.05,92.56,Financials,-,-,-,-0.09,0.05,0.09,1.00,-,Equity : Index Funds,Nil
Bandhan Nifty Total Market Index Fund-Reg(G),Abhishek Jain,EQ-INDX,Unrated,42.0,0.90,Open Ended,10-Jul-24,Nifty Total Market - TRI,9.76,10.42,8.86,-0.96,-2.82,-6.19,-1.76,-,-,-,-,22.10,3.18,21,755,178098,66.79,19.05,13.82,Financials,-,-,-,-0.09,-0.10,-0.17,1.00,-,Equity : Index Funds,0.25% on or before 15D Nil after 15D
Bandhan Nifty100 Low Volatility 30 Index Fund-Reg(G),Abhishek Jain,EQ-INDX,Unrated,1683.8,0.79,Open Ended,06-Oct-22,Nifty100 Low Volatility 30 - TRI,14.87,16.37,14.01,-1.52,-5.71,-8.26,-1.58,4.18,11.00,-,-,28.39,4.52,38,30,334931,93.75,6.18,-,Financials,-,-,-,-0.13,0.16,0.29,1.00,12.39,Equity : Index Funds,Nil
Bandhan Nifty200 Momentum 30 Index Fund-Reg(G),Abhishek Jain,EQ-INDX,Unrated,124.8,0.86,Open Ended,02-Sep-22,Nifty200 Momentum 30 - TRI,14.97,16.16,13.51,-0.52,-4.44,-7.08,-2.60,-6.96,12.51,-,-,26.08,3.75,146,30,179307,73.26,26.73,-,Financials,-,-,-,-0.12,0.15,0.26,1.00,18.77,Equity : Index Funds,Nil
Bandhan Overnight Fund-Reg(G),Brijesh Shah,DT-ON,3,632.3,0.12,Open Ended,18-Jan-19,Nifty 1D Rate Index,1437.66,1437.66,1366.19,0.43,1.27,2.52,5.25,5.82,6.11,5.48,-,-,-,0,-,-,-,-,-,-,0.02,0.02,5.30,-0.01,-0.82,-0.21,0.84,0.19,Debt : Overnight,Nil
Bandhan Retirement Fund-Reg(G),Vishal Biraia,HY-AGR,Unrated,182.7,2.10,Open Ended,18-Oct-23,CRISIL Hybrid 50+50 - Moderate Index,12.30,12.98,11.67,-1.06,-2.78,-4.86,-1.41,3.09,-,-,-,-,-,0,54,310317,56.76,9.28,4.55,Financials,20.10,8.30,7.01,0.02,0.10,0.18,0.63,-,Hybrid : Aggressive Hybrid,Nil
Bandhan Short Duration Fund-Reg(G),Suyash Choudhary,DT-SD,4,8376.1,0.70,Open Ended,14-Dec-00,Nifty Short Duration Debt Index,59.66,59.67,57.24,0.28,0.82,1.81,4.14,6.90,6.77,5.75,6.67,-,-,0,-,-,-,-,-,-,3.74,2.68,7.38,0.04,0.08,0.12,0.40,1.17,Debt : Short Duration,Nil
Bandhan Silver ETF FOF-Reg(G),Abhishek Jain,FOF-DOM,Unrated,151.0,0.50,Open Ended,23-Jan-26,Silver,8.58,12.14,6.57,9.26,-1.63,-,-,-,-,-,-,-,-,-,-,-,-,-,-,-,-,-,-,-,-,-,-,-,FoFs : Domestic,0.25% on or before 15D Nil after 15D
Bandhan Small Cap Fund-Reg(G),Manish Gunwani,EQ-SML,Unrated,25345.8,1.38,Open Ended,25-Feb-20,BSE 250 Small Cap - TRI,47.78,49.17,40.56,0.40,6.25,0.75,4.38,12.74,27.82,20.64,-,18.29,2.15,22,250,14534,4.1,13.97,68.48,Financials,-,-,-,1.44,0.34,0.68,1.18,19.19,Equity : Small Cap,1% on or before 1Y
Bandhan Transportation and Logistics Fund-Reg(G),Daylynn Pinto,EQ-AUTO,Unrated,652.8,2.05,Open Ended,25-Oct-22,Nifty Transportation & Logistics - TRI,18.72,20.30,16.73,0.46,-5.89,-6.76,10.71,5.36,19.47,-,-,22.69,3.85,43,36,78142,52.88,18.78,21.24,Automobile and Ancillaries,-,-,-,-0.03,0.26,0.46,0.91,16.55,Equity : Sectoral - Auto,0.50% on or before 30D Nil after 30D
Bandhan Ultra Short Duration Fund-Reg(G),Harshal Joshi,DT-USD,4,4458.4,0.39,Open Ended,18-Jul-18,NIFTY Ultra Short Duration Debt Index,16.04,16.04,15.16,0.31,1.38,2.70,5.88,6.72,6.86,6.00,-,-,-,0,-,-,-,-,-,-,0.54,0.45,6.83,0.04,0.23,0.11,0.51,0.40,Debt : Ultra Short Duration,Nil
Bandhan US Specific Equity Active FOF-Reg(G),Ritika Behera,FOF-OVR,Unrated,362.9,1.36,Open Ended,20-Aug-21,Russell 1000 Index,20.53,20.53,15.36,5.90,15.19,10.22,33.38,24.99,27.47,-,-,-,-,-,-,-,-,-,-,-,-,-,-,1.66,0.37,0.75,0.47,17.11,FoFs : Overseas,1% on or before 1Y Nil after 1Y
Bandhan US Treasury Bond 0-1 year specific Debt Passive FOF-Reg(G),Brijesh Shah,FOF-OVR,Unrated,142.8,0.13,Open Ended,28-Mar-23,ICE 0-1 Year US Treasury Securities Index,13.25,13.45,11.47,-0.12,5.19,7.52,15.09,11.26,9.58,-,-,-,-,-,-,-,-,-,-,-,-,-,-,0.32,0.30,0.68,-0.14,3.07,FoFs : Overseas,0.10% on or before 7D Nil after 7D
Bandhan Value Fund-Reg(G),Daylynn Pinto,EQ-VAL,5,9907.5,1.50,Open Ended,07-Mar-08,BSE 500 - TRI,143.68,154.02,132.26,-1.33,-3.85,-6.55,-1.97,2.41,12.61,14.48,15.38,22.08,2.68,76,70,160933,60.56,15.63,16.94,Financials,-,-,-,0.30,0.19,0.34,1.00,12.96,Equity : Value / Contra,Nil upto 10% of investment and 1% for remaining investment on or before 365D Nil after 365D
Bank of India Arbitrage Fund-Reg(G),Nilesh Jethani,HY-ARB,Unrated,44.9,0.88,Open Ended,18-Jun-18,Nifty 50 Arbitrage,14.45,14.47,13.73,0.25,1.18,2.59,5.43,5.95,6.21,5.06,-,22.95,2.17,0,29,128359,42.91,16.57,11.01,Financials,0.17,0.17,5.87,-0.06,-0.25,-0.13,0.44,0.41,Hybrid : Arbitrage,0.50% on or before 15D Nil after 15D
Bank of India Balanced Advantage Fund-Reg(G),Alok Singh,HY-DYN,Unrated,152.7,2.10,Open Ended,14-Mar-14,NIFTY 50 Hybrid Composite Debt 50:50 Index,25.53,26.35,24.37,-1.76,-1.13,-1.45,3.78,3.26,9.67,9.95,7.15,21.03,3.11,0,56,433573,59.04,0.26,-,Financials,1.64,1.37,6.62,0.08,0.14,0.29,0.67,8.78,Hybrid : Dynamic Asset Allocation,1% on or before 3M Nil after 3M
Bank of India Banking & Financial Services Fund-Reg(G),Nilesh Jethani,EQ-FIN,Unrated,274.8,2.10,Open Ended,30-Jan-26,Nifty Financial Services - TRI,9.39,10.27,8.80,-1.77,-7.20,-,-,-,-,-,-,17.62,2.46,5,30,203778,71.42,13.24,12.68,Financials,-,-,-,-,-,-,-,-,Equity : Sectoral - Financial Services,1% on or before 60D Nil after 60D
Bank of India Business Cycle Fund-Reg(G),Alok Singh,EQ-THEM,Unrated,466.6,2.10,Open Ended,30-Aug-24,NIFTY 500 - TRI,9.02,9.49,8.01,-1.64,2.73,-1.74,-0.66,-,-,-,-,27.31,4.13,78,58,66598,50.13,16.17,29.38,Financials,-,-,-,-0.23,-0.15,-0.24,1.09,-,Equity : Thematic,Nil upto 10% of units and 1% for remaining units on or before 3M Nil after 3M
Bank of India Conservative Hybrid Fund-Reg(G),Alok Singh,HY-CON,Unrated,65.3,1.85,Open Ended,18-Mar-09,CRISIL Hybrid 85+15 - Conservative Index,34.72,35.11,33.91,-0.54,-0.17,-0.04,1.74,3.53,6.45,9.66,7.13,19.98,3.04,0,32,128454,15.4,4.91,1.49,Financials,2.87,2.29,6.92,-0.05,0.04,0.09,1.06,3.80,Hybrid : Conservative Hybrid,Nil for 10% of investment and 1% for remaining investment on or before 1Y Nil after 1Y
Bank of India Consumption Fund-Reg(G),Nitin Gosar,EQ-CONS,Unrated,375.3,2.10,Open Ended,20-Dec-24,Nifty India Consumption - TRI,10.32,11.37,9.59,-1.72,-1.72,-8.87,-0.87,-,-,-,-,32.69,6.38,45,36,91270,46.57,25.14,25.03,FMCG,-,-,-,0.24,-,-0.01,0.94,-,Equity : Thematic - Consumption,Nil for 10% of investments and 1% for remaining investments or or before 12M Nil after 12M
Bank of India Credit Risk Fund-Reg(G),Alok Singh,DT-CR,2,104.7,1.38,Open Ended,27-Feb-15,CRISIL Credit Risk Debt Index,14.17,14.17,12.16,0.29,6.73,13.17,16.64,11.10,9.49,27.30,2.34,-,-,0,-,-,-,-,-,-,0.60,0.46,5.76,0.23,0.20,1.29,-0.24,4.06,Debt : Credit Risk,4% on or before 12M 3% after 12M but on or before 24M 2% after 24M but on or before 36M Nil after 36M
Bank of India ELSS Tax Saver-Reg(G),Alok Singh,EQ-ELSS,5,1402.6,1.83,Open Ended,25-Feb-09,BSE 500 - TRI,158.65,165.96,146.08,-2.49,-0.87,-1.78,-0.19,-0.79,14.73,13.09,15.98,21.81,3.19,70,58,84585,56.7,14.08,22.61,Financials,-,-,-,0.45,0.19,0.34,1.10,16.63,Equity : Tax Saving (ELSS),Nil
Bank of India Flexi Cap Fund-Reg(G),Alok Singh,EQ-FLEX,Unrated,2387.6,1.72,Open Ended,29-Jun-20,BSE 500 - TRI,35.82,37.07,31.79,-1.27,2.94,0.53,5.24,3.66,20.50,16.51,-,22.62,3.44,82,65,74361,51.11,18.78,24.1,Financials,-,-,-,0.84,0.26,0.50,1.11,17.10,Equity : Flexi Cap,1% on or before 3M Nil after 3M
Bank of India Large & Mid Cap Fund-Reg(G),Nitin Gosar,EQ-L&M,3,468.3,2.10,Open Ended,21-Oct-08,BSE 250 LargeMidCap Index - TRI,88.88,92.92,81.98,-1.17,-1.37,-3.24,2.79,3.70,15.14,12.89,12.69,22.73,3.41,59,54,108582,43.26,36.18,13.55,Financials,-,-,-,0.45,0.21,0.39,1.04,14.33,Equity : Large & Mid Cap,NIL upto 10% of units and 1% for in execss of above Limit on or before 1Y NIL after 1Y
Bank of India Large Cap Fund-Reg(G),Alok Singh,EQ-LC,Unrated,212.6,2.10,Open Ended,29-Jun-21,NIFTY 100 - TRI,16.10,16.98,14.73,-1.59,-3.60,-3.31,2.69,2.01,13.77,-,-,21.65,3.22,80,52,175148,82.53,2.99,9.2,Financials,-,-,-,0.19,0.18,0.33,1.07,14.45,Equity : Large Cap,1% on or before 3M Nil after 3M
Bank of India Liquid Fund-Reg(G),Mithraem Bharucha,DT-LIQ,2,1734.9,0.12,Open Ended,16-Jul-08,CRISIL Liquid Debt Index,3178.01,3178.01,2993.41,0.50,1.65,3.16,6.19,6.74,6.93,6.12,6.07,-,-,0,-,-,-,-,-,-,0.11,0.11,6.11,0.01,0.30,0.08,1.08,0.24,Debt : Liquid,0.007% for Day 1 0.0065% on Day 2 0.0060% on Day 3 0.0055% on Day 4 0.0050% on Day 5 0.0045% on Day 6 NIL on or after 7D
Bank of India Mfg & Infra Fund-Reg(G),Nitin Gosar,EQ-INFRA,Unrated,755.3,2.03,Open Ended,05-Mar-10,BSE India Infrastructure Index - TRI,62.86,64.26,54.38,0.45,6.02,7.14,15.16,9.56,24.48,20.99,18.39,24.59,3.49,53,55,56965,38.56,23.15,33.4,Energy,-,-,-,1.13,0.33,0.62,1.07,16.57,Equity : Sectoral - Infrastructure,NIL upto 10% of units and 1% for in execss of above Limit on or before 1Y NIL after 1Y
Bank of India Mid & Small Cap Equity & Debt Fund-Reg(G),Alok Singh,HY-AGR,5,1481.5,1.82,Open Ended,20-Jul-16,Nifty MidSmallcap 400 - TRI,40.38,41.01,35.41,0.67,5.14,5.72,6.19,7.31,19.20,16.22,-,30.18,4.06,82,67,31532,2.33,47.9,29.49,Financials,2.46,1.91,7.20,0.04,0.27,0.51,0.81,14.88,Hybrid : Aggressive Hybrid,1% on or before 3M Nil after 3M
Bank of India Mid Cap Fund-Reg(G),Alok Singh,EQ-MID,Unrated,719.8,2.04,Open Ended,22-Aug-25,Nifty Midcap 150 - TRI,9.99,10.29,8.84,0.20,4.16,0.00,-,-,-,-,-,28.68,4.64,54,52,57863,14.01,68.52,15.11,Financials,-,-,-,-,-,-,-,-,Equity : Mid Cap,1% on or before 60D Nil after 60D
Bank of India Midcap Tax Fund-Sr 1-Reg(G),Nilesh Jethani,EQ-ELSS,Unrated,63.2,-,Closed Ended,19-Feb-18,BSE 500 - TRI,28.11,28.81,24.10,-0.14,5.53,0.50,6.57,4.84,16.46,14.23,-,26.33,3.93,16,54,60371,21.24,58.93,18.08,Financials,-,-,-,0.35,0.21,0.41,1.18,17.67,Equity : Tax Saving (ELSS),null
Bank of India Midcap Tax Fund-Sr 2-Reg(G),Nilesh Jethani,EQ-ELSS,Unrated,31.8,-,Closed Ended,19-Oct-18,BSE 500 - TRI,32.42,33.78,28.32,-0.46,3.52,-2.88,2.86,3.16,15.47,13.00,-,26.36,3.53,-,52,51579,13.47,67.19,14.04,Financials,-,-,-,0.29,0.20,0.39,1.16,17.24,Equity : Tax Saving (ELSS),null
Bank of India Money Market Fund-Reg(G),Mithraem Bharucha,DT-MM,Unrated,483.1,0.45,Open Ended,04-Feb-25,CRISIL Money Market Index,10.86,10.86,10.29,0.24,1.24,2.52,5.63,-,-,-,-,-,-,0,-,-,-,-,-,-,0.67,0.67,7.03,0.09,-0.04,-0.04,0.82,-,Debt : Money Market,NIL
Bank of India Multi Asset Allocation Fund-Reg(G),Mithraem Bharucha,HY-MULTI,Unrated,357.4,1.74,Open Ended,28-Feb-24,NIFTY 500 - TRI,12.38,12.55,11.23,-0.27,-0.43,3.40,9.75,8.26,-,-,-,22.76,3.31,68,50,87969,24.16,3.36,11.36,Financials,3.71,2.81,7.59,0.30,0.17,0.32,0.49,-,Hybrid : Multi Asset Allocation,Nil upto 10% of units and 1% for remaining units on or before 1Y Nil after 1Y
Bank of India Multi Cap Fund-Reg(G),Nitin Gosar,EQ-MLC,Unrated,1074.4,1.90,Open Ended,03-Mar-23,Nifty500 Multicap 50:25:25 - TRI,18.66,19.16,16.62,-0.21,2.31,0.38,7.75,7.70,19.61,-,-,24.22,3.67,59,61,67002,37.8,29.73,28.69,Financials,-,-,-,0.28,0.28,0.54,0.96,14.72,Equity : Multi Cap,Nil upto 10% of units and 1% for remaining units on or before 1Y Nil after 1Y
Bank of India Overnight Fund-Reg(G),Mithraem Bharucha,DT-ON,2,42.8,0.12,Open Ended,28-Jan-20,CRISIL Liquid Overnight Index,1378.09,1378.09,1305.53,0.60,1.47,2.75,5.58,6.08,6.33,5.68,-,-,-,0,-,-,-,-,-,-,-,-,5.29,0.02,-0.53,-0.13,0.92,0.19,Debt : Overnight,Nil
Bank of India Short Term Income Fund-Reg(G),Mithraem Bharucha,DT-SD,Unrated,271.6,1.00,Open Ended,18-Dec-08,CRISIL Short Duration Debt Index,27.80,27.80,26.75,0.27,0.37,1.22,3.87,7.14,6.70,10.01,5.30,-,-,0,-,-,-,-,-,-,3.39,2.64,7.19,0.03,0.05,0.09,0.35,1.44,Debt : Short Duration,Nil
Bank of India Small Cap Fund-Reg(G),Alok Singh,EQ-SML,5,2167.6,1.74,Open Ended,19-Dec-18,Nifty Smallcap 250 - TRI,51.34,51.34,40.00,5.05,16.89,10.98,11.27,11.05,21.41,19.31,-,33.84,4.36,74,82,13378,4.73,11.28,79.52,Capital Goods,-,-,-,0.08,0.23,0.43,0.93,20.07,Equity : Small Cap,Nil upto 10% of units and 1% for excess units on or before 1Y Nil after 1Y
Bank of India Ultra Short Duration Fund-Reg(G),Mithraem Bharucha,DT-USD,3,153.8,0.85,Open Ended,16-Jul-08,CRISIL Ultra Short Term Debt Index,3323.83,3323.83,3149.68,0.33,1.44,2.64,5.60,6.28,6.28,5.57,6.23,-,-,0,-,-,-,-,-,-,0.41,0.40,6.64,-0.05,-0.17,-0.08,1.00,0.39,Debt : Ultra Short Duration,Nil
Baroda BNP Paribas Aggressive Hybrid Fund-Reg(G),Jitendra Sriram,HY-AGR,4,1239.1,1.86,Open Ended,07-Apr-17,CRISIL Hybrid 35+65 - Aggressive Index,27.38,28.62,25.69,-1.43,-2.39,-4.47,-1.58,3.64,11.80,9.93,-,27.21,3.50,100,54,231658,49.14,13.73,7.06,Financials,3.46,2.05,7.25,0.09,0.19,0.35,1.08,9.87,Hybrid : Aggressive Hybrid,Nil upto 10% of units and 1 % for in excess of limits on or before 12M Nil after 12M
Baroda BNP Paribas Aqua FoF-Reg(G),Swapna Shelar,FOF-OVR,Unrated,36.7,1.35,Open Ended,07-May-21,MSCI World,14.97,15.78,12.89,-4.67,-4.47,7.30,16.52,11.89,13.43,8.31,-,-,-,5,-,-,-,-,-,-,-,-,-,0.50,0.17,0.34,0.52,14.61,FoFs : Overseas,1% on or before 12M Nil after 12M
Baroda BNP Paribas Arbitrage Fund-Reg(G),Neeraj Saxena,HY-ARB,4,1255.4,0.91,Open Ended,28-Dec-16,Nifty 50 Arbitrage,16.83,16.85,15.98,0.32,1.12,2.56,5.47,6.05,6.62,5.69,-,18.17,2.47,1280,92,119481,29.82,24.37,13.76,Financials,0.31,0.30,6.38,-0.03,0.01,0.01,0.44,0.48,Hybrid : Arbitrage,0.25% on or before 15D Nil after 15D
Baroda BNP Paribas Balanced Advantage Fund-Reg(G),Sanjay Chawla,HY-DYN,5,4755.8,1.61,Open Ended,14-Nov-18,BSE 200,25.11,25.62,22.97,0.43,-0.30,-1.39,4.18,6.99,12.67,11.15,-,27.44,3.70,125,61,161144,51.43,20.08,6.69,Financials,4.79,2.68,7.20,0.30,0.21,0.39,0.75,10.11,Hybrid : Dynamic Asset Allocation,Nil upto 10% of units and 1% for remaining units on or before 1Y Nil after 1Y
Baroda BNP Paribas Banking and Fin Serv Fund-Reg(G),Sanjay Chawla,EQ-FIN,Unrated,389.4,2.10,Open Ended,22-Jun-12,Nifty Financial Services - TRI,46.00,51.35,42.84,-1.83,-8.48,-8.57,-2.97,7.17,12.48,10.40,11.87,17.54,2.13,75,28,213108,61.33,18.5,10.52,Financials,-,-,-,0.26,0.16,0.29,0.96,14.61,Equity : Sectoral - Financial Services,1% on or before 30D Nil after 30D
Baroda BNP Paribas Business Conglomerates Fund-Reg(G),Jitendra Sriram,EQ-THEM,Unrated,679.9,2.04,Open Ended,22-Sep-25,Nifty Conglomerate 50 - TRI,9.69,10.48,8.91,-1.54,-4.35,-6.56,-,-,-,-,-,26.77,3.93,21,41,240158,72.6,12.25,8.34,Financials,-,-,-,-,-,-,-,-,Equity : Thematic,NIL upto 10% of units and 1% for remaining units on or before 1Y Nil after 1Y
Baroda BNP Paribas Business Cycle Fund-Reg(G),Jitendra Sriram,EQ-THEM,Unrated,560.9,2.08,Open Ended,15-Sep-21,BSE 500 - TRI,15.39,16.30,14.10,-1.43,-2.22,-4.87,-0.57,2.16,13.73,-,-,29.86,4.05,60,56,203584,64.26,17.9,11.28,Financials,-,-,-,0.35,0.19,0.34,1.07,14.11,Equity : Thematic,Nil upto 10% of units and 1% for remaining units on or beofre 1Y Nil after 1Y
Baroda BNP Paribas Childrens Fund-Reg(G),Sanjay Chawla,EQ-FLEX,Unrated,114.8,2.10,Open Ended,27-Dec-24,NIFTY 500 - TRI,10.70,11.34,9.87,-0.67,-2.40,-4.95,4.13,-,-,-,-,-,-,29,52,188790,60.41,19.08,12.14,Financials,4.21,3.12,6.52,0.28,0.06,0.10,0.89,-,Equity : Flexi Cap,1% on or before 1Y Nil after 1Y
Baroda BNP Paribas Conservative Hybrid Fund-Reg(G),Sanjay Chawla,HY-CON,2,811.0,1.75,Open Ended,23-Sep-04,CRISIL Hybrid 85+15 - Conservative Index,45.62,45.99,44.24,0.08,0.02,-0.28,1.88,5.10,7.31,6.28,7.03,29.23,3.98,195,48,173196,15.11,4.94,3.77,Financials,4.12,2.30,7.56,-,0.10,0.20,1.11,3.67,Hybrid : Conservative Hybrid,1% on or before 6M Nil after 6M
Baroda BNP Paribas Corp Bond Fund(G),Gurvinder Singh Wasan,DT-CORP,Unrated,241.7,0.42,Open Ended,08-Nov-08,CRISIL Corporate Bond Index,28.74,28.74,27.54,0.36,0.56,1.40,4.04,7.26,6.94,5.63,5.84,-,-,0,-,-,-,-,-,-,2.70,2.07,7.44,0.05,0.08,0.17,0.49,1.50,Debt : Corporate Bond,Nil
Baroda BNP Paribas Credit Risk Fund-Reg(G),Gurvinder Singh Wasan,DT-CR,4,174.4,1.36,Open Ended,23-Jan-15,CRISIL Credit Risk Debt Index,23.41,23.41,22.17,0.37,1.09,2.31,5.59,7.47,7.44,8.31,7.43,-,-,0,-,-,-,-,-,-,1.70,1.35,7.81,0.08,0.32,0.30,0.24,0.81,Debt : Credit Risk,Nil upto 10% of units and 1% for remaining units on or before 1Y Nil after 1Y
Baroda BNP Paribas Dividend Yield Fund-Reg(G),Jitendra Sriram,EQ-DIV,Unrated,645.0,2.05,Open Ended,11-Sep-24,NIFTY 500 - TRI,9.33,9.96,8.74,-2.02,-4.44,-5.23,-0.88,-,-,-,-,22.96,3.57,51,45,167401,59.22,25.6,6.57,Financials,-,-,-,-0.21,-0.18,-0.29,0.87,-,Equity : Thematic - Dividend Yield,Nil upto 10% of units and 1% for remaining units on or before 1Y Nil after 1Y
Baroda BNP Paribas Dynamic Bond Fund(G),Gurvinder Singh Wasan,DT-DYN,2,126.0,1.44,Open Ended,23-Sep-04,CRISIL Dynamic Bond Index,45.76,46.35,45.15,0.21,-0.57,-0.11,-1.23,4.27,4.93,4.76,5.85,-,-,0,-,-,-,-,-,-,5.47,3.03,7.02,-0.10,-0.16,-0.33,1.20,2.50,Debt : Dynamic Bond,Nil
Baroda BNP Paribas ELSS Tax Saver Fund-Reg(G),Sanjay Chawla,EQ-ELSS,2,887.0,1.96,Open Ended,05-Jan-06,NIFTY 500 - TRI,94.87,100.82,87.29,-1.34,-2.01,-5.71,1.36,5.47,15.85,12.04,12.58,29.15,3.88,35,48,208405,65.43,19.6,10.1,Financials,-,-,-,0.20,0.23,0.43,0.98,13.86,Equity : Tax Saving (ELSS),Nil
Baroda BNP Paribas Energy Opportunities Fund-Reg(G),Sanjay Chawla,EQ-POWER,Unrated,712.4,2.04,Open Ended,10-Feb-25,NIFTY ENERGY - TRI,12.10,12.51,10.85,-2.51,0.87,5.90,7.62,-,-,-,-,17.92,2.44,66,29,197609,62.94,24.09,4.1,Energy,-,-,-,-0.18,0.27,0.64,0.79,-,Equity : Sectoral - Energy / Power,1% if redeemed more than 10% of units on or before 1Y Nil thereafter
Baroda BNP Paribas Equity Savings Fund-Reg(G),Sanjay Chawla,HY-EQS,Unrated,280.8,2.10,Open Ended,25-Jul-19,NIFTY 50 Equity Savings Index - TRI,16.93,17.23,16.27,-0.30,-0.03,-1.28,2.98,5.86,8.72,7.51,-,24.60,3.09,420,49,260229,51.65,11.5,4.26,Financials,3.10,2.50,7.24,0.26,0.15,0.31,0.82,5.31,Hybrid : Equity Savings,1% on or before 30D Nil after 30D
Baroda BNP Paribas ESG Best-in-class Strategy Fund-Reg(G),Jitendra Sriram,EQ-THEM,Unrated,646.9,2.05,Open Ended,05-Mar-26,NIFTY100 ESG - TRI,10.16,10.47,9.80,-1.10,-,-,-,-,-,-,-,26.13,4.11,1,50,261540,73.08,12.62,6.73,Financials,-,-,-,-,-,-,-,-,Equity : Thematic,NIL upto 10% of units and 1% for remaining units on or before 1Y Nil after 1Y
Baroda BNP Paribas Flexi Cap Fund-Reg(G),Sanjay Chawla,EQ-FLEX,Unrated,1199.8,1.87,Open Ended,17-Aug-22,NIFTY 500 - TRI,15.42,16.07,13.81,0.91,-0.82,-3.86,0.05,3.74,13.98,-,-,27.37,3.14,91,42,166507,56.32,26.97,7.97,Financials,-,-,-,-0.01,0.18,0.32,1.01,14.33,Equity : Flexi Cap,Nil upto 10% of units and 1% for remaining units on or before 12M Nil after 12M
Baroda BNP Paribas Focused Fund-Reg(G),Sanjay Chawla,EQ-FOC,2,655.4,2.05,Open Ended,06-Oct-17,NIFTY 500 - TRI,20.40,22.63,18.88,-1.76,-4.48,-9.82,-5.66,-2.68,9.79,9.52,-,25.06,3.22,147,27,215036,60.01,26.59,6.18,Financials,-,-,-,-0.35,0.10,0.18,1.08,15.47,Equity : Focused,Nil upto 10% of units within 12M In excess of limit - 1% on or before 12M and Nil after 12M
Baroda BNP Paribas Gilt Fund-Reg(G),Gurvinder Singh Wasan,DT-GILT,Unrated,748.5,0.36,Open Ended,21-Mar-02,CRISIL Dynamic Gilt Index,42.85,43.27,42.12,0.14,-1.05,0.00,-0.85,5.22,5.60,5.03,6.06,-,-,0,-,-,-,-,-,-,15.23,6.76,7.04,-0.02,-0.07,-0.14,1.02,2.73,Debt : Gilt,Nil
Baroda BNP Paribas Gold ETF,Gurvinder Singh Wasan,PM-ETF,Unrated,336.5,0.50,Open Ended,13-Dec-23,Gold-India,150.47,168.93,93.47,3.30,-2.44,19.75,60.28,44.93,-,-,-,-,-,10,-,-,-,-,-,-,-,-,-,2.83,0.57,1.39,0.22,-,Metal : ETFs,null
Baroda BNP Paribas Gold ETF FoF-Reg(G),Gurvinder Singh Wasan,FOF-DOM,Unrated,200.9,0.40,Open Ended,20-Aug-25,Gold-India,15.48,18.03,10.00,3.06,-2.87,18.78,-,-,-,-,-,-,-,-,-,-,-,-,-,-,-,-,-,-,-,-,-,-,FoFs : Domestic,1% on or before 15D Nil after 15D
Baroda BNP Paribas Health and Wellness Fund-Reg(G),Sanjay Chawla,EQ-PHRM,Unrated,530.2,2.09,Open Ended,27-Jun-25,BSE Health Care - TRI,9.79,10.17,8.96,3.75,2.37,2.08,-,-,-,-,-,43.01,6.46,69,35,60203,26.69,41.14,29.45,Healthcare,-,-,-,-,-,-,-,-,Equity : Sectoral - Pharma,NIL upto 10% of units and 1% for remaining units on or before 1Y Nil after 1Y
Baroda BNP Paribas Income Plus Arbitrage Active FoF-Reg(G),Vikram Pamnani,FOF-DOM,Unrated,70.7,0.19,Open Ended,23-May-25,NIFTY Composite Debt Index,10.50,10.50,10.02,0.38,0.86,1.99,4.89,-,-,-,-,-,-,-,-,-,-,-,-,-,-,-,-,-0.12,-0.58,-1.06,0.04,-,FoFs : Domestic,NIL
Baroda BNP Paribas India Consumption Fund-Reg(G),Sanjay Chawla,EQ-CONS,4,1419.2,1.83,Open Ended,07-Sep-18,Nifty India Consumption - TRI,28.74,33.06,27.11,-3.17,-5.54,-11.34,-6.28,1.27,9.59,10.94,-,41.25,7.45,55,42,163940,65.54,22.36,8.91,FMCG,-,-,-,-0.18,0.13,0.22,0.94,14.02,Equity : Thematic - Consumption,Nil upto 10% of units and 1% for excess units on or before 12M Nil after 12M
Baroda BNP Paribas Innovation Fund-Reg(G),Sanjay Chawla,EQ-THEM,Unrated,869.7,1.97,Open Ended,05-Mar-24,NIFTY 500 - TRI,12.63,13.12,11.33,-0.66,2.08,-2.69,6.46,7.48,-,-,-,51.09,6.34,60,43,83902,34.67,33.12,26.7,Financials,-,-,-,0.41,0.12,0.21,1.08,-,Equity : Thematic,Nil upto 10% of units and 1% for remaining units on or before 1Y Nil after 1Y
Baroda BNP Paribas Large & Mid Cap Fund-Reg(G),Sanjay Chawla,EQ-L&M,Unrated,1717.7,1.79,Open Ended,04-Sep-20,BSE 250 LargeMidCap Index - TRI,26.45,28.01,23.93,0.28,-2.04,-5.06,-0.51,3.36,15.27,14.32,-,29.14,3.59,92,50,130790,45.32,41.61,7.97,Financials,-,-,-,0.46,0.21,0.37,1.07,14.83,Equity : Large & Mid Cap,Nil upto 10% of units and 1% for remaining units on or before 365D Nil after 365D
Baroda BNP Paribas Large Cap Fund-Reg(G),Jitendra Sriram,EQ-LC,2,2578.7,1.70,Open Ended,23-Sep-04,NIFTY 100 - TRI,213.67,228.56,198.58,-2.09,-4.34,-6.28,-2.14,2.14,12.71,11.36,12.43,24.01,3.52,69,54,285061,83.18,10.69,-,Financials,-,-,-,0.15,0.18,0.33,0.96,12.65,Equity : Large Cap,1% on or before 30D Nil after 30D
Baroda BNP Paribas Liquid Fund(G),Vikram Pamnani,DT-LIQ,2,11412.0,0.18,Open Ended,05-Feb-09,CRISIL Liquid Debt Index,3170.03,3170.03,2989.13,0.49,1.64,3.11,6.08,6.62,6.81,6.04,6.06,-,-,0,-,-,-,-,-,-,0.08,0.08,6.17,-,0.15,0.04,1.08,0.24,Debt : Liquid,0.007% for Day 1 0.0065% on Day 2 0.0060% on Day 3 0.0055% on Day 4 0.0050% on Day 5 0.0045% on Day 6 NIL on or after 7D
Baroda BNP Paribas Low Duration Fund(G),Vikram Pamnani,DT-LOWD,3,292.1,0.88,Open Ended,21-Oct-05,CRISIL Low Duration Debt Index,42.01,42.01,39.96,0.21,0.98,2.14,5.16,6.35,6.46,5.58,6.18,-,-,0,-,-,-,-,-,-,0.94,0.84,7.24,-0.04,-0.02,-0.01,1.17,0.53,Debt : Low Duration,Nil
Baroda BNP Paribas Manufacturing Fund-Reg(G),Jitendra Sriram,EQ-THEM,Unrated,884.8,2.33,Open Ended,28-Jun-24,Nifty India Manufacturing - TRI,10.71,11.05,9.40,0.51,2.30,5.23,12.91,-,-,-,-,32.90,5.24,58,45,72166,47.92,24.95,16.89,Automobile and Ancillaries,-,-,-,-0.03,0.01,0.02,0.91,-,Equity : Thematic,Nil upto 10% of units and 1% for remaining units on or before 1Y Nil after 1Y
Baroda BNP Paribas Mid Cap Fund-Reg(G),Rohan Korde,EQ-MID,4,2389.2,1.72,Open Ended,02-May-06,Nifty Midcap 150 - TRI,107.08,110.87,94.66,0.65,1.70,1.71,8.49,7.92,19.68,16.48,15.91,32.55,4.83,56,65,60197,12.74,62.82,18.4,Financials,-,-,-,0.06,0.30,0.56,0.85,14.48,Equity : Mid Cap,Nil upto 10% of Units within 12M 1% exceding 10% of Units within 12M Nil after 12M
Baroda BNP Paribas Money Market Fund-Reg(G),Vikram Pamnani,DT-MM,Unrated,3813.3,0.33,Open Ended,19-Jun-19,CRISIL Money Market Index,1453.67,1453.67,1374.25,0.27,1.26,2.53,5.85,6.84,6.88,5.93,-,-,-,0,-,-,-,-,-,-,0.66,0.66,7.22,0.04,0.22,0.12,0.59,0.47,Debt : Money Market,Nil
Baroda BNP Paribas Multi Asset Active FoF-Reg(G),Gurvinder Singh Wasan,FOF-DOM,Unrated,125.0,0.93,Open Ended,30-May-25,NIFTY Composite Debt Index,11.23,11.69,10.02,0.30,-1.45,3.24,12.00,-,-,-,-,-,-,-,-,-,-,-,-,-,-,-,-,0.69,0.34,0.60,0.26,-,FoFs : Domestic,1% on or before 1Y Nil after 1Y
Baroda BNP Paribas Multi Asset Fund-Reg(G),Jitendra Sriram,HY-MULTI,Unrated,1408.5,1.75,Open Ended,19-Dec-22,NIFTY 500 - TRI,15.98,16.43,14.70,-0.79,-2.18,-0.01,7.62,9.45,15.62,-,-,26.18,3.43,50,52,244029,49.98,15.49,5.02,Financials,4.05,2.49,6.88,0.33,0.30,0.56,0.67,9.67,Hybrid : Multi Asset Allocation,Nil upto 10% of units and 1% for remaining units on or before 12M Nil after 12M
Baroda BNP Paribas Multi Cap Fund-Reg(G),Sanjay Chawla,EQ-MLC,4,3219.0,1.66,Open Ended,12-Sep-03,Nifty500 Multicap 50:25:25 - TRI,284.28,293.26,251.70,0.66,1.62,-2.95,1.54,4.44,15.94,15.05,14.35,31.14,3.86,105,66,96688,40.37,25.56,29.55,Financials,-,-,-,0.04,0.23,0.40,0.94,14.62,Equity : Multi Cap,1% on or before 365D Nil after 365D
Baroda BNP Paribas Nifty 50 Index Fund-Reg(G),Neeraj Saxena,EQ-INDX,Unrated,57.1,0.48,Open Ended,29-Jan-24,NIFTY 50 - TRI,10.93,12.26,10.39,-2.44,-7.11,-10.69,-5.19,2.52,-,-,-,19.97,3.01,86,50,531943,99.27,0.67,-,Financials,-,-,-,-0.06,-0.02,-0.03,1.00,-,Equity : Index Funds,0.20% on or before 30D Nil after 30D
Baroda BNP Paribas NIFTY Bank ETF,Neeraj Saxena,EQ-ETF,Unrated,3.8,0.32,Open Ended,18-Jun-24,NIFTY BANK - TRI,54.01,61.81,50.51,-2.11,-11.28,-10.05,-3.19,-,-,-,-,14.14,1.64,66,14,328987,76.09,23.8,-,Financials,-,-,-,-0.01,-0.04,-0.07,1.00,-,Equity : ETFs,null
Baroda BNP Paribas NIFTY Midcap 150 Index Fund-Reg(G),Neeraj Saxena,EQ-INDX,Unrated,9.7,0.90,Open Ended,04-Nov-24,Nifty Midcap 150 - TRI,10.62,10.90,9.28,1.11,1.63,-0.92,4.64,-,-,-,-,28.52,3.87,81,150,68161,11.53,84.73,3.5,Financials,-,-,-,-0.11,0.03,0.05,0.99,-,Equity : Index Funds,0.20% on or before 7D Nil after 7D
Baroda BNP Paribas NIFTY SDL Dec 2026 Index Fund-Reg(G),Gurvinder Singh Wasan,DT-M&LD,Unrated,175.4,0.37,Open Ended,25-Jan-23,NIFTY SDL December 2026 Index,12.58,12.58,11.95,0.32,1.28,2.46,5.32,7.13,6.87,-,-,-,-,0,-,-,-,-,-,-,0.64,0.60,5.73,0.05,0.15,0.15,0.92,0.81,Debt : Medium to Long Duration,Nil
Baroda BNP Paribas NIFTY SDL Dec 2028 Index Fund-Reg(G),Gurvinder Singh Wasan,DT-M&LD,Unrated,29.8,0.41,Open Ended,24-Mar-23,Nifty SDL Dec 2028 Index,12.51,12.57,12.09,0.20,-0.09,1.18,3.19,6.95,6.75,-,-,-,-,0,-,-,-,-,-,-,2.53,2.19,6.87,0.07,0.05,0.10,2.05,1.73,Debt : Medium to Long Duration,Nil
Baroda BNP Paribas Nifty200 Momentum 30 Index Fund-Reg(G),Neeraj Saxena,EQ-INDX,Unrated,22.1,0.90,Open Ended,15-Oct-24,Nifty200 Momentum 30 - TRI,7.85,8.49,7.09,-0.54,-4.54,-7.30,-3.08,-,-,-,-,26.06,3.74,206,30,178552,72.82,26.84,-,Financials,-,-,-,-0.15,-0.20,-0.30,1.00,-,Equity : Index Funds,0.20% on or before 7D Nil after 7D
Baroda BNP Paribas Overnight Fund-Reg(G),Vikram Pamnani,DT-ON,4,867.3,0.09,Open Ended,25-Apr-19,CRISIL Liquid Overnight Index,1420.59,1420.59,1349.43,0.44,1.29,2.55,5.29,5.86,6.14,5.52,-,-,-,0,-,-,-,-,-,-,0.01,0.01,5.29,0.01,-0.78,-0.19,0.97,0.18,Debt : Overnight,Nil
Baroda BNP Paribas Retirement Fund-Reg(G),Sanjay Chawla,HY-AGR,Unrated,385.3,2.10,Open Ended,28-May-24,CRISIL Hybrid 35+65 - Aggressive Index,11.09,11.65,10.33,-0.69,-1.92,-4.53,1.02,5.35,-,-,-,-,-,46,50,182079,43.87,19.32,7.77,Financials,28.13,9.34,7.33,0.12,-,-,1.17,-,Hybrid : Aggressive Hybrid,Nil
Baroda BNP Paribas Short Duration Fund-Reg(G),Gurvinder Singh Wasan,DT-SD,2,259.6,0.88,Open Ended,30-Jun-10,CRISIL Short Duration Debt Index,30.36,30.39,29.28,0.14,0.30,1.13,3.56,6.50,6.50,5.62,6.65,-,-,0,-,-,-,-,-,-,2.21,1.80,7.50,0.04,0.01,0.02,1.56,1.17,Debt : Short Duration,Nil
Baroda BNP Paribas Small Cap Fund-Reg(G),Sanjay Chawla,EQ-SML,Unrated,1203.8,1.87,Open Ended,30-Oct-23,Nifty Smallcap 250 - TRI,13.18,13.65,11.35,0.66,5.52,0.85,2.12,3.42,-,-,-,31.15,3.67,99,52,24789,1.67,18.26,75.29,Financials,-,-,-,-0.03,0.11,0.20,0.84,-,Equity : Small Cap,Nil upto 10% of units and 1% for remaining units on or before 1Y Nil after 1Y
Baroda BNP Paribas Ultra Short Duration Fund-Reg(G),Vikram Pamnani,DT-USD,3,650.6,0.43,Open Ended,01-Jun-18,CRISIL Ultra Short Term Debt Index,1627.34,1627.34,1535.70,0.37,1.50,2.78,6.03,6.83,6.97,6.22,-,-,-,0,-,-,-,-,-,-,0.51,0.47,6.92,0.01,0.31,0.14,1.04,0.40,Debt : Ultra Short Duration,Nil
Baroda BNP Paribas Value Fund-Reg(G),Jitendra Sriram,EQ-VAL,Unrated,1056.4,1.90,Open Ended,07-Jun-23,NIFTY 500 - TRI,13.55,14.40,12.51,-1.22,-3.59,-4.28,-1.84,-0.35,-,-,-,22.74,3.22,65,53,159283,60.49,20.23,12.25,Financials,-,-,-,-0.13,0.12,0.23,0.93,-,Equity : Value / Contra,Nil upto 10% of units and 1% for remaining units on or before 1Y Nil after 1Y
Bharat 22 ETF,Nishit Patel,EQ-ETF,Unrated,10786.9,0.06,Open Ended,24-Nov-17,BSE Bharat 22 Index - TRI,118.50,127.83,105.11,-4.23,-6.26,1.94,8.97,4.18,23.02,24.77,-,13.30,2.25,11,22,325588,91.44,7.74,0.82,Energy,-,-,-,1.04,0.31,0.65,1.04,16.21,Equity : ETFs,Nil
BHARAT Bond ETF - April 2030,Dhawal Dalal,DT-ETF,Unrated,25002.4,0.01,Open Ended,26-Dec-19,NIFTY BHARAT Bond Index - April 2030,1571.98,1575.23,1517.14,0.15,-0.11,0.47,3.25,7.11,6.93,6.37,-,-,-,0,-,-,-,-,-,-,3.59,2.98,7.48,0.06,0.08,0.18,0.58,1.78,Debt : ETFs,null
BHARAT Bond ETF - April 2031,Dhawal Dalal,DT-ETF,Unrated,13192.0,0.01,Open Ended,27-Jul-20,NIFTY BHARAT Bond Index - April 2031,1400.79,1403.35,1359.69,0.23,-0.16,0.13,2.47,6.95,6.80,6.21,-,-,-,0,-,-,-,-,-,-,4.74,3.77,7.54,0.05,0.05,0.12,0.65,2.04,Debt : ETFs,null
BHARAT Bond ETF - April 2032,Dhawal Dalal,DT-ETF,Unrated,10505.0,0.01,Open Ended,13-Dec-21,NIFTY BHARAT Bond Index - April 2032,1312.50,1317.78,1277.71,0.15,-0.39,-0.09,2.05,6.85,6.79,-,-,-,-,0,-,-,-,-,-,-,5.82,4.50,7.58,0.05,0.05,0.11,0.70,2.16,Debt : ETFs,null
BHARAT Bond ETF - April 2033,Dhawal Dalal,DT-ETF,Unrated,6204.1,0.01,Open Ended,13-Dec-22,NIFTY BHARAT Bond Index - April 2033,1274.26,1280.46,1243.64,0.17,-0.42,-0.04,1.65,6.72,6.80,-,-,-,-,0,-,-,-,-,-,-,6.65,4.97,7.54,0.05,0.04,0.11,0.74,2.23,Debt : ETFs,null
BHARAT Bond ETF FOF - April 2032 -Reg(G),Hetul Raval,FOF-DOM,Unrated,4385.6,0.03,Open Ended,15-Dec-21,NIFTY BHARAT Bond Index - April 2032,13.05,13.17,12.74,-0.77,-0.90,-0.40,1.71,6.73,6.66,-,-,-,-,0,-,-,-,-,-,-,5.80,4.48,7.57,0.03,0.02,0.04,0.69,2.40,FoFs : Domestic,0.10% on or before 30D Nil after 30D
BHARAT Bond ETF FOF - April 2033 -Reg(G),Hetul Raval,FOF-DOM,Unrated,2113.9,0.03,Open Ended,14-Dec-22,NIFTY BHARAT Bond Index - April 2033,12.73,12.85,12.47,0.26,-0.53,-0.29,1.12,6.20,6.53,-,-,-,-,0,-,-,-,-,-,-,6.63,4.96,7.52,0.03,0.01,0.01,0.73,2.62,FoFs : Domestic,0.10% on or before 30D Nil after 30D
BHARAT Bond FOF - April 2030 -Reg(G),Hetul Raval,FOF-DOM,Unrated,9302.9,0.02,Open Ended,30-Dec-19,NIFTY BHARAT Bond Index - April 2030,15.63,15.67,15.10,0.37,-0.04,0.33,3.17,6.85,6.74,6.30,-,-,-,0,-,-,-,-,-,-,3.59,2.98,7.47,0.02,0.01,0.01,0.59,2.08,FoFs : Domestic,0.10% on or before 30D Nil after 30D
BHARAT Bond FOF - April 2031 -Reg(G),Hetul Raval,FOF-DOM,Unrated,4580.6,0.02,Open Ended,23-Jul-20,NIFTY BHARAT Bond Index - April 2031,13.92,14.03,13.56,-0.32,-0.34,-0.32,1.95,6.84,6.67,6.09,-,-,-,0,-,-,-,-,-,-,4.73,3.76,7.53,0.04,0.03,0.06,0.68,2.28,FoFs : Domestic,0.10% on or before 30D Nil after 30D
Canara Rob Balanced Advantage Fund-Reg(G),Ennettee Fernandes,HY-DYN,Unrated,1165.3,1.88,Open Ended,02-Aug-24,CRISIL Hybrid 50+50 - Moderate Index,9.92,10.57,9.42,-1.49,-3.51,-6.26,-2.66,-,-,-,-,20.55,3.01,108,57,263865,59.67,4.04,9.71,Financials,3.39,2.48,6.86,-,-0.17,-0.28,0.71,-,Hybrid : Dynamic Asset Allocation,Nil upto 12% of units and 1% for remaining units on or before 365D Nil after 365D
Canara Rob Banking & Financial Services Fund-Reg(G),Amit Kadam,EQ-FIN,Unrated,569.1,2.08,Open Ended,20-Mar-26,Nifty Financial Services - TRI,10.11,10.74,9.78,-2.21,-,-,-,-,-,-,-,20.99,2.79,-,25,208073,59.76,16,14.24,Financials,-,-,-,-,-,-,-,-,Equity : Sectoral - Financial Services,NIL upto 12% of units and 1% for remaining units on or before 365D Nil after 365D
Canara Rob Banking and PSU Debt Fund-Reg(G),Suman Prasad,DT-B&PSU,Unrated,185.4,0.60,Open Ended,22-Aug-22,CRISIL Banking and PSU Debt Index,12.49,12.49,12.07,0.23,0.27,0.94,3.23,5.96,6.05,-,-,-,-,0,-,-,-,-,-,-,3.38,2.69,7.17,-0.01,-0.10,-0.18,0.88,1.14,Debt : Banking & PSU,Nil
Canara Rob Conservative Hybrid Fund-Reg(G),Avnish Jain,HY-CON,4,863.6,1.53,Open Ended,31-Mar-96,CRISIL Hybrid 85+15 - Conservative Index,96.43,98.31,94.28,-0.39,-0.81,-1.57,-0.40,4.62,6.52,6.14,7.68,29.81,4.29,135,47,144880,14.94,2.14,7.21,Financials,2.91,1.71,7.03,-0.05,0.05,0.10,1.14,3.77,Hybrid : Conservative Hybrid,Nil upto 10% of units on or before 1Y 1% for more than 10% of units on or before 1Y Nil after 1Y
Canara Rob Consumption Fund-Reg(G),Ennettee Fernandes,EQ-CONS,4,1901.2,1.77,Open Ended,14-Sep-09,Nifty India Consumption - TRI,101.04,113.54,92.50,-2.17,-4.97,-10.78,-6.94,1.67,10.28,11.69,14.92,32.21,5.04,19,44,155994,64.22,20.05,13,FMCG,0.01,-,-,-0.15,0.14,0.23,0.95,14.34,Equity : Thematic - Consumption,1% on or before 1Y Nil after 1Y
Canara Rob Corp Bond Fund-Reg(G),Avnish Jain,DT-CORP,2,108.5,0.85,Open Ended,07-Feb-14,CRISIL Corporate Bond Index,22.43,22.44,21.73,0.17,0.31,1.05,2.90,5.75,5.86,5.05,6.18,-,-,0,-,-,-,-,-,-,2.10,1.75,7.09,-0.04,-0.15,-0.26,0.39,1.16,Debt : Corporate Bond,Nil
Canara Rob Dynamic Bond Fund-Reg(G),Avnish Jain,DT-DYN,2,87.9,1.44,Open Ended,29-May-09,CRISIL Dynamic Bond Index,29.35,29.83,28.86,0.38,-0.65,0.19,-1.61,3.71,4.35,4.11,5.65,-,-,0,-,-,-,-,-,-,5.07,3.53,6.98,-0.15,-0.19,-0.38,1.32,2.97,Debt : Dynamic Bond,Nil
Canara Rob ELSS Tax Saver-Reg(G),Vishal Mishra,EQ-ELSS,4,8529.2,1.52,Open Ended,02-Feb-09,BSE 500 - TRI,170.97,181.51,157.67,-1.36,-3.58,-5.49,-1.72,4.02,12.06,11.00,14.49,26.69,3.92,11,71,231415,70.82,16.15,9.93,Financials,0.01,-,-,0.04,0.17,0.31,0.96,13.14,Equity : Tax Saving (ELSS),Nil
Canara Rob Equity Hybrid Fund-Reg(G),Ennettee Fernandes,HY-AGR,4,11023.8,1.49,Open Ended,01-Feb-93,CRISIL Hybrid 35+65 - Aggressive Index,354.14,372.27,332.83,-1.29,-3.20,-4.52,-0.77,5.05,10.96,9.85,12.26,22.67,3.47,47,68,222183,55.97,13.09,7.31,Financials,2.18,1.25,6.83,0.01,0.17,0.32,1.13,10.15,Hybrid : Aggressive Hybrid,Nil upto 10% of units on or before 1Y 1% for more than 10% of units on or before 1Y Nil after 1Y
Canara Rob Flexi Cap Fund-Reg(G),Shridatta Bhandwaldar,EQ-FLEX,4,13082.7,1.47,Open Ended,16-Sep-03,BSE 500 - TRI,326.04,353.33,301.28,-1.44,-4.35,-7.74,-2.27,4.36,11.65,10.64,13.93,29.17,4.24,22,69,262532,70.4,20.02,4.02,Financials,0.01,-,-,0.02,0.16,0.29,0.94,13.00,Equity : Flexi Cap,1% on or before 1Y Nil after 1Y
Canara Rob Focused Fund-Reg(G),Shridatta Bhandwaldar,EQ-FOC,Unrated,2725.4,1.69,Open Ended,17-May-21,BSE 500 - TRI,18.61,20.80,17.58,-2.52,-6.64,-10.34,-4.33,4.89,12.58,12.53,-,30.23,4.18,33,30,304242,74.62,14.99,4.65,Financials,-,-,-,0.11,0.18,0.32,0.95,13.42,Equity : Focused,1% on or before 365D Nil after 365D
Canara Rob Gilt Fund-Reg(G),Bhupesh Kalyani,DT-GILT,Unrated,125.6,1.05,Open Ended,29-Dec-99,CRISIL Dynamic Gilt Index,75.57,76.73,74.06,0.41,-0.32,0.58,-1.53,4.15,4.93,4.58,6.34,-,-,0,-,-,-,-,-,-,6.99,4.58,6.81,-0.08,-0.13,-0.26,1.05,3.09,Debt : Gilt,Nil
Canara Rob Income Fund-Reg(G),Avnish Jain,DT-M&LD,3,112.8,1.59,Open Ended,19-Sep-02,CRISIL Medium to Long Term Debt Index,56.03,56.25,55.12,0.18,-0.29,0.51,0.35,4.42,4.69,4.13,5.91,-,-,0,-,-,-,-,-,-,8.34,3.97,6.88,-0.11,-0.23,-0.54,0.75,2.03,Debt : Medium to Long Duration,Nil
Canara Rob Infrastructure Fund-Reg(G),Vishal Mishra,EQ-INFRA,3,988.8,1.93,Open Ended,02-Dec-05,BSE India Infrastructure Index - TRI,167.79,173.72,149.21,-1.90,1.68,4.36,5.92,4.54,23.34,22.00,16.74,25.74,3.96,17,45,165964,65.18,19.26,11.32,Capital Goods,0.01,-,-,0.40,0.29,0.60,0.66,18.15,Equity : Sectoral - Infrastructure,1% on or before 1Y Nil after 1Y
Canara Rob Large and Mid Cap Fund-Reg(G),Amit Nadekar,EQ-L&M,4,24675.0,1.38,Open Ended,11-Mar-05,NIFTY LargeMidcap 250 - TRI,240.39,265.86,219.38,-1.82,-2.18,-7.72,-5.12,3.69,12.72,11.69,14.95,36.63,5.24,38,91,109631,41.66,41.71,12.65,Financials,0.01,-,-,-0.23,0.17,0.32,0.98,14.66,Equity : Large & Mid Cap,1% on or before 1Y Nil after 1Y
Canara Rob Large Cap Fund-Reg(G),Shridatta Bhandwaldar,EQ-LC,5,16542.2,1.44,Open Ended,20-Aug-10,BSE 100 - TRI,58.86,65.34,55.61,-2.41,-6.64,-10.12,-5.68,3.00,10.53,9.64,13.18,25.36,3.65,17,58,403649,86.57,9.66,0.01,Financials,2.75,2.05,4.40,0.09,0.14,0.25,0.96,12.19,Equity : Large Cap,1% on or before 1Y Nil after 1Y
Canara Rob Liquid Fund-Reg(G),Bhupesh Kalyani,DT-LIQ,1,6394.6,0.14,Open Ended,15-Jul-08,CRISIL Liquid Debt Index,3320.91,3320.91,3129.08,0.50,1.69,3.16,6.16,6.71,6.89,6.07,5.96,-,-,0,-,-,-,-,-,-,0.11,0.11,6.18,-,0.23,0.07,1.10,0.25,Debt : Liquid,0.007% for Day 1 0.0065% on Day 2 0.0060% on Day 3 0.0055% on Day 4 0.0050% on Day 5 0.0045% on Day 6 NIL on or after 7D
Canara Rob Manufacturing Fund-Reg(G),Pranav Gokhale,EQ-THEM,Unrated,1608.7,1.80,Open Ended,11-Mar-24,Nifty India Manufacturing - TRI,13.42,13.60,11.28,2.15,5.48,5.14,9.93,8.33,-,-,-,41.74,5.60,30,53,83077,45.87,21.02,30.67,Capital Goods,-,-,-,-0.07,0.14,0.27,1.13,-,Equity : Thematic,1% on or before 365D Nil after 365D
Canara Rob Mid Cap Fund-Reg(G),Pranav Gokhale,EQ-MID,Unrated,4451.6,1.62,Open Ended,02-Dec-22,BSE 150 MidCap - TRI,17.36,17.86,15.26,0.64,1.95,-1.87,4.35,8.65,18.30,-,-,34.21,4.55,48,61,78312,21.91,68.14,6.88,Financials,-,-,-,-0.02,0.25,0.49,0.96,16.36,Equity : Mid Cap,1% on or before 365D Nil after 365D
Canara Rob Multi Asset Allocation Fund-Reg(G),Amit Kadam,HY-MULTI,Unrated,1271.2,1.83,Open Ended,30-May-25,BSE 200 - TRI,10.73,11.31,10.00,-0.65,-3.34,-1.11,7.10,-,-,-,-,31.32,4.12,182,39,262821,48.55,16.22,3.99,Financials,0.41,0.37,5.97,0.67,0.11,0.16,0.64,-,Hybrid : Multi Asset Allocation,NIL upto 12% of units and 1% for remaining units on or before 365D Nil after 365D
Canara Rob Multi Cap Fund-Reg(G),Shridatta Bhandwaldar,EQ-MLC,Unrated,5229.3,1.60,Open Ended,28-Jul-23,Nifty500 Multicap 50:25:25 - TRI,14.03,15.02,12.83,-1.34,-2.38,-6.56,-1.13,4.72,-,-,-,31.12,4.38,32,102,98725,42.11,26.2,27.15,Financials,-,-,-,0.02,0.16,0.30,0.93,-,Equity : Multi Cap,1% on or before 365D Nil after 365D
Canara Rob Overnight Fund-Reg(G),Suman Prasad,DT-ON,3,295.7,0.65,Open Ended,24-Jul-19,CRISIL Liquid Overnight Index,1400.94,1400.94,1330.93,0.43,1.28,2.53,5.28,5.83,6.12,5.52,-,-,-,0,-,-,-,-,-,-,0.01,0.01,5.24,0.01,-0.82,-0.20,0.95,0.18,Debt : Overnight,Nil
Canara Rob Savings Fund-Reg(G),Bhupesh Kalyani,DT-LOWD,2,1139.5,0.40,Open Ended,04-Mar-05,CRISIL Low Duration Debt Index,44.32,44.32,42.03,0.26,1.10,2.30,5.51,6.71,6.80,5.88,6.37,-,-,0,-,-,-,-,-,-,1.24,0.87,7.03,-0.02,0.15,0.10,1.22,0.56,Debt : Low Duration,Nil
Canara Rob Short Duration Fund-Reg(G),Suman Prasad,DT-SD,2,298.2,0.85,Open Ended,25-Apr-11,CRISIL Short Duration Debt Index,26.40,26.40,25.40,0.18,0.61,1.47,3.76,6.20,6.18,5.23,6.30,-,-,0,-,-,-,-,-,-,1.56,1.35,7.05,-0.01,-0.08,-0.11,0.33,0.97,Debt : Short Duration,Nil
Canara Rob Small Cap Fund-Reg(G),Pranav Gokhale,EQ-SML,4,13276.0,1.46,Open Ended,15-Feb-19,Nifty Smallcap 250 - TRI,38.08,40.49,33.09,-0.73,1.48,-1.84,-0.08,3.04,13.77,16.13,-,31.05,3.70,30,87,24436,7.54,18.6,70.93,Financials,-,-,-,-0.23,0.18,0.31,0.83,17.36,Equity : Small Cap,1% on or before 1Y Nil after 1Y
Canara Rob Ultra Short Term Fund-Reg(G),Bhupesh Kalyani,DT-USD,2,497.6,0.80,Open Ended,11-Jul-08,CRISIL Ultra Short Term Debt Index,3991.49,3991.49,3784.29,0.34,1.41,2.59,5.54,6.29,6.36,5.45,5.52,-,-,0,-,-,-,-,-,-,0.46,0.37,6.67,-0.04,-0.12,-0.06,1.04,0.40,Debt : Ultra Short Duration,Nil
Capitalmind Arbitrage Fund-Reg(G),Anoop Vijaykumar,HY-ARB,Unrated,17.6,0.84,Open Ended,16-Mar-26,Nifty 50 Arbitrage - TRI,10.11,10.12,10.00,0.44,-,-,-,-,-,-,-,17.42,2.71,86,48,143259,41.79,20.99,10.32,Financials,0.07,0.07,5.71,-,-,-,-,-,Hybrid : Arbitrage,0.25% on or before 15D Nil after 15D
Capitalmind Flexi Cap Fund-Reg(G),Anoop Vijaykumar,EQ-FLEX,Unrated,424.8,2.07,Open Ended,04-Aug-25,NIFTY 500 - TRI,9.81,10.35,9.39,-1.50,-4.44,-4.25,-,-,-,-,-,19.27,3.22,20,42,89980,47.07,23.33,12.55,Financials,-,-,-,-,-,-,-,-,Equity : Flexi Cap,1% on or before 1M Nil after 1M
Capitalmind Liquid Fund-Reg(G),Prateek Jain,DT-LIQ,Unrated,92.1,0.25,Open Ended,28-Nov-25,Nifty Liquid Fund Index,1033.13,1033.13,1000.00,0.48,1.64,3.10,-,-,-,-,-,-,-,0,-,-,-,-,-,-,0.08,0.08,6.11,-,-,-,-,-,Debt : Liquid,0.007% for Day 1 0.0065% on Day 2 0.0060% on Day 3 0.0055% on Day 4 0.0050% on Day 5 0.0045% on Day 6 NIL on or after 7D
Capitalmind Multi Asset Allocation Fund-Reg(G),Anoop Vijaykumar,HY-MULTI,Unrated,28.6,1.76,Open Ended,16-Mar-26,NIFTY 500 - TRI,10.24,10.30,9.95,0.93,-,-,-,-,-,-,-,9.61,2.18,30,29,101799,32.95,7.91,-,Energy,0.12,0.12,5.70,-,-,-,-,-,Hybrid : Multi Asset Allocation,1% on or before 30D Nil after 30D
Choice Gold ETF,Rochan Pattnayak,PM-ETF,Unrated,52.6,0.51,Open Ended,04-Nov-25,Gold-India,154.29,173.12,119.80,3.31,-2.44,19.57,-,-,-,-,-,-,-,69,-,-,-,-,-,-,-,-,-,-,-,-,-,-,Metal : ETFs,null
Choice Nifty 50 Index Fund-Reg(G),Rochan Pattnayak,EQ-INDX,Unrated,17.5,0.45,Open Ended,07-Apr-26,NIFTY 50 - TRI,10.12,10.57,10.00,-2.44,-,-,-,-,-,-,-,19.99,3.02,12,50,532385,99.06,0.67,-,Financials,-,-,-,-,-,-,-,-,Equity : Index Funds,NIL
Choice Nifty Next 50 Index Fund-Reg(G),Rochan Pattnayak,EQ-INDX,Unrated,11.5,0.90,Open Ended,07-Apr-26,NIFTY NEXT 50 - TRI,10.90,11.18,10.00,0.34,-,-,-,-,-,-,-,19.50,3.34,2,54,99130,84.37,12.13,-,Financials,-,-,-,-,-,-,-,-,Equity : Index Funds,NIL
CPSE ETF,Jitendra Tolani,EQ-ETF,Unrated,22275.2,0.07,Open Ended,28-Mar-14,Nifty CPSE - TRI,100.14,108.87,87.67,-6.53,-1.57,9.74,10.25,4.60,33.77,31.61,17.71,14.56,2.23,10,11,268497,87.71,10.28,1.99,Energy,-,-,-,-,0.39,0.91,1.00,19.94,Equity : ETFs,Nil
Diviniti Equity Long Short Fund-Reg(G),Vasav Sahgal,HY-LS,Unrated,415.7,2.44,Open Ended,01-Dec-25,NIFTY 50 - TRI,906.94,1006.06,906.94,-,-,-,-,-,-,-,-,23.24,3.19,-,33,435599,62.16,6.37,-,Financials,-,-,-,-,-,-,-,-,Hybrid : Long - Short,Nil upto 10% of units and 0.50% for remaining units on or before 6M Nil after 6M
DSP 10Y G-Sec Fund-Reg(G),Shantanu Godambe,DT-GL10Y,Unrated,48.3,0.45,Open Ended,26-Sep-14,CRISIL 10 Year Gilt Index,22.05,22.27,21.65,0.58,-0.78,-0.25,0.11,5.47,5.76,4.38,6.40,-,-,0,-,-,-,-,-,-,9.26,6.75,7.10,-0.01,-0.06,-0.13,0.97,2.44,Debt : Gilt (10 Yr Constant Duration),NIL
DSP Aggressive Hybrid Fund-Reg(G),Abhishek Singh,HY-AGR,4,11581.8,1.47,Open Ended,27-May-99,CRISIL Hybrid 35+65 - Aggressive Index,338.37,365.68,323.59,-1.42,-4.89,-7.13,-5.20,5.32,11.42,9.52,11.83,21.48,3.11,132,44,208394,53.22,7.99,9.17,Financials,13.24,5.05,7.30,0.09,0.19,0.37,1.07,10.02,Hybrid : Aggressive Hybrid,NIL upto 10% of investment within 12M 1% exceding 10% of investment within 12M NIL after 12M
DSP Arbitrage Fund-Reg(G),Kaivalya Nadkarni,HY-ARB,2,6511.6,0.87,Open Ended,25-Jan-18,Nifty 50 Arbitrage,15.67,15.69,14.87,0.30,1.18,2.68,5.61,6.18,6.62,5.77,-,18.42,2.55,1030,133,217001,46.61,15.32,5.34,Financials,0.44,0.63,7.03,-0.03,0.03,0.02,0.49,0.45,Hybrid : Arbitrage,Nil upto 10% of units and 0.25% for remaining units on or before 15D Nil after 15D
DSP Banking & Financial Services Fund-Reg(G),Preethi R S,EQ-FIN,Unrated,1828.3,1.78,Open Ended,08-Dec-23,Nifty Financial Services - TRI,13.64,14.70,12.52,-2.15,-4.86,-2.99,4.08,14.10,-,-,-,20.67,2.81,59,33,129673,50.81,21.13,23.31,Financials,-,-,-,0.50,0.17,0.33,0.91,-,Equity : Sectoral - Financial Services,0.50% on or before 1M Nil after 1M
DSP Banking & PSU Debt Fund-Reg(G),Shantanu Godambe,DT-B&PSU,4,3387.8,0.51,Open Ended,14-Sep-13,NIFTY Banking and PSU Debt Index,24.79,24.84,24.09,0.12,-0.16,0.60,2.28,6.11,6.34,5.56,6.80,-,-,0,-,-,-,-,-,-,7.11,4.03,7.52,0.01,-0.01,-0.03,0.58,1.72,Debt : Banking & PSU,Nil
DSP Bond Fund-Reg(G),Vivekanand Ramakrishnan,DT-MD,3,288.4,0.66,Open Ended,29-Apr-97,CRISIL Medium Duration Debt Index,84.63,84.84,82.05,0.10,0.05,0.68,2.86,6.54,6.49,5.65,5.97,-,-,0,-,-,-,-,-,-,3.85,3.12,7.43,0.02,0.01,0.02,0.49,1.48,Debt : Medium Duration,Nil
DSP BSE Liquid Rate ETF,Anil Ghelani,DT-ETF,Unrated,1650.1,0.26,Open Ended,27-Mar-24,BSE Liquid Rate Index,1129.17,1129.17,1075.33,0.43,1.22,2.41,5.02,5.59,-,-,-,-,-,0,-,-,-,-,-,-,0.01,-,4.93,-0.08,-1.47,-0.37,0.04,-,Debt : ETFs,null
DSP BSE Sensex ETF,Anil Ghelani,EQ-ETF,Unrated,3.4,0.06,Open Ended,27-Jul-23,BSE SENSEX - TRI,76.62,87.77,73.71,-3.28,-8.42,-13.01,-7.85,1.42,-,-,-,21.37,3.11,79,30,649027,99.89,-,-,Financials,-,-,-,-0.22,0.01,0.02,0.99,-,Equity : ETFs,null
DSP BSE Sensex Next 30 ETF,Anil Ghelani,EQ-ETF,Unrated,45.3,0.13,Open Ended,30-Jan-25,BSE Sensex Next 30 - TRI,42.11,43.14,37.28,0.51,1.36,4.24,11.73,-,-,-,-,16.78,2.99,39,30,180944,92.18,7.72,-,Automobile and Ancillaries,-,-,-,1.18,0.28,0.55,0.91,-,Equity : ETFs,null
DSP BSE Sensex Next 30 Index Fund-Reg(G),Anil Ghelani,EQ-INDX,Unrated,21.3,1.02,Open Ended,30-Jan-25,BSE Sensex Next 30 - TRI,11.97,12.26,10.62,0.45,1.10,3.75,10.73,-,-,-,-,16.78,2.99,49,30,180943,92.21,7.73,-,Automobile and Ancillaries,-,-,-,1.10,0.27,0.52,0.90,-,Equity : Index Funds,NIL
DSP BSE Top 10 Banks ETF,Anil Ghelani,EQ-ETF,Unrated,204.9,0.13,Open Ended,06-Mar-26,BSE Top 10 Banks Index - TRI,15.88,17.25,15.10,-2.66,-,-,-,-,-,-,-,16.02,1.91,2,10,532994,84.73,15.25,-,Financials,-,-,-,-,-,-,-,-,Equity : ETFs,null
DSP Business Cycle Fund-Reg(G),Anish Tawakley,EQ-THEM,Unrated,1142.9,1.88,Open Ended,17-Dec-24,NIFTY 500 - TRI,9.94,10.53,9.27,-1.75,-4.07,-3.66,1.83,-,-,-,-,26.36,3.44,53,52,160277,54.4,20.17,15.62,Financials,-,-,-,-0.08,-0.05,-0.08,0.96,-,Equity : Thematic,0.50% on or before 1M Nil after 1M
DSP Corp Bond Fund-Reg(G),Shantanu Godambe,DT-CORP,3,2894.6,0.46,Open Ended,10-Sep-18,CRISIL Corporate Bond Index,16.76,16.76,15.95,0.22,1.01,2.11,5.14,7.04,6.75,5.53,-,-,-,0,-,-,-,-,-,-,0.87,0.79,7.19,0.03,0.10,0.12,0.26,0.85,Debt : Corporate Bond,NIL
DSP Credit Risk Fund-Reg(G),Vivekanand Ramakrishnan,DT-CR,3,242.1,1.01,Open Ended,13-May-03,CRISIL Credit Risk Debt Index,54.02,54.02,49.57,1.05,7.11,6.62,8.99,15.92,15.69,12.09,8.06,-,-,0,-,-,-,-,-,-,2.98,2.27,7.75,0.71,0.29,1.78,0.33,8.30,Debt : Credit Risk,3% on or before 12M Nil after 3M
DSP CRISIL-IBX 50:50 Gilt Plus SDL - April 2033 Index Fund-Reg(G),Shantanu Godambe,DT-LD,Unrated,286.9,0.34,Open Ended,25-Jan-23,CRISIL-IBX 50:50 Gilt Plus SDL Index - April 2033,12.64,12.73,12.31,0.30,-0.53,0.54,1.20,6.44,6.48,-,-,-,-,0,-,-,-,-,-,-,6.42,4.92,7.34,0.04,0.03,0.06,0.88,2.39,Debt : Long Duration,Nil
DSP Dynamic Asset Allocation Fund-Reg(G),Rohit Singhania,HY-DYN,3,3661.3,1.62,Open Ended,06-Feb-14,CRISIL Hybrid 50+50 - Moderate Index,27.82,28.60,26.95,-0.62,-1.55,-2.17,1.77,6.28,10.14,7.88,8.74,20.13,2.66,432,51,258692,53.12,5.33,8.11,Financials,3.16,2.36,7.20,0.19,0.22,0.48,0.44,5.80,Hybrid : Dynamic Asset Allocation,1% on or before 1M Nil after 1M
DSP ELSS Tax Saver Fund-Reg(G),Rohit Singhania,EQ-ELSS,4,16336.6,1.44,Open Ended,18-Jan-07,NIFTY 500 - TRI,133.41,146.69,124.71,-1.71,-6.73,-7.61,-3.48,4.60,15.59,13.22,15.01,19.36,2.76,36,59,220351,68.95,13.04,11.54,Financials,-,-,-,0.17,0.23,0.42,1.00,14.02,Equity : Tax Saving (ELSS),Nil
DSP Equity Savings Fund-Reg(G),Abhishek Singh,HY-EQS,2,3541.4,1.33,Open Ended,28-Mar-16,NIFTY 50 Equity Savings Index - TRI,21.90,22.33,21.65,-0.37,-1.11,-1.35,1.09,5.92,8.44,7.59,7.92,17.89,2.75,539,71,272710,57.85,3.76,5.91,Financials,4.82,2.29,6.74,0.22,0.19,0.46,0.68,3.70,Hybrid : Equity Savings,Nil
DSP Flexi Cap Fund-Reg(G),Bhavin Gandhi,EQ-FLEX,4,11769.1,1.48,Open Ended,07-Jun-07,NIFTY 500 - TRI,97.97,105.87,90.40,-0.74,-4.80,-6.71,-3.79,3.97,12.76,10.57,14.02,22.05,3.28,29,64,173836,58.79,20.92,11.6,Financials,-,-,-,-0.04,0.18,0.32,1.01,14.24,Equity : Flexi Cap,1% on or before 12M Nil after 12M
DSP Floater Fund-Reg(G),Shantanu Godambe,DT-FL,Unrated,325.7,0.45,Open Ended,19-Mar-21,CRISIL Short Duration Debt Index,13.77,13.77,13.21,0.33,0.40,1.52,4.01,7.06,7.38,6.22,-,-,-,0,-,-,-,-,-,-,4.62,1.27,6.58,0.08,0.20,0.31,0.41,1.22,Debt : Floater,Nil
DSP FMP 264-60M & 17D-Reg(G),Shantanu Godambe,DT-FMP,Unrated,54.1,-,Closed Ended,13-Sep-21,CRISIL Medium to Long Term Debt Index,13.14,13.14,12.45,0.40,1.30,2.67,5.66,7.24,7.05,-,-,-,-,-,-,-,-,-,-,-,-,-,-,0.05,0.24,0.21,0.28,0.71,Debt : FTP/FMP,null
DSP FMP 267-1172D-Reg(G),Sandeep Yadav,DT-FMP,Unrated,46.3,-,Closed Ended,14-Nov-22,CRISIL Medium Duration Debt Index,12.68,12.70,12.08,0.08,0.72,2.07,4.93,6.61,6.62,-,-,-,-,-,-,-,-,-,-,-,-,-,-,0.02,0.08,0.07,0.24,0.67,Debt : FTP/FMP,null
DSP FMP 268-1281D-Reg(G),Sandeep Yadav,DT-FMP,Unrated,133.6,-,Closed Ended,24-Nov-22,CRISIL Medium Duration Debt Index,12.71,12.71,12.05,0.44,1.30,2.69,5.55,6.86,6.84,-,-,-,-,-,-,-,-,-,-,-,-,-,-,0.03,0.19,0.12,0.19,0.53,Debt : FTP/FMP,null
DSP FMP 270-1172D-Reg(G),Sandeep Yadav,DT-FMP,Unrated,25.3,-,Closed Ended,24-Feb-23,CRISIL Medium Duration Debt Index,12.45,12.47,11.87,0.08,0.73,2.07,4.94,6.61,6.62,-,-,-,-,-,-,-,-,-,-,-,-,-,-,0.02,0.08,0.07,0.24,0.67,Debt : FTP/FMP,null
DSP Focused Fund-Reg(G),Bhavin Gandhi,EQ-FOC,2,2489.8,1.71,Open Ended,10-Jun-10,NIFTY 500 - TRI,51.74,56.93,48.10,-0.96,-5.47,-8.07,-4.36,4.24,14.32,10.68,11.65,21.04,3.16,30,29,153444,58.59,17.18,16.21,Financials,-,-,-,0.10,0.21,0.39,0.99,14.27,Equity : Focused,1% on or before 1M Nil after 1M
DSP Gilt Fund-Reg(G),Shantanu Godambe,DT-GILT,4,1268.4,1.00,Open Ended,30-Sep-99,CRISIL Dynamic Gilt Index,95.72,97.36,93.09,0.02,-1.60,0.36,-1.73,4.41,5.46,5.17,7.16,-,-,0,-,-,-,-,-,-,27.34,11.02,7.80,-0.02,-0.05,-0.10,1.24,3.79,Debt : Gilt,Nil
DSP Global Clean Energy Overseas Equity Omni FoF-Reg(G),Kaivalya Nadkarni,FOF-OVR,Unrated,116.1,2.09,Open Ended,14-Aug-09,MSCI ACWI IMI Clean Energy Infrastructure Index,30.41,31.26,17.79,2.42,14.02,32.07,71.67,28.84,19.86,13.42,9.90,-,-,49,-,-,-,-,-,-,-,-,-,1.02,0.23,0.49,0.56,19.02,FoFs : Overseas,Nil
DSP Global Innovation Overseas Equity Omni FoF-Reg(G),Kaivalya Nadkarni,FOF-OVR,Unrated,1306.0,1.85,Open Ended,14-Feb-22,MSCI ACWI Net TRI,22.10,22.10,15.30,10.03,18.74,18.72,43.92,-,28.76,-,-,-,-,-,-,-,-,-,-,-,-,-,-,1.79,0.37,0.78,0.46,-,FoFs : Overseas,Nil
DSP Gold ETF,Ravi Gehani,PM-ETF,Unrated,2228.9,0.38,Open Ended,28-Apr-23,Gold-India,150.99,169.43,93.45,3.32,-2.40,19.87,60.86,45.19,35.94,-,-,-,-,-,-,-,-,-,-,-,-,-,-,2.20,0.47,1.20,0.57,16.22,Metal : ETFs,null
DSP Gold ETF FoF-Reg(G),Anil Ghelani,FOF-DOM,Unrated,494.4,0.90,Open Ended,17-Nov-23,Gold-India,24.27,27.85,15.14,3.25,-3.18,19.34,59.83,44.10,-,-,-,-,-,-,-,-,-,-,-,-,-,-,-,2.62,0.54,1.32,0.01,-,FoFs : Domestic,NIL
DSP Healthcare Fund-Reg(G),Chirag Dagli,EQ-PHRM,5,3142.4,1.67,Open Ended,30-Nov-18,BSE Health Care - TRI,40.50,40.99,35.84,4.05,6.30,2.08,7.04,11.18,21.70,13.97,-,37.95,4.61,4,30,35254,21.13,16.68,41.83,Healthcare,-,-,-,1.11,0.33,0.74,0.62,14.17,Equity : Sectoral - Pharma,0.50% on or before 1M Nil after 1M
DSP Income Plus Arbitrage Omni FoF-Reg(G),Kaivalya Nadkarni,FOF-OVR,Unrated,1482.2,0.77,Open Ended,21-Aug-14,NIFTY Composite Debt Index,22.02,22.04,21.24,0.19,0.35,1.36,3.45,6.78,9.26,5.00,7.64,-,-,0,-,-,-,-,-,-,-,2.48,6.42,0.29,0.14,0.27,1.08,6.42,FoFs : Overseas,Nil
DSP India T.I.G.E.R Fund-Reg(G),Rohit Singhania,EQ-INFRA,3,5788.6,1.58,Open Ended,11-Jun-04,BSE India Infrastructure Index - TRI,349.42,355.35,296.10,1.54,6.81,10.60,13.12,5.58,25.79,23.45,18.23,29.62,4.13,20,64,67094,40.03,11.66,37.07,Capital Goods,-,-,-,1.22,0.31,0.60,1.13,18.79,Equity : Sectoral - Infrastructure,1% before 12M Nil on or after 12M
DSP Large & Mid Cap Fund-Reg(G),Rohit Singhania,EQ-L&M,3,17331.0,1.43,Open Ended,16-May-00,NIFTY LargeMidcap 250 - TRI,596.71,650.62,558.41,-1.38,-5.97,-6.58,-2.13,4.54,16.33,13.00,14.71,20.40,2.90,34,76,161846,52.68,32.47,8.97,Financials,-,-,-,0.06,0.24,0.46,0.95,14.05,Equity : Large & Mid Cap,1% before 12M Nil on or after 12M
DSP Large Cap Fund-Reg(G),Anish Tawakley,EQ-LC,1,7192.0,1.54,Open Ended,10-Mar-03,NIFTY 100 - TRI,442.94,489.58,423.20,-2.13,-6.91,-9.43,-6.20,4.40,12.68,10.52,11.21,19.26,2.82,26,32,312705,82.41,3.25,5.21,Financials,-,-,-,0.19,0.20,0.37,0.87,11.53,Equity : Large Cap,1% before 12M Nil on or after 12M
DSP Liquidity Fund-Reg(G),Karan Mundhra,DT-LIQ,3,22480.4,0.18,Open Ended,22-Nov-05,CRISIL Liquid Debt Index,3939.12,3939.12,3711.06,0.49,1.66,3.16,6.17,6.71,6.88,6.05,6.04,-,-,0,-,-,-,-,-,-,0.12,0.11,6.31,-,0.23,0.06,1.08,0.24,Debt : Liquid,0.007% for Day 1 0.0065% on Day 2 0.0060% on Day 3 0.0055% on Day 4 0.0050% on Day 5 0.0045% on Day 6 NIL after 7D
DSP Low Duration Fund-Reg(G),Karan Mundhra,DT-LOWD,4,5108.1,0.53,Open Ended,10-Mar-15,NIFTY Low Duration Debt Index,20.80,20.80,19.78,0.19,0.95,2.11,5.19,6.58,6.69,5.88,6.48,-,-,0,-,-,-,-,-,-,1.15,0.91,7.12,0.03,0.10,0.07,0.79,0.57,Debt : Low Duration,Nil
DSP Midcap Fund-Reg(G),Vinit Sambre,EQ-MID,2,19459.0,1.42,Open Ended,14-Nov-06,Nifty Midcap 150 - TRI,147.42,151.86,132.74,-0.21,-1.71,-2.19,3.48,6.34,17.66,12.23,14.82,28.40,3.79,25,61,63860,19.2,62.09,13.83,Financials,-,-,-,-0.18,0.24,0.46,0.96,16.62,Equity : Mid Cap,1% before 12M Nil on or after 12M
DSP MSCI India ETF,Anil Ghelani,EQ-ETF,Unrated,3.3,0.34,Open Ended,25-Nov-25,MSCI India,28.64,31.09,26.55,-1.49,-4.64,-7.08,-,-,-,-,-,21.29,3.29,77,168,284156,81.48,17.91,-,Financials,-,-,-,-,-,-,-,-,Equity : ETFs,null
DSP Multi Asset Allocation Fund-Reg(G),Aparna Karnik,HY-MULTI,Unrated,9241.1,1.22,Open Ended,27-Sep-23,NIFTY 500 - TRI,16.06,16.54,13.46,1.37,0.10,5.95,19.75,16.62,-,-,-,17.72,2.67,132,55,252449,27.95,2.94,4.94,Financials,7.49,3.39,6.23,0.87,0.50,0.96,0.42,-,Hybrid : Multi Asset Allocation,Nil upto 10% of units and 1% for remaining units on or before 12M Nil after 12M
DSP Multi Asset Omni FoF-Reg(G),Anil Ghelani,FOF-DOM,Unrated,769.3,1.13,Open Ended,25-Feb-26,NIFTY 500 - TRI,9.79,10.03,9.37,-0.17,-1.85,-,-,-,-,-,-,-,-,-,-,-,-,-,-,-,-,-,-,-,-,-,-,-,FoFs : Domestic,1% on or before 1M Nil after 1M
DSP Multicap Fund-Reg(G),Chirag Dagli,EQ-MLC,Unrated,2730.9,1.69,Open Ended,30-Jan-24,Nifty500 Multicap 50:25:25 - TRI,11.72,12.45,10.37,0.82,0.24,-4.03,-1.53,4.10,-,-,-,26.68,3.58,14,63,56503,31.3,22.67,39.8,Financials,-,-,-,0.02,0.05,0.10,1.01,-,Equity : Multi Cap,1% on or before 12M Nil after 12M
DSP Natural Res & New Energy Fund-Reg(G),Rohit Singhania,EQ-POWER,Unrated,2342.6,1.72,Open Ended,25-Apr-08,BSE OIL & GAS Index,110.82,112.66,87.05,-0.67,0.58,15.66,26.16,9.20,24.58,17.16,19.24,11.37,1.75,28,23,140287,49.65,17.79,4.73,Energy,-,-,-,1.02,0.35,0.74,0.53,14.53,Equity : Sectoral - Energy / Power,Nil
DSP NIFTY 1D Rate Liquid ETF,Anil Ghelani,DT-ETF,Unrated,452.4,0.26,Open Ended,14-Mar-18,Nifty 1D Rate Index,1000.00,1000.17,1000.00,0.43,1.14,2.33,4.92,5.53,5.86,5.16,-,-,-,0,-,-,-,-,-,-,0.01,-,6.47,-0.03,-0.99,-0.30,0.93,0.21,Debt : ETFs,null
DSP Nifty 50 Equal Weight ETF,Anil Ghelani,EQ-ETF,Unrated,1265.0,0.17,Open Ended,08-Nov-21,NIFTY50 Equal Weight - TRI,335.58,350.32,306.77,-0.28,-2.74,-2.99,4.75,7.24,15.16,-,-,19.21,3.34,29,50,302642,98.03,1.91,-,Financials,-,-,-,-0.02,0.24,0.43,1.00,12.60,Equity : ETFs,null
DSP Nifty 50 Equal Weight Index Fund-Reg(G),Anil Ghelani,EQ-INDX,5,2522.5,0.82,Open Ended,23-Oct-17,NIFTY50 Equal Weight - TRI,25.80,27.00,23.62,-0.34,-2.94,-3.37,3.98,6.47,14.34,13.26,-,19.21,3.34,25,50,302634,98.04,1.91,-,Financials,-,-,-,-0.08,0.22,0.40,1.00,12.60,Equity : Index Funds,Nil
DSP Nifty 50 ETF,Anil Ghelani,EQ-ETF,Unrated,270.5,0.06,Open Ended,23-Dec-21,NIFTY 50 - TRI,246.14,275.15,233.66,-2.41,-6.96,-10.39,-4.55,3.13,9.33,-,-,19.99,3.02,73,50,532358,99.27,0.67,-,Financials,-,-,-,-,0.11,0.21,1.00,12.14,Equity : ETFs,null
DSP NIFTY 50 Index Fund-Reg(G),Anil Ghelani,EQ-INDX,3,1085.3,0.33,Open Ended,21-Feb-19,NIFTY 50 - TRI,22.74,25.45,21.60,-2.43,-7.03,-10.54,-4.85,2.79,8.94,9.35,-,19.99,3.02,7,50,532359,99.29,0.67,-,Financials,-,-,-,-0.03,0.11,0.19,1.00,12.15,Equity : Index Funds,Nil
DSP Nifty 500 Index Fund-Reg(G),Anil Ghelani,EQ-INDX,Unrated,13.2,0.80,Open Ended,05-Jan-26,NIFTY 500 - TRI,9.34,10.00,8.52,-1.05,-3.29,-,-,-,-,-,-,21.98,3.21,15,504,202494,69.38,19.74,10.19,Financials,-,-,-,-,-,-,-,-,Equity : Index Funds,NIL
DSP Nifty Bank ETF,Anil Ghelani,EQ-ETF,Unrated,603.3,0.13,Open Ended,03-Jan-23,NIFTY BANK - TRI,54.84,62.77,51.26,-2.07,-11.26,-10.06,-3.19,5.19,7.49,-,-,14.18,1.65,39,14,330032,76.14,23.83,-,Financials,-,-,-,-0.01,0.05,0.08,1.00,14.73,Equity : ETFs,null
DSP Nifty Bank Index Fund-Reg(G),Anil Ghelani,EQ-INDX,Unrated,58.6,0.80,Open Ended,31-May-24,NIFTY BANK - TRI,10.89,12.50,10.20,-2.13,-11.44,-10.40,-3.88,4.36,-,-,-,14.17,1.65,31,14,330019,76.12,23.81,-,Financials,-,-,-,-0.08,-0.02,-0.04,1.00,-,Equity : Index Funds,Nil
DSP Nifty FMCG ETF,Anil Ghelani,EQ-ETF,Unrated,-,-,Open Ended,18-May-26,NIFTY FMCG - TRI,48.62,50.84,48.26,-,-,-,-,-,-,-,-,-,-,-,-,-,-,-,-,-,-,-,-,-,-,-,-,-,Equity : ETFs,null
DSP Nifty Healthcare ETF,Anil Ghelani,EQ-PHRM,Unrated,13.6,0.17,Open Ended,01-Feb-24,Nifty Healthcare Index - TRI,153.05,160.36,138.79,2.33,2.62,2.66,10.33,13.85,-,-,-,38.98,4.90,19,20,123128,54.79,43.27,1.88,Healthcare,-,-,-,-0.02,0.15,0.31,1.00,-,Equity : Sectoral - Pharma,null
DSP Nifty Healthcare Index Fund-Reg(G),Anil Ghelani,EQ-PHRM,Unrated,18.6,0.80,Open Ended,20-Jun-25,Nifty Healthcare Index - TRI,10.71,11.23,9.75,2.25,2.43,2.26,-,-,-,-,-,38.98,4.90,16,20,123089,54.5,43.08,1.87,Healthcare,-,-,-,-,-,-,-,-,Equity : Sectoral - Pharma,NIL
DSP Nifty IT ETF,Anil Ghelani,EQ-ETF,Unrated,146.0,0.17,Open Ended,07-Jul-23,NIFTY IT - TRI,32.89,41.33,28.84,2.02,-1.99,-19.58,-18.14,-0.05,-,-,-,20.21,4.84,18,10,284003,82.24,17.51,-,Technology,-,-,-,-0.02,-0.01,-0.01,1.00,-,Equity : ETFs,null
DSP Nifty IT Index Fund-Reg(G),Anil Ghelani,EQ-INDX,Unrated,75.2,0.83,Open Ended,20-Jun-25,NIFTY IT - TRI,8.08,10.19,7.09,1.96,-2.18,-19.93,-,-,-,-,-,20.21,4.84,16,10,283999,82.36,17.54,-,Technology,-,-,-,-,-,-,-,-,Equity : Index Funds,NIL
DSP Nifty Midcap 150 ETF,Anil Ghelani,EQ-ETF,Unrated,6.2,0.17,Open Ended,12-Dec-25,Nifty Midcap 150 - TRI,22.32,22.89,19.44,1.23,1.88,-,-,-,-,-,-,28.43,3.87,72,150,68137,11.59,84.8,3.52,Financials,-,-,-,-,-,-,-,-,Equity : ETFs,null
DSP Nifty Midcap 150 Index Fund-Reg(G),Anil Ghelani,EQ-INDX,Unrated,13.0,0.84,Open Ended,11-Dec-25,Nifty Midcap 150 - TRI,10.14,10.40,8.85,1.15,1.61,-,-,-,-,-,-,28.43,3.86,16,150,68104,11.58,84.89,3.54,Financials,-,-,-,-,-,-,-,-,Equity : Index Funds,NIL
DSP Nifty Midcap 150 Quality 50 ETF,Anil Ghelani,EQ-ETF,Unrated,95.3,0.25,Open Ended,23-Dec-21,NIFTY Midcap150 Quality 50 - TRI,244.52,256.96,213.27,1.47,0.79,-2.56,-2.38,3.36,12.73,-,-,31.45,6.34,40,50,56815,16.85,73.86,9.19,Automobile and Ancillaries,-,-,-,-0.02,0.16,0.32,1.00,15.68,Equity : ETFs,null
DSP Nifty Midcap 150 Quality 50 Index Fund-Reg(G),Anil Ghelani,EQ-INDX,Unrated,446.6,0.80,Open Ended,04-Aug-22,NIFTY Midcap150 Quality 50 - TRI,14.18,14.98,12.38,1.43,0.64,-2.88,-2.99,2.73,12.04,-,-,31.45,6.34,42,50,56811,16.86,73.89,9.2,Automobile and Ancillaries,-,-,-,-0.07,0.15,0.30,1.00,15.66,Equity : Index Funds,Nil
DSP Nifty Next 50 ETF,Anil Ghelani,EQ-ETF,Unrated,8.5,0.17,Open Ended,05-Jan-26,NIFTY NEXT 50 - TRI,70.29,72.13,60.50,0.41,0.51,-,-,-,-,-,-,19.50,3.34,27,54,98984,84.4,12.15,-,Financials,-,-,-,-,-,-,-,-,Equity : ETFs,null
DSP NIFTY Next 50 Index Fund-Reg(G),Anil Ghelani,EQ-INDX,3,1261.0,0.80,Open Ended,21-Feb-19,NIFTY NEXT 50 - TRI,27.09,27.80,23.33,0.36,0.32,1.00,5.06,2.01,18.38,13.00,-,19.51,3.34,28,54,98922,84.4,12.15,-,Financials,-,-,-,-0.05,0.23,0.42,1.00,17.92,Equity : Index Funds,Nil
DSP Nifty Private Bank ETF,Anil Ghelani,EQ-ETF,Unrated,550.2,0.13,Open Ended,27-Jul-23,Nifty Private Bank - TRI,26.31,29.53,24.43,-0.83,-8.95,-9.43,-5.08,3.95,-,-,-,17.74,1.89,15,10,399345,80.74,16.29,2.93,Financials,-,-,-,-0.06,-0.02,-0.04,1.00,-,Equity : ETFs,null
DSP Nifty Private Bank Index Fund-Reg(G),Anil Ghelani,EQ-INDX,Unrated,67.9,0.83,Open Ended,06-Mar-25,Nifty Private Bank - TRI,10.57,11.91,9.84,-0.90,-9.21,-9.91,-6.14,-,-,-,-,17.74,1.89,27,10,399386,80.88,16.32,2.93,Financials,-,-,-,-0.11,-0.02,-0.03,0.99,-,Equity : Index Funds,NIL
DSP Nifty PSU Bank ETF,Anil Ghelani,EQ-ETF,Unrated,173.3,0.13,Open Ended,27-Jul-23,NIFTY PSU BANK - TRI,81.40,99.32,67.79,-5.05,-18.00,-5.63,15.36,4.89,-,-,-,8.34,1.21,62,12,227226,87.33,12.33,0.3,Financials,-,-,-,-0.15,0.21,0.44,0.98,-,Equity : ETFs,null
DSP Nifty SDL Plus G-Sec Jun 2028 30:70 Index Fund-Reg(G),Shantanu Godambe,DT-M&LD,Unrated,1656.8,0.26,Open Ended,21-Mar-22,Nifty SDL Plus G-Sec Jun 2028 70:30 Index,13.03,13.03,12.46,0.25,0.39,1.93,4.52,7.27,6.98,-,-,-,-,0,-,-,-,-,-,-,1.75,1.58,6.42,0.06,0.14,0.21,0.43,1.22,Debt : Medium to Long Duration,Nil
DSP Nifty SDL Plus G-Sec Sep 2027 50:50 Index Fund-Reg(G),Shantanu Godambe,DT-M&LD,Unrated,89.7,0.28,Open Ended,14-Feb-23,Nifty SDL Plus G-Sec Sep 2027 50:50 Index,12.66,12.66,12.07,0.22,0.72,2.18,4.87,7.21,6.94,-,-,-,-,0,-,-,-,-,-,-,1.23,1.14,6.28,0.06,0.16,0.21,0.34,1.00,Debt : Medium to Long Duration,Nil
DSP Nifty Smallcap 250 ETF,Anil Ghelani,EQ-ETF,Unrated,5.3,0.17,Open Ended,12-Dec-25,Nifty Smallcap 250 - TRI,16.98,17.47,14.23,0.79,6.39,-,-,-,-,-,-,29.85,3.10,109,250,19937,-,7.04,92.5,Financials,-,-,-,-,-,-,-,-,Equity : ETFs,null
DSP Nifty Smallcap 250 Index Fund-Reg(G),Anil Ghelani,EQ-INDX,Unrated,10.4,0.83,Open Ended,11-Dec-25,Nifty Smallcap 250 - TRI,10.37,10.67,8.73,0.68,5.88,-,-,-,-,-,-,29.87,3.11,49,250,19944,-,7.08,92.98,Financials,-,-,-,-,-,-,-,-,Equity : Index Funds,NIL
DSP Nifty Smallcap250 Quality 50 Index Fund-Reg(G),Anil Ghelani,EQ-INDX,Unrated,310.8,0.80,Open Ended,26-Dec-23,Nifty Smallcap250 Quality 50 - TRI,10.68,12.42,9.42,-1.14,1.16,-6.23,-9.28,-0.23,-,-,-,23.97,4.40,54,50,17221,-,-,98.34,Financials,-,-,-,-0.09,-,-,1.00,-,Equity : Index Funds,Nil
DSP Nifty Top 10 Equal Weight ETF,Anil Ghelani,EQ-ETF,Unrated,755.0,0.13,Open Ended,05-Sep-24,Nifty Top 10 Equal Weight - TRI,86.67,102.49,83.20,-3.06,-8.73,-15.35,-12.14,-,-,-,-,19.96,3.14,57,10,707289,99.97,-,-,Financials,-,-,-,-0.01,-0.25,-0.39,1.00,-,Equity : ETFs,null
DSP Nifty Top 10 Equal Weight Index Fund-Reg(G),Anil Ghelani,EQ-INDX,Unrated,1224.2,0.80,Open Ended,05-Sep-24,Nifty Top 10 Equal Weight - TRI,8.79,10.43,8.45,-3.12,-8.93,-15.70,-12.89,-,-,-,-,19.96,3.14,23,10,707291,100.14,-,-,Financials,-,-,-,-0.09,-0.27,-0.41,1.00,-,Equity : Index Funds,Nil
DSP Nifty500 Flexicap Quality 30 ETF,Anil Ghelani,EQ-ETF,Unrated,13.5,0.25,Open Ended,10-Oct-25,Nifty500 Flexicap Quality 30 - TRI,9.82,10.90,8.95,-0.33,-1.69,-10.92,-,-,-,-,-,28.77,5.81,81,30,165329,70.59,11.62,15.74,Technology,-,-,-,-,-,-,-,-,Equity : ETFs,null
DSP Nifty500 Flexicap Quality 30 Index Fund-Reg(G),Anil Ghelani,EQ-INDX,Unrated,170.8,0.84,Open Ended,29-Aug-25,Nifty500 Flexicap Quality 30 - TRI,9.45,10.55,8.63,-0.39,-1.90,-11.30,-,-,-,-,-,28.77,5.81,70,30,165322,71.07,11.7,15.85,Technology,-,-,-,-,-,-,-,-,Equity : Index Funds,NIL
DSP Overnight Fund-Reg(G),Karan Mundhra,DT-ON,5,2115.5,0.12,Open Ended,09-Jan-19,CRISIL Liquid Overnight Index,1446.87,1446.87,1374.56,0.43,1.28,2.54,5.28,5.85,6.14,5.52,-,-,-,0,-,-,-,-,-,-,0.01,-,5.10,0.02,-0.76,-0.20,1.00,0.20,Debt : Overnight,Nil
DSP Quant Fund-Reg(G),Aparna Karnik,EQ-THEM,Unrated,784.7,1.09,Open Ended,10-Jun-19,BSE 200 - TRI,20.95,22.88,19.38,-0.26,-4.95,-7.45,0.05,4.11,8.22,7.36,-,24.49,4.25,86,40,183759,67.68,27.38,-,Financials,-,-,-,-0.05,0.10,0.17,0.98,12.48,Equity : Thematic,Nil
DSP Regular Savings Fund-Reg(G),Abhishek Singh,HY-CON,2,179.0,1.04,Open Ended,11-Jun-04,CRISIL Hybrid 85+15 - Conservative Index,59.82,60.24,58.22,0.12,-0.22,-0.07,2.02,6.75,8.59,7.21,7.06,20.92,2.90,0,31,176151,14.1,1.22,3.36,Financials,4.60,2.69,6.86,0.12,0.21,0.45,0.98,3.36,Hybrid : Conservative Hybrid,Nil
DSP Savings Fund-Reg(G),Karan Mundhra,DT-MM,3,9809.9,0.35,Open Ended,30-Sep-99,CRISIL Money Market Index,55.45,55.45,52.46,0.24,1.22,2.54,5.78,6.66,6.82,5.93,6.15,-,-,0,-,-,-,-,-,-,0.73,0.68,7.18,0.04,0.21,0.11,0.57,0.44,Debt : Money Market,Nil
DSP Short Term Fund-Reg(G),Karan Mundhra,DT-SD,3,3245.4,0.82,Open Ended,09-Sep-02,CRISIL Short Duration Debt Index,48.32,48.32,46.65,0.20,0.17,1.04,3.49,6.41,6.34,5.44,6.33,-,-,0,-,-,-,-,-,-,3.29,2.55,7.63,-,-0.03,-0.04,0.40,1.17,Debt : Short Duration,Nil
DSP Silver ETF,Ravi Gehani,PM-ETF,Unrated,1710.8,0.34,Open Ended,19-Aug-22,Silver,253.75,362.35,97.59,9.75,-1.11,49.22,165.54,67.11,52.33,-,-,-,-,-,-,-,-,-,-,-,-,-,-,3.76,0.35,0.98,-0.07,37.34,Metal : ETFs,null
DSP Silver ETF FoF-Reg(G),Anil Ghelani,FOF-DOM,Unrated,712.9,0.90,Open Ended,15-May-25,Silver,27.25,37.91,10.65,9.71,-1.58,49.33,160.82,-,-,-,-,-,-,-,-,-,-,-,-,-,-,-,-,10.67,0.60,1.44,3.25,-,FoFs : Domestic,NIL
DSP Small Cap Fund-Reg(G),Vinit Sambre,EQ-SML,3,17905.8,1.43,Open Ended,14-Jun-07,BSE 250 Small Cap - TRI,206.95,208.98,174.03,1.31,5.37,4.02,6.06,11.49,18.88,18.05,16.58,29.34,3.61,11,81,10904,-,5.23,86.39,Automobile and Ancillaries,-,-,-,0.81,0.23,0.43,1.12,19.24,Equity : Small Cap,1% before 12M Nil on or after 12M
DSP Strategic Bond Fund-Reg(G),Sandeep Yadav,DT-DYN,5,762.7,1.03,Open Ended,09-May-07,CRISIL Dynamic Bond Index,3361.84,3421.81,3305.15,-0.05,-1.32,-0.32,-1.82,4.27,5.26,5.00,6.44,-,-,0,-,-,-,-,-,-,18.90,7.82,7.57,-0.05,-0.07,-0.15,1.53,3.38,Debt : Dynamic Bond,Nil
DSP Ultra Short Fund-Reg(G),Shalini Vasanta,DT-USD,2,4166.8,0.88,Open Ended,31-Jul-06,CRISIL Ultra Short Term Debt Index,3577.41,3577.41,3393.43,0.25,1.34,2.50,5.49,6.40,6.53,5.63,5.67,-,-,0,-,-,-,-,-,-,0.67,0.45,7.06,-0.03,0.01,0.01,1.05,0.42,Debt : Ultra Short Duration,Nil
DSP US Specific Debt Passive FoF-Reg(G),Kaivalya Nadkarni,FOF-OVR,Unrated,69.0,0.21,Open Ended,18-Mar-24,MSCI U.S. Government Bond Index,12.46,12.66,10.82,-0.84,1.77,4.91,14.77,11.75,-,-,-,-,-,0,-,-,-,-,-,-,-,-,3.87,0.35,0.28,0.60,-1.24,-,FoFs : Overseas,0.10% before 7D Nil on or after 7D
DSP US Specific Equity Omni FoF-Reg(G),Kaivalya Nadkarni,FOF-OVR,Unrated,1225.8,2.10,Open Ended,03-Aug-12,Russell 1000 Index,94.62,96.10,59.48,6.64,21.31,25.50,61.43,32.72,29.73,19.16,18.68,-,-,-,-,-,-,-,-,-,-,-,-,1.74,0.40,0.78,0.35,16.51,FoFs : Overseas,Nil
DSP Value Fund-Reg(G),Abhishek Singh,EQ-VAL,Unrated,1703.0,1.53,Open Ended,10-Dec-20,NIFTY 500 - TRI,23.27,23.48,20.98,1.54,1.55,3.25,11.31,7.47,19.26,14.36,-,19.68,3.01,119,69,161041,46.49,5.77,12.47,Energy,-,-,-,0.60,0.38,0.80,0.69,-,Equity : Value / Contra,1% on or before 12M Nil after 12M
DSP World Gold Mining Overseas Equity Omni FoF-Reg(G),Kaivalya Nadkarni,FOF-OVR,Unrated,1709.7,2.10,Open Ended,14-Sep-07,FTSE Gold Mines,56.02,70.67,29.70,-3.03,-20.05,11.64,90.98,67.51,47.22,22.42,16.19,-,-,22,-,-,-,-,-,-,-,-,-,3.16,0.37,0.86,0.36,31.18,FoFs : Overseas,Nil
DSP World Mining Overseas Equity Omni FoF-Reg(G),Kaivalya Nadkarni,FOF-OVR,Unrated,178.0,2.09,Open Ended,29-Dec-09,MSCI ACWI Metals & Mining 30% Buffer 10/40 (1994) Net TRI,33.14,34.85,16.83,3.87,-3.46,32.54,100.65,35.27,29.90,16.26,19.44,-,-,51,-,-,-,-,-,-,-,-,-,1.73,0.28,0.61,0.36,23.29,FoFs : Overseas,Nil
DynaSIF Active Asset Allocator Long-Short Fund-Reg(G),Harsh Aggarwal,HY-LS,Unrated,130.7,2.72,Open Ended,25-Mar-26,CRISIL Short Term Bond Index,10.14,10.21,10.00,-,-,-,-,-,-,-,-,-,-,76,-,-,-,-,-,-,-,-,-,-,-,-,-,-,Hybrid : Long - Short,0.50% on or before 3M Nil after 3M
DynaSIF Equity Long-Short Fund-Reg(G),Harsh Aggarwal,HY-LS,Unrated,153.6,3.31,Open Ended,25-Feb-26,BSE 500 - TRI,10.23,10.44,9.55,-,-,-,-,-,-,-,-,26.93,4.44,143,54,107196,38.31,14.63,12.91,Financials,-,-,-,-,-,-,-,-,Hybrid : Long - Short,0.50% on or before 3M Nil after 3M
Edelweiss Aggressive Hybrid Fund-Reg(G),Bhavesh Jain,HY-AGR,Unrated,3627.2,1.91,Open Ended,11-Aug-09,CRISIL Hybrid 35+65 - Aggressive Index,62.83,65.48,58.77,-0.85,-1.85,-3.69,0.38,6.15,13.71,13.08,12.48,21.87,3.32,78,95,214726,51.2,13.4,9.09,Financials,1.19,1.04,6.85,0.23,0.24,0.45,1.11,10.11,Hybrid : Aggressive Hybrid,Nil upto 10% of units and 1% for remaining units on or before 90D Nil after 90D
Edelweiss Arbitrage Fund-Reg(G),Bhavesh Jain,HY-ARB,4,14717.4,3.33,Open Ended,27-Jun-14,Nifty 50 Arbitrage,20.35,20.38,19.28,0.36,1.25,2.75,5.74,6.30,6.79,5.97,5.80,18.37,2.83,0,174,180738,41.71,19.74,4.6,Financials,0.50,0.49,6.67,-0.02,0.12,0.07,0.53,0.47,Hybrid : Arbitrage,0.25% on or before 15D Nil after 15D
Edelweiss ASEAN Equity Off-Shore Fund-Reg(G),Bhavesh Jain,FOF-OVR,Unrated,146.5,2.29,Open Ended,01-Jul-11,MSCI AC ASEAN 10/40 Index,35.92,36.35,28.25,3.98,1.64,13.11,22.21,21.58,13.97,9.58,8.63,-,-,-,-,-,-,-,-,-,-,-,-,0.52,0.18,0.41,0.35,12.70,FoFs : Overseas,1% on or before 90D Nil after 90D
Edelweiss Balanced Advantage Fund-Reg(G),Bhavesh Jain,HY-DYN,5,12906.3,2.08,Open Ended,20-Aug-09,NIFTY 50 Hybrid Composite Debt 50:50 Index,51.26,53.15,48.70,-0.60,-1.73,-2.87,2.18,4.39,10.37,9.27,10.79,22.64,3.50,60,100,229306,60.9,13.13,4.93,Financials,1.07,0.93,6.60,0.16,0.17,0.33,0.64,8.27,Hybrid : Dynamic Asset Allocation,Nil upto 10% of units and 1% for remaining units on or before 90D Nil after 90D
Edelweiss Banking and PSU Debt Fund-Reg(G),Dhawal Dalal,DT-B&PSU,5,494.0,0.68,Open Ended,13-Sep-13,CRISIL Banking and PSU Debt Index,25.51,25.51,24.69,0.25,0.20,0.94,2.91,6.52,6.26,5.70,7.18,-,-,0,-,-,-,-,-,-,2.86,2.37,7.47,0.02,-0.03,-0.07,1.15,1.57,Debt : Banking & PSU,NIL
Edelweiss BSE Capital Markets & Insurance ETF,Bhavesh Jain,EQ-ETF,Unrated,15.3,0.44,Open Ended,30-Dec-24,BSE Capital Markets & Insurance - TRI,23.69,24.97,21.21,0.48,-1.13,-2.04,6.39,-,-,-,-,36.10,6.29,-,24,67956,32.14,44.41,23.39,Financials,-,-,-,1.19,0.17,0.32,1.27,-,Equity : ETFs,null
Edelweiss BSE Internet Economy Index Fund-Reg(G),Bhavesh Jain,EQ-THEM,Unrated,30.7,1.05,Open Ended,15-May-25,BSE Internet Economy - TRI,10.24,11.46,8.98,1.45,4.16,-10.02,1.08,-,-,-,-,35.30,6.74,81,20,107591,34.3,53.68,11.98,Financials,-,-,-,0.66,-0.03,-0.05,1.13,-,Equity : Thematic,0.10% on or before 30D Nil after 30D
Edelweiss BSE Sensex ETF,Bhavesh Jain,EQ-ETF,Unrated,14.6,0.13,Open Ended,20-Nov-25,BSE SENSEX - TRI,74.80,85.69,71.97,-3.28,-8.45,-13.05,-,-,-,-,-,21.37,3.11,-,30,648920,99.92,-,-,Financials,-,-,-,-,-,-,-,-,Equity : ETFs,null
Edelweiss Business Cycle Fund-Reg(G),Bhavesh Jain,EQ-THEM,Unrated,1498.5,2.10,Open Ended,29-Jul-24,NIFTY 500 - TRI,8.67,9.19,7.95,-0.29,-4.40,-3.73,-0.57,-,-,-,-,19.94,3.15,186,66,132501,47.5,46.5,3.08,Financials,-,-,-,-0.42,-0.16,-0.24,1.14,-,Equity : Thematic,1% on or before 90D Nil after 90D
Edelweiss Consumption Fund-Reg(G),Dhruv Bhatia,EQ-CONS,Unrated,484.6,2.42,Open Ended,20-Feb-25,Nifty India Consumption - TRI,10.49,11.72,9.71,-2.76,-4.19,-9.86,-3.19,-,-,-,-,45.62,7.42,15,50,158212,62.95,25.62,10.31,FMCG,-,-,-,-0.16,0.03,0.05,0.96,-,Equity : Thematic - Consumption,1% on or before 90D Nil after 90D
Edelweiss CRISIL IBX 50:50 Gilt Plus SDL April 2037 Index Fund-Reg(G),Dhawal Dalal,DT-LD,Unrated,898.1,0.46,Open Ended,11-Oct-22,CRISIL IBX 50:50 Gilt Plus SDL Index - April 2037,13.02,13.10,12.67,0.49,-0.47,0.59,0.00,6.06,6.31,-,-,-,-,0,-,-,-,-,-,-,10.49,7.01,7.56,0.02,-0.01,-0.02,1.09,2.98,Debt : Long Duration,0.10% on or before 30D Nil after 30D
Edelweiss CRISIL IBX 50:50 Gilt Plus SDL June 2027 Index Fund-Reg(G),Dhawal Dalal,DT-M&LD,Unrated,92.4,0.43,Open Ended,18-Oct-22,CRISIL IBX 50:50 Gilt Plus SDL Index - June 2027,12.90,12.90,12.29,0.34,0.92,2.35,5.12,7.14,6.86,-,-,-,-,0,-,-,-,-,-,-,1.00,0.93,6.10,0.05,0.14,0.17,0.31,0.90,Debt : Medium to Long Duration,0.10% on or before 30D Nil after 30D
Edelweiss CRISIL IBX 50:50 Gilt Plus SDL Sep 2028 Index Fund-Reg(G),Dhawal Dalal,DT-M&LD,Unrated,135.2,0.45,Open Ended,10-Nov-22,CRISIL IBX 50:50 Gilt Plus SDL Index - Sep 2028,12.91,12.91,12.41,0.25,0.21,1.63,3.98,7.15,6.89,-,-,-,-,0,-,-,-,-,-,-,1.92,1.72,6.65,0.05,0.10,0.17,0.49,1.40,Debt : Medium to Long Duration,0.10% upto 30D Nil after 30D
Edelweiss CRISIL IBX 50:50 Gilt Plus SDL Short Duration Index Fund-Reg(G),Dhawal Dalal,DT-SD,Unrated,139.0,0.56,Open Ended,15-Feb-23,CRISIL IBX 50:50 Gilt Plus SDL Short Duration Index,12.48,12.49,12.00,0.31,0.31,1.74,3.88,6.73,6.60,-,-,-,-,0,-,-,-,-,-,-,2.71,2.31,6.56,0.03,0.04,0.06,0.42,1.17,Debt : Short Duration,Nil
Edelweiss CRISIL IBX AAA Financial Services Bond - Jan 2028 Index Fund-Reg(G),Dhawal Dalal,DT-M&LD,Unrated,103.6,0.36,Open Ended,27-Nov-24,CRISIL-IBX AAA Financial Services Index - Jan 2028,11.09,11.09,10.53,0.16,0.68,1.86,5.43,-,-,-,-,-,-,0,-,-,-,-,-,-,1.51,1.33,7.65,0.11,0.11,0.19,0.35,-,Debt : Medium to Long Duration,0.10% upto 30D Nil after 30D
Edelweiss CRISIL-IBX AAA Bond NBFC-HFC-Jun 2027 Index Fund-Reg(G),Dhawal Dalal,DT-SD,Unrated,85.7,0.30,Open Ended,18-Feb-25,CRISIL-IBX AAA NBFC-HFC Index - Jun 2027,10.94,10.94,10.33,0.25,1.01,2.32,5.95,-,-,-,-,-,-,0,-,-,-,-,-,-,1.02,0.91,7.61,0.14,0.20,0.26,0.29,-,Debt : Short Duration,0.10% on or before 30D Nil after 30D
Edelweiss ELSS Tax saver Fund-Reg(G),Ashwani Agarwalla,EQ-ELSS,3,437.0,2.43,Open Ended,30-Dec-08,NIFTY 500 - TRI,110.71,117.01,100.97,-1.03,-2.24,-5.01,2.25,5.50,13.83,12.28,12.40,24.43,3.56,22,95,170250,63.39,17.96,17.4,Financials,-,-,-,0.04,0.20,0.36,1.00,13.92,Equity : Tax Saving (ELSS),Nil
Edelweiss Emerging Markets Opp Eq. Offshore Fund-Reg(G),Bhavesh Jain,FOF-OVR,Unrated,221.4,2.29,Open Ended,07-Jul-14,MSCI Emerging Market Index,29.20,29.21,16.16,9.86,16.45,41.13,80.33,35.90,29.84,9.83,13.12,-,-,-,-,-,-,-,-,-,-,-,-,1.57,0.38,0.87,0.36,15.87,FoFs : Overseas,1% on or before 90D Nil after 90D
Edelweiss Equity Savings Fund-Reg(G),Bhavesh Jain,HY-EQS,2,1313.2,2.10,Open Ended,13-Oct-14,NIFTY 50 Equity Savings Index,26.32,26.50,24.78,0.21,0.93,1.31,6.20,8.01,10.41,8.85,9.03,19.80,2.86,62,117,182446,43.26,14.96,7.36,Financials,1.27,1.06,6.69,0.37,0.32,0.62,0.52,3.87,Hybrid : Equity Savings,0.25% on or before 30D Nil after 30D
Edelweiss Europe Dynamic Equity Off-shore Fund-Reg(G),Bhavesh Jain,FOF-OVR,Unrated,236.9,2.30,Open Ended,07-Feb-14,MSCI Europe Index (Total Return Net),30.01,30.74,23.60,1.12,0.76,13.76,27.12,25.05,23.98,13.82,12.14,-,-,-,-,-,-,-,-,-,-,-,-,1.21,0.34,0.79,0.42,13.93,FoFs : Overseas,1% on or before 90D Nil after 90D
Edelweiss Financial Services Fund-Reg(G),Trideep Bhattacharya,EQ-FIN,Unrated,246.3,2.41,Open Ended,16-Feb-26,Nifty Financial Services - TRI,9.01,10.07,8.46,-2.32,-8.33,-,-,-,-,-,-,18.09,2.45,2,26,253363,76.67,10.4,8.51,Financials,-,-,-,-,-,-,-,-,Equity : Sectoral - Financial Services,1% on or before 90D Nil after 90D
Edelweiss Flexi Cap Fund-Reg(G),Trideep Bhattacharya,EQ-FLEX,3,3320.5,1.92,Open Ended,03-Feb-15,NIFTY 500 - TRI,37.27,40.26,34.70,-1.68,-4.60,-6.32,0.60,4.44,14.93,13.34,14.55,24.71,3.45,43,88,206853,61.4,28.67,6.4,Financials,-,-,-,0.11,0.21,0.39,1.03,14.29,Equity : Flexi Cap,1% on or before 90D Nil after 90D
Edelweiss Focused Fund-Reg(G),Trideep Bhattacharya,EQ-FOC,Unrated,1012.0,2.23,Open Ended,01-Aug-22,NIFTY 500 - TRI,15.92,17.15,14.80,-1.45,-6.19,-5.98,-1.94,3.85,13.13,-,-,26.91,3.48,28,29,270087,66.65,30.41,-,Financials,-,-,-,-,0.19,0.34,1.02,14.28,Equity : Focused,1% on or before 90D Nil after 90D
Edelweiss Gold and Silver ETF FoF-Reg(G),Bhavesh Jain,FOF-DOM,Unrated,2945.9,0.55,Open Ended,14-Sep-22,Gold-India,36.15,45.58,17.74,6.41,-2.34,35.73,108.23,58.70,43.87,-,-,-,-,-,-,-,-,-,-,-,-,-,-,2.88,0.40,1.11,-0.03,24.76,FoFs : Domestic,0.10% on or before 15D Nil after 15D
Edelweiss Gold ETF,Amit Vora,PM-ETF,Unrated,1588.1,0.51,Open Ended,07-Nov-23,Gold-India,155.28,174.18,96.41,3.30,-2.39,19.74,60.36,44.90,-,-,-,-,-,-,-,-,-,-,-,-,-,-,-,2.73,0.57,1.38,0.19,-,Metal : ETFs,null
Edelweiss Gold ETF FoF-Reg(G),Bhavesh Jain,FOF-DOM,Unrated,28.4,0.61,Open Ended,04-Mar-26,Gold-India,9.55,10.00,8.34,3.20,-,-,-,-,-,-,-,-,-,-,-,-,-,-,-,-,-,-,-,-,-,-,-,-,FoFs : Domestic,0.10% on or before 15D Nil after 15D
Edelweiss Government Securities Fund-Reg(G),Dhawal Dalal,DT-GILT,5,135.2,1.20,Open Ended,13-Feb-14,CRISIL Dynamic Gilt Index,24.37,24.94,24.15,0.16,-1.46,-0.35,-2.30,3.67,4.92,4.74,6.77,-,-,0,-,-,-,-,-,-,24.17,8.92,7.30,-0.07,-0.12,-0.24,1.12,3.20,Debt : Gilt,NIL
Edelweiss Greater China Equity Off-shore Fund-Reg(G),Bhavesh Jain,FOF-OVR,Unrated,3143.4,2.32,Open Ended,26-Aug-09,MSCI Golden Dragon Index (Total Return Net),66.82,67.84,39.87,3.60,17.00,30.00,67.80,38.12,24.14,3.60,14.35,-,-,-,-,-,-,-,-,-,-,-,-,1.49,0.23,0.52,0.02,22.54,FoFs : Overseas,1% on or before 90D Nil after 90D
Edelweiss Income Plus Arbitrage Omni FoF-Reg(G),Bhavesh Jain,FOF-DOM,Unrated,215.4,0.22,Open Ended,18-Jul-25,Nifty Short Duration Debt Index,10.40,10.40,10.00,0.31,0.90,2.01,-,-,-,-,-,-,-,-,-,-,-,-,-,-,-,-,-,-,-,-,-,-,FoFs : Domestic,NIL
Edelweiss Large & Mid Cap Fund-Reg(G),Sumanta Khan,EQ-L&M,4,4531.1,1.87,Open Ended,14-Jun-07,NIFTY LargeMidcap 250 - TRI,86.48,91.13,78.86,-0.83,-2.16,-4.54,1.83,6.68,15.46,13.70,14.45,27.19,3.86,19,92,128685,49.62,36.64,11.95,Financials,-,-,-,-0.02,0.23,0.42,0.98,14.34,Equity : Large & Mid Cap,1% on or before 90D Nil after 90D
Edelweiss Large Cap Fund-Reg(G),Bharat Lahoti,EQ-LC,3,1439.0,2.12,Open Ended,20-May-09,NIFTY 100 - TRI,79.85,87.84,75.69,-1.87,-7.02,-8.62,-3.95,1.99,10.42,10.45,12.31,21.57,3.27,77,71,335237,81.84,11.55,1.51,Financials,-,-,-,-0.02,0.14,0.24,0.95,12.20,Equity : Large Cap,1% on or before 90D Nil after 90D
Edelweiss Liquid Fund-Reg(G),Rahul Dedhia,DT-LIQ,3,15091.3,0.19,Open Ended,16-Sep-08,CRISIL Liquid Debt Index,3529.02,3529.02,3323.96,0.50,1.68,3.16,6.20,6.71,6.85,5.99,5.96,-,-,0,-,-,-,-,-,-,0.08,0.08,6.08,-,0.20,0.06,1.04,0.24,Debt : Liquid,0.007% for Day 1 0.0065% on Day 2 0.0060% on Day 3 0.0055% on Day 4 0.0050% on Day 5 0.0045% on Day 6 NIL on or after 7D
Edelweiss Low Duration Fund-Reg(G),Hetul Raval,DT-LOWD,Unrated,478.8,0.94,Open Ended,20-Mar-25,CRISIL Low Duration Debt Index,1071.15,1071.15,1020.16,0.22,1.01,2.15,5.04,-,-,-,-,-,-,0,-,-,-,-,-,-,0.90,0.82,7.08,-0.05,-0.38,-0.41,1.14,-,Debt : Low Duration,NIL
Edelweiss Mid Cap Fund-Reg(G),Trideep Bhattacharya,EQ-MID,4,15910.7,1.80,Open Ended,26-Dec-07,Nifty Midcap 150 - TRI,104.44,106.79,91.77,1.14,1.21,-0.47,6.44,11.52,22.92,19.52,18.68,28.45,4.39,36,89,71033,20.1,66.85,8.06,Financials,-,-,-,0.14,0.31,0.59,0.97,16.76,Equity : Mid Cap,1% on or before 90D Nil after 90D
Edelweiss Money Market Fund-Reg(G),Rahul Dedhia,DT-DYN,2,2251.1,0.65,Open Ended,27-Jun-08,CRISIL Money Market Index,29.86,29.86,28.36,0.25,1.14,2.40,5.36,6.39,6.46,5.46,6.23,-,-,0,-,-,-,-,-,-,0.66,0.66,7.06,0.01,-0.03,-0.02,0.62,0.48,Debt : Dynamic Bond,Nil
Edelweiss MSCI India Domestic & World Healthcare 45 Index Fund-Reg(G),Bhavesh Jain,EQ-INDX,Unrated,171.6,1.05,Open Ended,26-Oct-20,MSCI India Domestic & World Healthcare 45 Index,21.45,22.20,18.77,2.38,0.11,2.32,14.20,13.17,19.74,12.44,-,39.24,5.14,8,45,112820,36.28,31.45,3.04,Healthcare,-,-,-,0.96,0.36,0.83,0.53,11.35,Equity : Index Funds,Nil
Edelweiss Multi Asset Allocation Fund-Reg(G),Bhavesh Jain,HY-MULTI,Unrated,2591.9,2.11,Open Ended,23-Jun-23,CRISIL Short Term Bond Index,12.25,12.25,11.64,0.26,1.08,2.63,5.20,6.99,-,-,-,12.45,2.40,0,39,311034,15.83,5.57,-,Financials,1.89,1.60,7.43,0.01,0.12,0.16,0.91,-,Hybrid : Multi Asset Allocation,0.25% on or before 90D Nil after 90D
Edelweiss Multi Asset Omni FoF-Reg(G),Bhavesh Jain,FOF-DOM,Unrated,478.8,1.40,Open Ended,03-Sep-25,NIFTY 500 - TRI,11.31,12.01,10.00,0.81,-1.69,3.62,-,-,-,-,-,-,-,-,-,-,-,-,-,-,-,-,-,-,-,-,-,-,FoFs : Domestic,1% on or before 90D Nil after 90D
Edelweiss Multi Cap Fund-Reg(G),Trideep Bhattacharya,EQ-MLC,Unrated,3200.3,2.01,Open Ended,25-Oct-23,Nifty500 Multicap 50:25:25 - TRI,15.00,15.51,13.44,0.02,-0.73,-2.72,2.16,6.68,-,-,-,25.56,3.69,35,104,107322,44.75,26.43,26.86,Financials,-,-,-,0.16,0.18,0.34,1.03,-,Equity : Multi Cap,1% on or before 90D Nil after 90D
Edelweiss Nifty 100 Quality 30 Index Fund-Reg(G),Bhavesh Jain,EQ-INDX,Unrated,147.7,1.04,Open Ended,07-Oct-21,NIFTY100 Quality 30 - TRI,14.12,15.15,12.77,-1.05,-1.13,-5.96,-0.48,2.36,10.24,-,-,28.86,6.76,45,30,232901,90.22,9.64,-,FMCG,-,-,-,-0.07,0.14,0.25,1.00,13.09,Equity : Index Funds,Nil
Edelweiss Nifty 1D Rate Liquid ETF(G),Hetul Raval,DT-ETF,Unrated,55.0,0.21,Open Ended,06-Oct-25,Nifty 1D Rate Index,1033.28,1033.28,1000.00,0.42,1.24,2.45,-,-,-,-,-,-,-,0,-,-,-,-,-,-,0.01,0.01,5.23,-,-,-,-,-,Debt : ETFs,null
Edelweiss Nifty 50 ETF,Bhavesh Jain,EQ-ETF,Unrated,15.8,0.09,Open Ended,20-Nov-25,NIFTY 50 - TRI,23.54,26.31,22.35,-2.42,-6.96,-10.39,-,-,-,-,-,19.98,3.02,-,50,532549,99.24,0.67,-,Financials,-,-,-,-,-,-,-,-,Equity : ETFs,null
Edelweiss Nifty 50 Index Fund-Reg(G),Bhavesh Jain,EQ-INDX,Unrated,286.2,0.46,Open Ended,08-Oct-21,NIFTY 50 - TRI,13.37,14.98,12.71,-2.45,-7.09,-10.59,-5.00,2.51,8.63,-,-,19.99,3.02,10,50,532357,99.34,0.67,-,Financials,-,-,-,-0.06,0.10,0.18,1.00,12.11,Equity : Index Funds,Nil
Edelweiss Nifty Alpha Low Volatility 30 Index Fund-Reg(G),Bhavesh Jain,EQ-INDX,Unrated,96.7,1.05,Open Ended,16-May-24,NIFTY Alpha Low-Volatility 30 - TRI,9.38,10.26,8.88,-1.36,-6.94,-6.58,-4.53,-2.63,-,-,-,33.13,4.41,81,30,263766,86.73,13.28,-,Financials,-,-,-,-0.11,-0.15,-0.22,1.00,-,Equity : Index Funds,0.10% on or before 15D Nil after 15D
Edelweiss Nifty Bank ETF,Bhavesh Jain,EQ-ETF,Unrated,11.6,0.48,Open Ended,10-Sep-24,NIFTY BANK - TRI,54.03,61.87,50.51,-2.09,-11.29,-10.13,-3.24,-,-,-,-,14.18,1.65,-,14,329560,76.06,23.86,-,Financials,-,-,-,-0.01,-0.04,-0.07,1.00,-,Equity : ETFs,null
Edelweiss NIFTY Large Mid Cap 250 Index Fund-Reg(G),Bhavesh Jain,EQ-INDX,Unrated,315.8,0.89,Open Ended,01-Dec-21,NIFTY LargeMidcap 250 - TRI,16.35,17.27,14.75,-0.38,-2.11,-4.83,0.63,4.69,15.08,-,-,23.50,3.43,30,254,160366,53.23,44.64,1.81,Financials,-,-,-,-0.08,0.22,0.40,1.00,14.24,Equity : Index Funds,Nil
Edelweiss Nifty LargeMidcap 250 ETF,Bhavesh Jain,EQ-ETF,Unrated,134.0,1.06,Open Ended,03-Sep-25,NIFTY LargeMidcap 250 - TRI,16.08,16.99,14.52,-0.42,-2.13,-4.88,-,-,-,-,-,23.49,3.43,-,254,160348,53.22,44.65,1.81,Financials,-,-,-,-,-,-,-,-,Equity : ETFs,null
Edelweiss Nifty LargeMidcap250 Plus 8-13 yr G-Sec 70:30 Index Fund-Reg(G),Bhavesh Jain,EQ-INDX,Unrated,42.5,1.44,Open Ended,07-Apr-26,Nifty LargeMidcap250 Plus 8-13 yr G-Sec 70:30 Index - TRI,10.51,10.72,10.00,-0.12,-,-,-,-,-,-,-,23.50,3.43,0,254,160296,37.07,31.09,1.26,Financials,8.83,6.44,7.03,-,-,-,-,-,Equity : Index Funds,Nil
Edelweiss Nifty Midcap150 Momentum 50 Index Fund-Reg(G),Bhavesh Jain,EQ-INDX,Unrated,1585.7,1.10,Open Ended,30-Nov-22,Nifty Midcap150 Momentum 50 - TRI,17.88,18.54,15.67,1.86,0.75,-2.43,1.22,1.15,20.01,-,-,24.53,3.95,95,50,85464,32.61,67.13,0.34,Financials,-,-,-,-0.12,0.25,0.44,1.00,19.08,Equity : Index Funds,0.50% on or before 30D Nil after 30D
Edelweiss Nifty Next 50 ETF,Bhavesh Jain,EQ-ETF,Unrated,-,-,Open Ended,20-May-26,NIFTY NEXT 50 - TRI,70.12,71.96,69.36,-,-,-,-,-,-,-,-,-,-,-,-,-,-,-,-,-,-,-,-,-,-,-,-,-,Equity : ETFs,null
Edelweiss Nifty Next 50 Index Fund-Reg(G),Bhavesh Jain,EQ-INDX,Unrated,255.7,0.86,Open Ended,30-Nov-22,NIFTY NEXT 50 - TRI,15.92,16.34,13.73,0.35,0.30,0.92,4.87,1.76,17.98,-,-,19.51,3.34,32,54,98803,84.52,12.17,-,Financials,-,-,-,-0.08,0.23,0.41,1.00,17.84,Equity : Index Funds,Nil
Edelweiss Nifty PSU Bond Plus SDL Apr 2026 50:50 Index Fund-Reg(G),Dhawal Dalal,DT-B&PSU,Unrated,4820.6,0.43,Open Ended,18-Mar-21,Nifty PSU Bond Plus SDL Apr 2026 50:50 Index,13.59,13.59,12.92,0.50,1.43,2.81,6.06,7.03,6.85,5.94,-,-,-,0,-,-,-,-,-,-,0.05,0.05,6.69,0.03,0.21,0.13,0.14,0.50,Debt : Banking & PSU,0.10% on or before 30D Nil after 30D
Edelweiss Nifty PSU Bond Plus SDL Apr 2027 50:50 Index Fund-Reg(G),Dhawal Dalal,DT-M&LD,Unrated,2172.4,0.43,Open Ended,14-Oct-21,Nifty PSU Bond Plus SDL Apr 2027 50:50 Index,13.02,13.03,12.39,0.25,1.10,2.32,5.24,7.12,6.89,-,-,-,-,0,-,-,-,-,-,-,0.85,0.79,6.68,0.05,0.15,0.17,0.27,0.86,Debt : Medium to Long Duration,0.15% upto 30D Nil after 30D
Edelweiss Nifty Smallcap 250 Index Fund-Reg(G),Bhavesh Jain,EQ-INDX,Unrated,227.7,0.94,Open Ended,30-Nov-22,Nifty Smallcap 250 - TRI,17.22,18.37,14.48,0.72,6.00,0.29,-0.15,3.64,18.45,-,-,29.87,3.11,42,250,19945,-,7.07,92.86,Financials,-,-,-,-0.08,0.21,0.40,1.00,20.32,Equity : Index Funds,Nil
Edelweiss Nifty500 Multicap Momentum Quality 50 ETF,Bhavesh Jain,EQ-ETF,Unrated,33.7,0.31,Open Ended,31-Oct-24,Nifty500 Multicap Momentum Quality 50 - TRI,42.04,44.03,36.54,0.53,3.28,-1.49,-0.68,-,-,-,-,31.78,6.85,-,50,113593,61.74,24.14,14.05,Financials,-,-,-,-1.37,-0.10,-0.17,1.00,-,Equity : ETFs,null
Edelweiss Nifty500 Multicap Momentum Quality 50 Index Fund-Reg(G),Bhavesh Jain,EQ-INDX,Unrated,572.0,1.09,Open Ended,31-Oct-24,Nifty500 Multicap Momentum Quality 50 - TRI,9.10,9.60,7.92,0.47,3.10,-1.82,-1.42,-,-,-,-,31.78,6.85,101,50,113627,61.82,24.17,14.05,Financials,-,-,-,-1.42,-0.11,-0.17,1.00,-,Equity : Index Funds,0.10% on or before 30D Nil after 30D
Edelweiss Overnight Fund-Reg(G),Hetul Raval,DT-ON,3,208.4,0.22,Open Ended,24-Jul-19,CRISIL Liquid Overnight Index,1400.20,1400.20,1330.51,0.43,1.28,2.54,5.25,5.82,6.11,5.48,-,-,-,0,-,-,-,-,-,-,0.01,0.01,5.34,0.01,-0.81,-0.20,0.95,0.19,Debt : Overnight,Nil
Edelweiss Recently Listed IPO Fund-Reg(G),Bhavesh Jain,EQ-THEM,4,984.1,2.25,Open Ended,22-Feb-18,India Recent 100 IPO Index,29.32,29.32,23.75,1.48,14.19,7.61,13.12,11.40,18.26,12.96,-,50.96,7.05,106,54,24573,13.62,21.01,62.16,Financials,-,-,-,0.67,0.20,0.37,1.01,18.76,Equity : Thematic,2% upto 180D Nil after 180D
Edelweiss Silver ETF,Amit Vora,PM-ETF,Unrated,1678.7,0.50,Open Ended,21-Nov-23,Silver,262.38,374.63,101.44,9.60,-1.13,48.82,164.14,66.66,-,-,-,-,-,-,-,-,-,-,-,-,-,-,-,4.73,0.40,1.12,-3.65,-,Metal : ETFs,null
Edelweiss Silver ETF FoF-Reg(G),Bhavesh Jain,FOF-DOM,Unrated,113.1,0.55,Open Ended,29-Dec-25,Silver,11.33,15.96,8.93,9.53,-1.83,-,-,-,-,-,-,-,-,-,-,-,-,-,-,-,-,-,-,-,-,-,-,-,FoFs : Domestic,0.10% on or before 15D Nil after 15D
Edelweiss Small Cap Fund-Reg(G),Dhruv Bhatia,EQ-SML,4,5952.0,2.13,Open Ended,07-Feb-19,Nifty Smallcap 250 - TRI,43.97,45.66,38.04,0.17,2.69,-0.69,3.09,6.44,16.94,17.24,-,32.94,4.29,23,88,24155,4.03,26.42,66.23,Financials,-,-,-,0.02,0.23,0.42,0.82,17.22,Equity : Small Cap,1% on or before 90D Nil after 90D
Edelweiss Technology Fund-Reg(G),Sumanta Khan,EQ-TECH,Unrated,690.9,2.35,Open Ended,05-Mar-24,BSE TECk Index - TRI,12.05,12.52,10.25,5.77,11.58,-2.75,7.90,7.72,-,-,-,31.02,5.35,5,78,143581,39.01,17.13,12.11,Technology,-,-,-,0.44,0.07,0.14,1.00,-,Equity : Sectoral - Technology,1% on or before 90D Nil after 90D
Edelweiss US Technology Equity FOF-Reg(G),Bhavesh Jain,FOF-OVR,Unrated,3897.3,2.32,Open Ended,05-Mar-20,Russell 1000 Equal Weighted Technology Index,39.98,40.53,26.85,14.45,31.94,23.34,52.88,33.47,33.56,17.81,-,-,-,-,-,-,-,-,-,-,-,-,-,2.28,0.33,0.66,0.68,26.96,FoFs : Overseas,1% on or before 90D Nil after 90D
Edelweiss US Value Equity Offshore Fund-Reg(G),Bhavesh Jain,FOF-OVR,Unrated,218.0,2.32,Open Ended,07-Aug-13,Russell 1000 Index,41.25,41.82,30.92,0.88,8.02,14.64,33.69,18.43,19.34,12.74,13.00,-,-,-,-,-,-,-,-,-,-,-,-,1.01,0.33,0.63,0.25,11.53,FoFs : Overseas,1% on or before 90D Nil after 90D
Franklin Asian Equity Fund(G),Shyam Sundar Sriram,EQ-INTL,Unrated,520.6,2.09,Open Ended,16-Jan-08,MSCI Asia (ex-Japan) Standard Index,45.62,45.62,29.27,12.09,12.75,30.29,54.38,32.68,21.65,7.14,11.13,26.52,3.35,56.04,60,229049,29.44,11.07,-,Financials,-,-,-,0.83,0.27,0.58,0.45,14.70,Equity : International,1% on or before 1Y
Franklin Build India Fund(G),Ajay Argal,EQ-INFRA,2,3213.9,1.66,Open Ended,04-Sep-09,BSE India Infrastructure Index - TRI,142.25,150.16,132.45,-3.21,-4.06,-1.22,3.15,2.69,23.02,20.58,17.38,19.41,2.57,23.62,39,165427,61.65,12.02,20.64,Energy,-,-,-,0.39,0.31,0.62,0.64,16.37,Equity : Sectoral - Infrastructure,1% on or before 1Y
Franklin India Aggressive Hybrid Fund(G),Rajasa Kakulavarapu,HY-AGR,4,2305.6,1.73,Open Ended,10-Dec-99,CRISIL Hybrid 35+65 - Aggressive Index,258.36,277.52,246.97,-1.35,-3.98,-6.59,-3.83,2.83,11.15,9.84,10.72,24.14,3.40,87.3,46,258528,53.01,6.35,10.67,Financials,3.59,2.61,7.58,0.05,0.18,0.34,1.06,9.60,Hybrid : Aggressive Hybrid,Nil upto 10% of units on or before 1Y For excess units 1% on or before 1Y & Nil after 1Y
Franklin India Arbitrage Fund-Reg(G),Mukesh Jain,HY-ARB,Unrated,1186.8,0.83,Open Ended,19-Nov-24,Nifty 50 Arbitrage - TRI,10.94,10.96,10.35,0.33,1.14,2.97,5.96,-,-,-,-,18.94,2.62,959.18,107,282135,55.52,10.14,3.02,Financials,0.71,0.62,7.18,-0.01,-0.24,-0.15,0.18,-,Hybrid : Arbitrage,Nil for 10% of units and 1% for remaining units on or before 30D Nil after 30D
Franklin India Balanced Advantage Fund-Reg(G),Rajasa Kakulavarapu,HY-DYN,Unrated,2788.6,1.69,Open Ended,06-Sep-22,NIFTY 50 Hybrid Composite Debt 50:50 Index,13.99,14.70,13.45,-1.10,-2.83,-4.54,-1.82,3.41,10.13,-,-,24.22,3.38,250.96,45,293423,53.33,5.44,8.72,Financials,4.61,2.96,7.60,0.16,0.18,0.34,0.55,7.22,Hybrid : Dynamic Asset Allocation,Nil upto 10% of units and 1% for remaining units on or before 1Y Nil after 1Y
Franklin India Banking & PSU Debt Fund(G),Chandni Gupta,DT-B&PSU,3,472.9,0.42,Open Ended,25-Apr-14,NIFTY Banking and PSU Debt Index,23.61,23.61,22.44,0.28,0.95,2.11,5.06,7.12,6.95,5.91,7.01,-,-,0,-,-,-,-,-,-,4.13,1.82,7.30,0.05,0.13,0.16,0.30,1.00,Debt : Banking & PSU,Nil
Franklin India Conservative Hybrid Fund(G),Rohan Maru,HY-CON,2,188.1,1.15,Open Ended,28-Sep-00,CRISIL Hybrid 85+15 - Conservative Index,90.70,92.61,88.86,-0.32,-1.55,-1.77,0.24,4.85,7.67,6.68,7.00,23.72,3.35,0,41,279893,17.47,1.99,3.15,Financials,5.57,2.78,7.31,0.03,0.12,0.24,1.17,3.81,Hybrid : Conservative Hybrid,Nil
Franklin India Corp Debt Fund-A(G),Anuj Tagra,DT-CORP,1,1283.4,0.63,Open Ended,23-Jun-97,NIFTY Corporate Bond Index,104.50,104.50,99.63,0.20,0.75,2.01,4.81,7.65,7.20,6.02,7.18,-,-,0,-,-,-,-,-,-,3.81,1.84,7.51,0.07,0.15,0.24,0.35,1.35,Debt : Corporate Bond,NIL
Franklin India Dividend Yield Fund(G),Rajasa Kakulavarapu,EQ-DIV,Unrated,2305.8,1.73,Open Ended,18-May-06,NIFTY 500 - TRI,136.75,143.93,126.50,0.54,-3.23,-1.85,0.01,2.03,14.73,14.73,15.44,14.62,2.49,39.19,44,209947,58.53,10.11,10.23,Energy,-,-,-,0.13,0.21,0.41,0.82,12.66,Equity : Thematic - Dividend Yield,1% on or before 1Y
Franklin India Dynamic Asset Allocation Active FOFs(G),Rajasa Kakulavarapu,FOF-DOM,Unrated,1232.3,1.70,Open Ended,31-Oct-03,CRISIL Hybrid 50+50 - Moderate Index,161.78,168.83,155.45,-0.76,-2.56,-3.97,-1.07,4.24,10.69,12.07,9.75,-,-,74.54,-,-,-,-,-,-,-,-,-,0.34,0.21,0.39,0.52,7.03,FoFs : Domestic,Nil for 10% of units on or before 1Y and For remaining investment 1% on or before 1Y and Nil after 1Y
Franklin India ELSS Tax Saver Fund(G),R. Janakiraman,EQ-ELSS,3,6106.2,1.57,Open Ended,10-Apr-99,NIFTY 500 - TRI,1372.52,1521.60,1291.31,-1.55,-5.53,-9.37,-6.48,1.90,13.67,12.69,12.26,23.53,3.21,16.66,46,279718,75.28,13,6.64,Financials,-,-,-,0.03,0.19,0.35,0.95,13.28,Equity : Tax Saving (ELSS),Nil
Franklin India Equity Savings Fund(G),Rajasa Kakulavarapu,HY-EQS,2,633.2,0.96,Open Ended,27-Aug-18,NIFTY 50 Equity Savings Index,16.66,16.86,16.21,-0.21,-0.79,-0.49,2.75,4.96,7.24,6.84,-,18.87,2.81,668.01,52,340051,62.45,3.47,1.93,Financials,5.08,3.12,7.11,0.02,0.13,0.27,0.19,2.57,Hybrid : Equity Savings,Nil
Franklin India Flexi Cap Fund(G),R. Janakiraman,EQ-FLEX,4,19049.3,1.42,Open Ended,29-Sep-94,NIFTY 500 - TRI,1539.06,1687.01,1446.85,-1.69,-5.64,-8.64,-5.30,2.62,14.10,13.35,13.04,23.89,3.24,23.45,53,255811,74.16,12.53,7.86,Financials,-,-,-,0.07,0.21,0.37,0.94,13.09,Equity : Flexi Cap,1% on or before 1Y
Franklin India Floating Rate Fund(G),Pallab Roy,DT-FL,2,289.6,0.84,Open Ended,23-Apr-01,Nifty Short Duration Debt Index,42.85,42.87,40.79,0.08,0.76,2.30,5.04,7.27,7.41,6.26,6.22,-,-,0,-,-,-,-,-,-,3.13,1.12,7.67,0.10,0.24,0.28,1.24,1.05,Debt : Floater,Nil
Franklin India Focused Equity Fund(G),Ajay Argal,EQ-FOC,3,11488.4,1.48,Open Ended,26-Jul-07,NIFTY 500 - TRI,98.39,112.04,93.92,-2.66,-7.67,-12.13,-6.91,0.02,10.52,10.99,13.14,24.59,3.35,21.18,29,323479,74.51,11.44,8.01,Financials,4.82,3.33,14.04,-0.15,0.14,0.24,0.92,12.98,Equity : Focused,1% on or before 1Y
Franklin India G-Sec Fund(G),Anuj Tagra,DT-GILT,1,164.5,0.95,Open Ended,07-Dec-01,Nifty All Duration G-Sec Index,60.10,60.22,57.42,0.11,-0.09,1.86,1.55,5.57,5.44,4.76,5.47,-,-,0,-,-,-,-,-,-,13.39,4.04,7.00,-0.05,-0.11,-0.17,0.72,2.41,Debt : Gilt,Nil
Franklin India Income Plus Arbitrage Active FoF(G),Rohan Maru,FOF-DOM,Unrated,135.1,0.46,Open Ended,28-Nov-14,Nifty Short Duration Debt Index,21.98,21.98,20.75,0.26,0.90,2.37,6.04,10.44,12.84,11.49,7.46,-,-,40.13,-,-,-,-,-,-,-,-,-,0.51,0.37,0.92,0.82,4.55,FoFs : Domestic,NIL
Franklin India Large & Mid Cap Fund(G),Venkatesh Sanjeevi,EQ-L&M,3,3399.2,1.65,Open Ended,02-Mar-05,NIFTY LargeMidcap 250,181.62,198.34,167.95,-0.90,-2.16,-8.70,-2.57,5.76,13.27,11.07,11.33,32.06,4.03,93.73,57,99609,38.73,38.8,18.64,Financials,-,-,-,-0.10,0.19,0.36,0.93,13.73,Equity : Large & Mid Cap,1% on or before 1Y
Franklin India Large Cap Fund(G),Venkatesh Sanjeevi,EQ-LC,5,7235.6,1.54,Open Ended,01-Dec-93,NIFTY 100,964.41,1077.68,924.99,-1.87,-5.94,-9.91,-3.59,4.64,10.54,8.30,10.55,26.30,3.52,69.55,49,308327,81.92,11.02,3.84,Financials,-,-,-,0.09,0.15,0.27,0.93,12.14,Equity : Large Cap,1% on or before 1Y
Franklin India Liquid Fund-Super Inst(G),Pallab Roy,DT-LIQ,4,3635.4,0.17,Open Ended,02-Sep-05,Nifty Liquid Fund Index,4153.96,4153.96,3912.80,0.51,1.66,3.15,6.19,6.75,6.91,6.08,6.12,-,-,0,-,-,-,-,-,-,0.08,0.08,6.13,0.02,0.25,0.07,0.29,0.25,Debt : Liquid,0.007% for Day 1 0.0065% on Day 2 0.0060% on Day 3 0.0055% on Day 4 0.0050% on Day 5 0.0045% on Day 6 NIL after 7D
Franklin India Long Duration Fund-Reg(G),Anuj Tagra,DT-LD,Unrated,15.5,0.70,Open Ended,11-Dec-24,CRISIL Long Duration Debt Index,10.55,10.65,10.14,0.21,-0.99,0.65,-0.25,-,-,-,-,-,-,0,-,-,-,-,-,-,16.13,7.45,7.54,-0.01,-0.19,-0.35,1.20,-,Debt : Long Duration,NIL
Franklin India Low Duration Fund-Reg(G),Chandni Gupta,DT-LOWD,Unrated,428.7,0.61,Open Ended,06-Mar-25,NIFTY Low Duration Debt Index,10.84,10.84,10.25,0.20,1.17,2.46,5.89,-,-,-,-,-,-,0,-,-,-,-,-,-,1.16,0.50,7.40,0.13,0.06,0.06,0.88,-,Debt : Low Duration,Nil
Franklin India Medium to Long Duration Fund-Reg(G),Chandni Gupta,DT-M&LD,Unrated,46.4,0.71,Open Ended,24-Sep-24,CRISIL Medium to Long Term Debt Index,10.91,10.95,10.61,0.17,-0.41,0.67,1.93,-,-,-,-,-,-,0,-,-,-,-,-,-,7.89,4.32,7.61,0.03,-0.15,-0.34,0.78,-,Debt : Medium to Long Duration,Nil
Franklin India Mid Cap Fund(G),R. Janakiraman,EQ-MID,2,12102.4,1.48,Open Ended,01-Dec-93,Nifty Midcap 150 - TRI,2658.29,2840.21,2392.22,-0.36,-1.75,-6.21,-1.60,5.85,17.85,14.72,14.43,32.25,3.71,38.45,77,59366,11.56,70.12,14.36,Financials,-,-,-,-0.15,0.25,0.48,0.93,15.87,Equity : Mid Cap,1% on or before 1Y
Franklin India Money Market Fund(G),Rohan Maru,DT-MM,4,4309.4,0.26,Open Ended,11-Feb-02,Nifty Money Market Index,52.93,52.93,50.04,0.27,1.22,2.63,5.86,6.99,7.10,6.20,6.62,-,-,0,-,-,-,-,-,-,0.64,0.47,7.14,0.06,0.34,0.19,0.65,0.50,Debt : Money Market,Nil
Franklin India Multi Asset Allocation Fund-Reg(G),R. Janakiraman,HY-MULTI,Unrated,2764.6,1.64,Open Ended,31-Jul-25,NIFTY 500 - TRI,10.78,11.37,9.91,-0.71,-3.90,0.69,-,-,-,-,-,24.97,3.42,36.85,42,229632,49.28,5.23,9.6,Financials,1.73,1.02,7.08,-,-,-,-,-,Hybrid : Multi Asset Allocation,Nil upto 10% of units and 0.50% for remaining units or or before 1Y Nil after 1Y
Franklin India Multi Cap Fund-Reg(G),R. Janakiraman,EQ-MLC,Unrated,4826.3,1.61,Open Ended,29-Jul-24,Nifty500 Multicap 50:25:25 - TRI,10.21,10.75,9.03,0.59,-1.06,-5.11,3.05,-,-,-,-,21.62,3.14,70.51,58,85316,38.96,29.02,28.52,Financials,-,-,-,0.08,-0.05,-0.08,1.01,-,Equity : Multi Cap,1% before 1Y
Franklin India Multi-Factor Fund(G),Arihant Jain,EQ-THEM,Unrated,539.6,2.09,Open Ended,28-Nov-25,BSE 200 - TRI,9.29,10.15,8.71,-2.00,-5.87,-7.30,-,-,-,-,-,15.11,2.69,26.58,90,236046,78.03,15.89,4.35,Financials,-,-,-,-,-,-,-,-,Equity : Thematic,NIL upto 10% of units and 0.50% for remaining units on or before 1Y Nil after 1Y
Franklin India NSE Nifty 50 Index Fund(G),Shyam Sundar Sriram,EQ-INDX,2,729.6,0.55,Open Ended,04-Aug-00,NIFTY 50,189.67,212.54,180.26,-2.46,-7.05,-10.60,-5.03,2.63,8.68,9.06,11.41,20.00,3.02,8.61,50,533465,99.13,0.67,-,Financials,-,-,-,0.04,0.10,0.18,0.99,12.08,Equity : Index Funds,NIL
Franklin India Opportunities Fund(G),R. Janakiraman,EQ-THEM,3,8534.7,1.52,Open Ended,21-Feb-00,NIFTY 500,246.04,264.82,223.16,-0.19,-2.88,-5.89,0.10,3.90,23.28,18.60,16.12,21.03,3.15,66.67,46,86949,38.46,19.46,27.58,Financials,-,-,-,0.73,0.32,0.61,1.12,16.31,Equity : Thematic,1% on or before 1Y
Franklin India Overnight Fund(G),Pallab Roy,DT-ON,2,949.1,0.08,Open Ended,08-May-19,Nifty 1D Rate Index,1412.56,1412.56,1340.85,0.44,1.31,2.60,5.37,5.89,6.16,5.51,-,-,-,0,-,-,-,-,-,-,0.01,0.01,5.35,-0.01,-0.81,-0.19,0.78,0.17,Debt : Overnight,Nil
Franklin India Retirement Fund(G),Anuj Tagra,HY-BAL,2,496.8,1.85,Open Ended,31-Mar-97,CRISIL Short Term Debt Hybrid 60+40 Index,213.86,222.91,209.26,-0.63,-2.47,-3.87,-1.75,3.58,8.05,6.82,7.57,-,-,0,42,280275,25.77,2.79,4.71,Financials,3.79,2.38,7.55,-0.09,0.12,0.23,0.98,5.54,Hybrid : Balanced Hybrid,3% on or beofre the 58Y of age Nil after age of 58Y
Franklin India Small Cap Fund(G),R. Janakiraman,EQ-SML,1,13850.3,1.46,Open Ended,13-Jan-06,Nifty Smallcap 250,169.18,179.33,144.85,-1.45,4.71,-0.13,-1.48,1.51,16.23,17.83,15.15,29.26,3.05,32.31,85,18212,7.41,5.89,80.66,Financials,-,-,-,-0.07,0.20,0.37,0.88,18.54,Equity : Small Cap,1% on or before 1Y
Franklin India Technology Fund(G),R. Janakiraman,EQ-TECH,Unrated,1648.3,1.80,Open Ended,22-Aug-98,BSE TECk Index,452.13,554.02,423.04,1.05,-0.41,-14.87,-9.80,-1.29,13.07,9.72,14.45,30.44,5.51,23.55,22,257971,52.62,15.53,7.33,Technology,-,-,-,0.67,0.17,0.30,0.85,17.45,Equity : Sectoral - Technology,1% on or before 1Y
Franklin India Ultra Short Duration Fund-Reg(G),Rohan Maru,DT-USD,Unrated,313.7,0.61,Open Ended,29-Aug-24,NIFTY Ultra Short Duration Debt Index,11.19,11.19,10.58,0.27,1.26,2.60,5.86,-,-,-,-,-,-,0,-,-,-,-,-,-,0.63,0.31,6.87,0.05,0.03,0.02,0.57,-,Debt : Ultra Short Duration,Nil
Franklin U.S. Opportunities Equity Active FOF(G),Sandeep Manam,FOF-OVR,Unrated,5190.0,1.25,Open Ended,06-Feb-12,Russell 3000 Growth Index,93.62,93.62,72.74,6.89,18.60,16.14,30.34,18.84,24.37,12.69,16.58,-,-,4.01,-,-,-,-,-,-,-,-,-,1.58,0.30,0.59,0.85,17.95,FoFs : Overseas,1% on or before 1Y
Groww Aggressive Hybrid Fund-Reg(G),Paras Matalia,HY-AGR,Unrated,50.1,3.71,Open Ended,13-Dec-18,CRISIL Hybrid 35+65 - Aggressive Index,19.99,21.42,18.97,-1.10,-4.92,-6.48,-2.50,0.51,8.70,8.36,-,22.23,3.21,183,92,233834,46.97,20.15,2.36,Financials,-,-,6.33,-0.18,0.10,0.18,1.14,10.37,Hybrid : Aggressive Hybrid,1% on or before 7D Nil after 7D
Groww Arbitrage Fund-Reg(G),Paras Matalia,HY-ARB,Unrated,40.8,0.96,Open Ended,28-Apr-26,Nifty 50 Arbitrage - TRI,10.02,10.14,9.99,0.35,-,-,-,-,-,-,-,16.74,2.43,57,22,326213,45.64,1.77,-,Financials,-,-,-,-,-,-,-,-,Hybrid : Arbitrage,0.25% on or before 30D Nil after 30D
Groww Banking & Financial Services Fund-Reg(G),Anupam Tiwari,EQ-FIN,Unrated,68.6,2.80,Open Ended,06-Feb-24,Nifty Financial Services - TRI,11.84,12.52,10.52,-0.95,-0.87,-1.52,3.09,7.28,-,-,-,19.47,2.52,137,34,69857,39.15,21.21,36.72,Financials,-,-,-,-0.14,0.07,0.12,0.94,-,Equity : Sectoral - Financial Services,1% on or before 30D Nil after 30D
Groww BSE Hospitals ETF,Nikhil Satam,EQ-ETF,Unrated,35.4,0.91,Open Ended,02-Mar-26,BSE Hospitals Index - TRI,49.51,51.93,43.91,2.80,-,-,-,-,-,-,-,61.90,8.15,2,16,49953,19.68,54.77,25.42,Healthcare,-,-,-,-,-,-,-,-,Equity : ETFs,null
Groww BSE Hospitals ETF FOF-Reg(G),Nikhil Satam,FOF-DOM,Unrated,16.4,0.59,Open Ended,05-Mar-26,BSE Hospitals Index - TRI,10.35,10.88,9.22,2.72,-,-,-,-,-,-,-,-,-,134,-,-,-,-,-,-,-,-,-,-,-,-,-,-,FoFs : Domestic,NIL
Groww BSE Power ETF,Aakash Chauhan,EQ-ETF,Unrated,239.3,1.15,Open Ended,05-Aug-25,BSE Power Index - TRI,12.18,12.79,9.05,-0.24,16.73,23.41,-,-,-,-,-,27.15,3.91,83,18,184024,69.54,29.66,0.82,Energy,-,-,-,-,-,-,-,-,Equity : ETFs,null
Groww BSE Power ETF FoF-Reg(G),Aakash Chauhan,FOF-DOM,Unrated,24.8,0.70,Open Ended,07-Aug-25,BSE Power Index - TRI,12.37,12.98,8.95,-0.30,15.62,23.06,-,-,-,-,-,-,-,110,-,-,-,-,-,-,-,-,-,-,-,-,-,-,FoFs : Domestic,NIL
Groww Dynamic Term Fund-Reg(G),Kaustubh Sule,DT-DYN,Unrated,37.7,1.46,Open Ended,04-Dec-18,CRISIL Dynamic Bond Index,1473.66,1480.33,1447.54,-0.03,-0.18,0.59,-0.44,4.09,4.43,4.27,-,-,-,0,-,-,-,-,-,-,4.22,2.77,6.93,-0.14,-0.23,-0.48,1.06,2.37,Debt : Dynamic Bond,Nil
Groww ELSS Tax Saver Fund-Reg(G),Paras Matalia,EQ-ELSS,Unrated,49.8,2.81,Open Ended,28-Dec-17,NIFTY 500 - TRI,18.31,20.44,17.12,-1.67,-5.82,-9.78,-6.40,-1.26,9.61,8.98,-,23.17,3.10,190,68,243650,67.24,30.84,-,Financials,-,-,-,-0.30,0.11,0.19,1.03,14.72,Equity : Tax Saving (ELSS),Nil
Groww Gilt Fund-Reg(G),Kaustubh Sule,DT-GILT,Unrated,34.8,1.70,Open Ended,09-May-25,CRISIL Dynamic Gilt Index,9.76,10.05,9.68,-0.25,-1.33,-0.30,-3.01,-,-,-,-,-,-,0,-,-,-,-,-,-,29.60,9.79,7.26,-0.29,-0.79,-1.09,0.95,-,Debt : Gilt,NIL
Groww Gold ETF,Wilfred Gonsalves,PM-ETF,Unrated,450.6,0.71,Open Ended,22-Oct-24,Gold-India,15.19,170.53,13.28,3.28,-2.47,19.62,60.12,-,-,-,-,-,-,23,-,-,-,-,-,-,-,-,-,3.76,0.67,1.52,1.77,-,Metal : ETFs,null
Groww Gold ETF FOF-Reg(G),Wilfred Gonsalves,FOF-DOM,Unrated,114.4,0.36,Open Ended,06-Nov-24,Gold-India,18.99,21.80,12.00,3.09,-3.54,18.40,57.59,-,-,-,-,-,-,5,-,-,-,-,-,-,-,-,-,3.77,0.67,1.48,1.95,-,FoFs : Domestic,1% on or before 30D Nil after 30D
Groww Largecap Fund-Reg(G),Anupam Tiwari,EQ-LC,Unrated,127.6,2.68,Open Ended,10-Feb-12,NIFTY 100 - TRI,41.35,44.78,38.62,-1.48,-6.02,-7.52,-1.60,1.14,10.69,9.71,10.82,19.83,3.33,98,40,369821,87.96,2.89,1.28,Financials,-,-,-,-0.05,0.13,0.23,1.02,13.39,Equity : Large Cap,1% on or before 7D Nil after 7D
Groww Liquid Fund-Reg(G),Kaustubh Sule,DT-LIQ,4,277.5,0.22,Open Ended,25-Oct-11,CRISIL Liquid Debt Index,2668.05,2668.05,2513.95,0.51,1.67,3.15,6.15,6.71,6.87,5.93,5.97,-,-,0,4,-,-,-,-,-,0.09,0.09,6.13,0.01,0.22,0.06,1.07,0.25,Debt : Liquid,0.007% for Day 1 0.0065% on Day 2 0.0060% on Day 3 0.0055% on Day 4 0.0050% on Day 5 0.0045% on Day 6 NIL on or after 7D
Groww Money Market Fund-Reg(G),Kaustubh Sule,DT-MM,Unrated,35.6,0.90,Open Ended,19-Nov-25,CRISIL Money Market Index,10.24,10.24,10.00,0.30,1.01,2.16,-,-,-,-,-,-,-,0,-,-,-,-,-,-,0.43,0.43,6.63,-,-,-,-,-,Debt : Money Market,NIL
Groww Multi Asset Allocation Fund-Reg(G),Paras Matalia,HY-MULTI,Unrated,404.0,2.69,Open Ended,30-Sep-25,NIFTY 500 - TRI,10.05,10.79,9.43,-0.40,-3.72,-2.45,-,-,-,-,-,23.16,3.15,307,74,259741,45.66,19.59,0.49,Financials,-,-,5.98,-,-,-,-,-,Hybrid : Multi Asset Allocation,1% on or before 30D Nil after 30D
Groww Multi Asset Omni FOF-Reg(G),Paras Matalia,FOF-DOM,Unrated,76.1,1.27,Open Ended,22-Dec-25,NIFTY 500 - TRI,9.96,10.19,9.02,0.32,-0.21,-,-,-,-,-,-,-,-,131,-,-,-,-,-,-,-,-,-,-,-,-,-,-,FoFs : Domestic,Nil
Groww Multicap Fund-Reg(G),Anupam Tiwari,EQ-MLC,Unrated,489.2,2.84,Open Ended,16-Dec-24,Nifty500 Multicap 50:25:25 - TRI,11.00,11.31,9.40,0.47,3.28,2.06,10.78,-,-,-,-,23.44,3.76,83,61,57858,28.6,23.96,38.08,Financials,-,-,-,0.60,0.08,0.15,1.12,-,Equity : Multi Cap,1% on or before 1Y Nil after 1Y
Groww Nifty 1D Rate Liquid ETF,Kaustubh Sule,DT-ETF,Unrated,103.9,0.38,Open Ended,24-Sep-24,Nifty 1D Rate Index,109.30,109.30,104.29,0.40,1.15,2.29,4.82,-,-,-,-,-,-,0,-,-,-,-,-,-,0.01,0.01,5.25,-0.03,-1.68,-0.53,1.05,-,Debt : ETFs,null
Groww Nifty 200 ETF,Aakash Chauhan,EQ-ETF,Unrated,16.5,0.61,Open Ended,25-Feb-25,NIFTY 200 - TRI,10.99,11.86,10.11,-1.22,-4.13,-7.05,-1.39,-,-,-,-,21.17,3.20,27,204,282791,80.58,18.53,0.36,Financials,-,-,-,-0.03,0.09,0.15,1.00,-,Equity : ETFs,null
Groww Nifty 200 ETF FOF-Reg(G),Aakash Chauhan,EQ-ETF,Unrated,6.7,0.65,Open Ended,28-Feb-25,NIFTY 200 - TRI,11.29,12.17,10.38,-0.61,-4.20,-7.28,-1.73,-,-,-,-,-,-,16,-,-,-,-,-,-,-,-,-,-0.03,0.08,0.14,0.99,-,Equity : ETFs,1% on or before 30D Nil after 30D
Groww Nifty 50 ETF,Aakash Chauhan,EQ-ETF,Unrated,30.9,0.40,Open Ended,18-Jul-25,NIFTY 50 - TRI,9.45,10.56,8.97,-2.42,-6.97,-10.44,-,-,-,-,-,19.99,3.02,20,50,532463,99.1,0.67,-,Financials,-,-,-,-,-,-,-,-,Equity : ETFs,null
Groww Nifty 50 Index Fund-Reg(G),Aakash Chauhan,EQ-INDX,Unrated,22.4,1.13,Open Ended,21-Jul-25,NIFTY 50 - TRI,9.32,10.47,8.87,-2.50,-7.20,-10.89,-,-,-,-,-,19.99,3.02,14,50,532416,99.47,0.67,-,Financials,-,-,-,-,-,-,-,-,Equity : Index Funds,NIL
Groww Nifty 500 Low Volatility 50 ETF,Aakash Chauhan,EQ-ETF,Unrated,4.2,0.43,Open Ended,13-Jun-25,Nifty500 Low Volatility 50 - TRI,10.16,10.93,9.61,-1.97,-4.99,-5.33,-,-,-,-,-,23.56,3.94,201,50,186841,77.29,19.67,2.51,Energy,-,-,-,-,-,-,-,-,Equity : ETFs,null
Groww Nifty 500 Momentum 50 ETF,Aakash Chauhan,EQ-ETF,Unrated,25.5,0.56,Open Ended,23-Apr-25,Nifty500 Momentum 50 - TRI,10.45,11.11,9.19,0.88,-0.29,-4.67,-1.04,-,-,-,-,28.76,4.07,215,50,138436,62,30.01,7.89,Financials,-,-,-,-0.07,-0.02,-0.03,1.00,-,Equity : ETFs,null
Groww Nifty 500 Momentum 50 ETF FOF-Reg(G),Aakash Chauhan,FOF-DOM,Unrated,9.1,0.59,Open Ended,24-Apr-25,Nifty500 Momentum 50 - TRI,10.31,11.04,9.10,0.61,-0.55,-5.03,-1.41,-,-,-,-,-,-,67,-,-,-,-,-,-,-,-,-,-0.12,-0.02,-0.04,1.00,-,FoFs : Domestic,1% on or before 30D Nil after 30D
Groww Nifty Capital Markets ETF,Aakash Chauhan,EQ-ETF,Unrated,29.3,0.69,Open Ended,02-Dec-25,Nifty Capital Markets Index - TRI,11.25,11.95,8.96,2.48,16.59,-,-,-,-,-,-,44.27,11.20,58,17,64383,40.56,31.32,28.06,Financials,-,-,-,-,-,-,-,-,Equity : ETFs,null
Groww Nifty Capital Markets ETF FOF-Reg(G),Aakash Chauhan,FOF-DOM,Unrated,14.0,0.61,Open Ended,04-Dec-25,Nifty Capital Markets Index - TRI,11.44,12.13,9.11,2.66,16.43,-,-,-,-,-,-,-,-,28,-,-,-,-,-,-,-,-,-,-,-,-,-,-,FoFs : Domestic,NIL
Groww Nifty Chemicals ETF,Nikhil Satam,EQ-ETF,Unrated,8.7,0.70,Open Ended,13-Jan-26,Nifty Chemicals - TRI,29.02,29.71,24.94,1.55,4.07,-,-,-,-,-,-,41.62,3.80,16,20,50620,22.68,42.76,34.25,Chemicals,-,-,-,-,-,-,-,-,Equity : ETFs,null
Groww Nifty EV & New Age Automotive ETF,Aakash Chauhan,EQ-ETF,Unrated,267.7,0.65,Open Ended,07-Aug-24,Nifty EV and New Age Automotive - TRI,30.61,32.04,26.31,1.00,-1.98,-3.73,4.14,-,-,-,-,24.16,4.33,49,38,90458,44.53,29.71,25.85,Automobile and Ancillaries,-,-,-,-0.04,-0.12,-0.20,1.00,-,Equity : ETFs,null
Groww Nifty EV & New Age Automotive ETF FOF-Reg(G),Aakash Chauhan,FOF-DOM,Unrated,159.3,0.45,Open Ended,12-Aug-24,Nifty EV and New Age Automotive - TRI,9.32,9.77,7.99,0.96,-1.85,-3.93,3.90,-,-,-,-,-,-,8,-,-,-,-,-,-,-,-,-,-0.16,-0.14,-0.23,0.97,-,FoFs : Domestic,1% on or before 30D Nil after 30D
Groww Nifty India Defence ETF,Aakash Chauhan,EQ-ETF,Unrated,319.1,0.71,Open Ended,08-Oct-24,Nifty India Defence - TRI,89.81,94.15,72.12,-0.60,9.77,11.35,2.75,-,-,-,-,55.78,10.11,50,19,96106,48.62,28.89,22.64,Capital Goods,-,-,-,-0.04,0.20,0.46,1.00,-,Equity : ETFs,null
Groww Nifty India Defence ETF FOF-Reg(G),Aakash Chauhan,FOF-DOM,Unrated,125.6,0.49,Open Ended,11-Oct-24,Nifty India Defence - TRI,13.22,13.79,10.56,0.20,10.26,11.29,2.14,-,-,-,-,-,-,6,-,-,-,-,-,-,-,-,-,-0.12,0.19,0.45,0.99,-,FoFs : Domestic,1% on or before 30D Nil after 30D
Groww Nifty India Internet ETF,Aakash Chauhan,EQ-ETF,Unrated,30.7,0.65,Open Ended,01-Jul-25,Nifty India Internet & E-Commerce - TRI,8.92,11.13,7.97,-0.83,1.43,-17.83,-,-,-,-,-,82.87,4.84,74,27,66632,22.2,59.24,18.54,Retail and Other Services,-,-,-,-,-,-,-,-,Equity : ETFs,null
Groww Nifty India Internet ETF FOF-Reg(G),Aakash Chauhan,FOF-DOM,Unrated,12.2,0.73,Open Ended,03-Jul-25,Nifty India Internet & E-Commerce - TRI,8.90,11.14,7.93,-0.73,1.12,-18.15,-,-,-,-,-,-,-,98,-,-,-,-,-,-,-,-,-,-,-,-,-,-,FoFs : Domestic,NIL
Groww Nifty India Railways PSU ETF,Aakash Chauhan,EQ-ETF,Unrated,133.1,0.70,Open Ended,05-Feb-25,Nifty India Railways PSU Index - TRI,29.73,40.19,27.87,-8.61,-8.29,-12.04,-22.40,-,-,-,-,23.14,3.12,66,17,69249,35.55,53.56,10.97,Infrastructure,-,-,-,0.19,-0.08,-0.15,1.00,-,Equity : ETFs,null
Groww Nifty India Railways PSU Index Fund-Reg(G),Aakash Chauhan,EQ-INDX,Unrated,55.2,1.17,Open Ended,04-Feb-25,Nifty India Railways PSU Index - TRI,8.03,10.93,7.53,-8.59,-8.36,-12.26,-22.96,-,-,-,-,23.14,3.12,33,17,69251,35.54,53.53,10.97,Infrastructure,-,-,-,0.09,-0.09,-0.17,1.00,-,Equity : Index Funds,1% on or before 30D Nil after 30D
Groww Nifty Metal ETF,Aakash Chauhan,EQ-ETF,Unrated,38.1,0.65,Open Ended,19-Dec-25,NIFTY METAL - TRI,12.88,13.03,10.00,5.21,10.52,-,-,-,-,-,-,19.49,2.88,33,19,58604,68.12,20.84,1.8,Metals,-,-,-,-,-,-,-,-,Equity : ETFs,null
Groww Nifty Midcap 150 ETF,Aakash Chauhan,EQ-ETF,Unrated,5.8,0.25,Open Ended,13-Nov-25,Nifty Midcap 150 - TRI,223.32,229.08,194.69,1.21,1.89,-0.37,-,-,-,-,-,28.42,3.86,134,150,68094,11.49,84.55,3.52,Financials,-,-,-,-,-,-,-,-,Equity : ETFs,null
Groww Nifty Midcap 150 Index Fund-Reg(G),Aakash Chauhan,EQ-INDX,Unrated,13.8,1.10,Open Ended,13-Nov-25,Nifty Midcap 150 - TRI,9.95,10.21,8.68,1.15,1.67,-0.79,-,-,-,-,-,28.42,3.86,31,150,68124,11.58,84.91,3.53,Financials,-,-,-,-,-,-,-,-,Equity : Index Funds,NIL
Groww Nifty Next 50 ETF,Aakash Chauhan,EQ-ETF,Unrated,8.5,0.59,Open Ended,22-Aug-25,NIFTY NEXT 50 - TRI,70.26,72.09,60.49,0.40,0.48,1.24,-,-,-,-,-,19.50,3.34,268,54,98770,84.07,12.05,-,Financials,-,-,-,-,-,-,-,-,Equity : ETFs,null
Groww Nifty Next 50 Index Fund-Reg(G),Aakash Chauhan,EQ-INDX,Unrated,8.7,1.23,Open Ended,25-Aug-25,NIFTY NEXT 50 - TRI,10.31,10.58,8.90,0.33,0.28,0.85,-,-,-,-,-,19.50,3.34,50,54,98898,84.44,12.13,-,Financials,-,-,-,-,-,-,-,-,Equity : Index Funds,NIL
Groww Nifty Non-Cyclical Consumer Index Fund-Reg(G),Aakash Chauhan,EQ-INDX,Unrated,42.0,1.06,Open Ended,22-May-24,Nifty Non-Cyclical Consumer - TRI,9.76,11.34,9.00,-3.30,-3.75,-12.29,-8.85,0.06,-,-,-,49.87,9.10,23,30,223185,77.29,23.02,-,FMCG,-,-,-,-0.09,-0.10,-0.16,1.00,-,Equity : Index Funds,1% on or before 30D Nil after 30D
Groww Nifty Private Bank ETF,Nikhil Satam,EQ-ETF,Unrated,-,-,Open Ended,22-May-26,Nifty Private Bank - TRI,26.00,26.91,26.00,-,-,-,-,-,-,-,-,-,-,-,-,-,-,-,-,-,-,-,-,-,-,-,-,-,Equity : ETFs,null
Groww Nifty Private Bank Index Fund-Reg(G),Nikhil Satam,EQ-INDX,Unrated,-,-,Open Ended,25-May-26,Nifty Private Bank - TRI,9.66,10.00,9.66,-,-,-,-,-,-,-,-,-,-,-,-,-,-,-,-,-,-,-,-,-,-,-,-,-,Equity : Index Funds,NIL
Groww Nifty PSE ETF,Nikhil Satam,EQ-ETF,Unrated,18.2,0.57,Open Ended,09-Feb-26,NIFTY PSE - TRI,101.10,108.01,95.95,-4.54,-2.83,-,-,-,-,-,-,11.28,1.95,6,20,212009,79.53,20.39,-,Energy,-,-,-,-,-,-,-,-,Equity : ETFs,null
Groww Nifty PSE ETF FOF-Reg(G),Nikhil Satam,FOF-DOM,Unrated,12.1,0.53,Open Ended,11-Feb-26,NIFTY PSE - TRI,9.72,10.43,9.27,-3.87,-0.92,-,-,-,-,-,-,-,-,1,-,-,-,-,-,-,-,-,-,-,-,-,-,-,FoFs : Domestic,NIL
Groww Nifty PSU Bank ETF,Nikhil Satam,EQ-ETF,Unrated,5.7,0.72,Open Ended,24-Mar-26,NIFTY PSU BANK - TRI,80.85,90.10,78.69,-5.07,-,-,-,-,-,-,-,8.34,1.21,7,12,227086,87.18,12.32,0.3,Financials,-,-,-,-,-,-,-,-,Equity : ETFs,null
Groww Nifty PSU Bank Index Fund-Reg(G),Nikhil Satam,EQ-INDX,Unrated,6.9,1.42,Open Ended,24-Mar-26,NIFTY PSU BANK - TRI,9.66,10.75,9.40,-4.90,-,-,-,-,-,-,-,8.34,1.21,5,12,227088,87.83,12.41,0.3,Financials,-,-,-,-,-,-,-,-,Equity : Index Funds,NIL
Groww Nifty Realty ETF,Aakash Chauhan,EQ-ETF,Unrated,15.0,0.67,Open Ended,07-Oct-25,NIFTY REALTY - TRI,8.65,10.85,7.29,-3.22,-1.69,-14.19,-,-,-,-,-,35.42,3.58,33,10,60968,18.88,64.7,16.33,Construction,-,-,-,-,-,-,-,-,Equity : ETFs,null
Groww Nifty Smallcap 250 ETF,Aakash Chauhan,EQ-ETF,Unrated,15.7,0.62,Open Ended,28-Oct-25,Nifty Smallcap 250 - TRI,9.77,10.05,8.21,0.79,6.10,0.53,-,-,-,-,-,29.87,3.11,52,250,19944,-,7.04,92.36,Financials,-,-,-,-,-,-,-,-,Equity : ETFs,null
Groww Nifty Smallcap 250 Index Fund-Reg(G),Aakash Chauhan,EQ-INDX,Unrated,125.6,1.10,Open Ended,29-Feb-24,Nifty Smallcap 250 - TRI,11.16,11.91,9.38,0.70,6.01,0.18,-0.21,3.59,-,-,-,29.83,3.10,22,250,19931,-,6.98,92.78,Financials,-,-,-,-0.09,0.05,0.10,1.00,-,Equity : Index Funds,0.25% on or before 7D Nil after 7D
Groww Nifty Smallcap 250 Momentum Quality 100 ETF,Nikhil Satam,EQ-ETF,Unrated,-,-,Open Ended,-,Nifty Smallcap250 Momentum Quality 100,-,-,-,-,-,-,-,-,-,-,-,-,-,-,-,-,-,-,-,-,-,-,-,-,-,-,-,-,Equity : ETFs,null
Groww Nifty Smallcap 250 Momentum Quality 100 Index Fund-Reg(G),Nikhil Satam,EQ-INDX,Unrated,-,-,Open Ended,-,Nifty Smallcap250 Momentum Quality 100,-,-,-,-,-,-,-,-,-,-,-,-,-,-,-,-,-,-,-,-,-,-,-,-,-,-,-,-,Equity : Index Funds,NIL
Groww Nifty Total Market Index Fund-Reg(G),Aakash Chauhan,EQ-INDX,Unrated,350.2,1.08,Open Ended,23-Oct-23,Nifty Total Market - TRI,13.27,14.16,12.04,-0.97,-2.80,-6.18,-1.74,3.21,-,-,-,22.08,3.18,21,755,178417,66.88,19.05,13.78,Financials,-,-,-,-0.10,0.12,0.22,1.00,-,Equity : Index Funds,0.25% on or before 7D Nil after 7D
Groww Overnight Fund-Reg(G),Kaustubh Sule,DT-ON,Unrated,82.7,0.32,Open Ended,08-Jul-19,CRISIL Liquid Overnight Index,1390.68,1390.68,1322.82,0.42,1.25,2.47,5.15,5.74,6.03,5.36,-,-,-,0,-,-,-,-,-,-,0.01,0.01,5.40,0.01,-0.87,-0.24,1.04,0.20,Debt : Overnight,Nil
Groww Short Term Fund-Reg(G),Kaustubh Sule,DT-SD,Unrated,95.7,1.11,Open Ended,13-Sep-13,CRISIL Short Duration Debt Index,2161.55,2164.09,2086.18,0.17,0.42,1.13,3.61,6.27,6.00,4.84,5.48,-,-,0,-,-,-,-,-,-,4.26,2.33,7.09,-0.01,-0.12,-0.21,1.44,1.15,Debt : Short Duration,Nil
Groww Silver ETF,Wilfred Gonsalves,PM-ETF,Unrated,326.5,0.53,Open Ended,21-May-25,Silver,25.77,367.50,20.48,9.59,-1.14,48.68,162.82,-,-,-,-,-,-,208,-,-,-,-,-,-,-,-,-,10.81,0.60,1.46,3.01,-,Metal : ETFs,null
Groww Silver ETF FOF-Reg(G),Wilfred Gonsalves,FOF-DOM,Unrated,86.5,0.52,Open Ended,23-May-25,Silver,25.39,34.62,10.24,9.50,-1.18,50.38,152.51,-,-,-,-,-,-,58,-,-,-,-,-,-,-,-,-,10.48,0.58,1.41,3.64,-,FoFs : Domestic,1% on or before 30D Nil after 30D
Groww Small Cap Fund-Reg(G),Anupam Tiwari,EQ-SML,Unrated,296.1,2.90,Open Ended,29-Jan-26,Nifty Smallcap 250 - TRI,10.96,11.36,9.21,-0.34,7.29,-,-,-,-,-,-,23.16,3.09,21,42,13838,-,7.52,79.48,Financials,-,-,-,-,-,-,-,-,Equity : Small Cap,1% on or before 1Y Nil after 1Y
Groww Value Fund-Reg(G),Anupam Tiwari,EQ-VAL,Unrated,66.8,2.76,Open Ended,07-Sep-15,NIFTY 500 - TRI,26.25,28.02,23.72,-0.44,-1.95,-5.06,-1.47,3.52,14.25,11.93,10.51,16.07,2.58,190,61,106165,52.39,4.22,34.86,Financials,-,-,-,0.03,0.19,0.37,0.96,13.50,Equity : Value / Contra,1% on or before 1Y Nil after 1Y
HDFC Arbitrage Fund-Reg(G),Arun Agarwal,HY-ARB,2,24438.9,0.75,Open Ended,23-Oct-07,Nifty 50 Arbitrage,32.20,32.23,30.47,0.34,1.27,2.79,5.82,6.37,6.82,5.90,5.57,20.36,2.70,207.08,155,307340,54.41,10.39,1.57,Financials,0.62,0.58,6.91,-0.02,0.14,0.08,0.52,0.46,Hybrid : Arbitrage,0.25% on or before 1M Nil after 1M
HDFC Balanced Advantage Fund(G),Gopal Agrawal,HY-DYN,4,105377.6,1.27,Open Ended,11-Sep-00,NIFTY 50 Hybrid Composite Debt 50:50 Index,506.01,539.05,483.48,-1.91,-4.40,-5.63,-1.92,2.72,14.07,14.66,14.47,18.04,2.72,9.95,153,252938,53.1,8.71,7.91,Financials,7.37,4.10,7.34,0.42,0.26,0.50,0.70,9.52,Hybrid : Dynamic Asset Allocation,Nil upto 15% of Units For excess Units 1% on or before 1Y and Nil after 1Y
HDFC Banking & Financial Services Fund-Reg(G),Anand Laddha,EQ-FIN,Unrated,4369.9,1.87,Open Ended,01-Jul-21,Nifty Financial Services - TRI,16.81,18.60,15.40,-2.31,-7.29,-6.92,0.05,7.50,11.99,-,-,18.74,2.29,29.73,33,208712,69.07,10.68,18.64,Financials,-,-,-,0.23,0.15,0.27,0.97,14.83,Equity : Sectoral - Financial Services,1% on or before 30D Nil after 30D
HDFC Banking and PSU Debt Fund-Reg(G),Anil Bamboli,DT-B&PSU,4,5316.4,0.72,Open Ended,26-Mar-14,NIFTY Banking and PSU Debt Index,23.85,23.88,23.04,0.19,0.11,0.87,3.14,6.39,6.51,5.69,6.93,-,-,0,-,-,-,-,-,-,4.14,3.03,7.52,0.02,0.01,0.01,0.44,1.36,Debt : Banking & PSU,Nil
HDFC BSE 500 ETF,Arun Agarwal,EQ-ETF,Unrated,22.7,0.30,Open Ended,15-Feb-23,BSE 500 - TRI,36.07,38.64,32.92,-1.15,-3.34,-6.40,-1.33,3.50,12.76,-,-,21.80,3.15,6.65,500,214563,69.8,19.7,10.45,Financials,-,-,-,0.26,0.18,0.32,1.08,13.61,Equity : ETFs,null
HDFC BSE 500 Index Fund-Reg(G),Arun Agarwal,EQ-INDX,Unrated,283.5,0.77,Open Ended,21-Apr-23,BSE 500 - TRI,14.91,16.01,13.62,-1.20,-3.50,-6.65,-1.89,2.82,11.85,-,-,21.80,3.15,19,500,214497,69.78,19.72,10.44,Financials,-,-,-,0.19,0.16,0.29,1.07,13.51,Equity : Index Funds,Nil
HDFC BSE India Sector Leaders Index Fund-Reg(G),Arun Agarwal,EQ-INDX,Unrated,188.1,0.75,Open Ended,26-Nov-25,BSE India Sector Leaders Index - TRI,9.18,10.01,8.49,-2.32,-4.11,-8.26,-,-,-,-,-,24.67,3.39,-,61,276702,80.13,11.27,8.71,Financials,-,-,-,-,-,-,-,-,Equity : Index Funds,NIL
HDFC BSE Sensex ETF,Arun Agarwal,EQ-ETF,Unrated,535.6,0.05,Open Ended,09-Dec-15,BSE SENSEX - TRI,84.27,96.57,81.07,-3.28,-8.46,-13.07,-7.89,1.47,7.19,8.77,12.15,21.37,3.11,10.9,30,648953,99.99,-,-,Financials,-,-,-,-0.17,0.06,0.11,1.00,12.26,Equity : ETFs,null
HDFC BSE Sensex Index Fund(G),Arun Agarwal,EQ-INDX,Unrated,8511.6,0.36,Open Ended,17-Jul-02,BSE SENSEX - TRI,693.14,795.60,667.18,-3.31,-8.56,-13.23,-8.22,1.11,6.81,8.37,11.68,21.37,3.11,9.12,30,648953,100.01,-,-,Financials,-,-,-,-0.20,0.06,0.10,1.00,12.26,Equity : Index Funds,0.25% on or before 3D Nil after 3D
HDFC Business Cycle Fund-Reg(G),Rahul Baijal,EQ-THEM,Unrated,2604.0,1.96,Open Ended,30-Nov-22,NIFTY 500 - TRI,13.94,15.20,12.57,-1.56,-1.91,-6.22,-1.80,2.23,10.00,-,-,34.18,3.87,55.09,57,100519,42.99,22.72,23.77,Financials,-,-,-,-0.22,0.13,0.23,0.97,13.82,Equity : Thematic,1% on or before 1Y Nil after 1Y
HDFC Charity Fund for Cancer Cure-Reg(50% IDCW Donation Option),Anil Bamboli,DT-FMP,Unrated,194.8,-,Closed Ended,14-Aug-23,NIFTY Medium Duration Debt Index,10.04,10.49,10.02,0.42,1.38,2.79,5.93,7.50,-,-,-,-,-,0,-,-,-,-,-,-,0.37,0.35,5.61,0.08,0.43,0.34,0.26,-,Debt : FTP/FMP,null
HDFC Childrens Fund,Chirag Setalvad,HY-AGR,4,10151.9,1.74,Open Ended,02-Mar-01,NIFTY 50 Hybrid Composite Debt 65:35 Index,277.25,299.53,265.56,-1.60,-4.32,-7.62,-5.44,1.31,8.95,10.65,12.58,-,-,9.69,46,154279,39.4,6.15,20.17,Financials,6.94,4.43,7.05,0.05,0.12,0.22,0.74,9.92,Hybrid : Aggressive Hybrid,Nil
HDFC Consumption Fund-Reg(G),Amit Sinha,EQ-CONS,Unrated,997.4,2.21,Open Ended,12-Jul-23,Nifty India Consumption - TRI,12.96,14.93,11.93,-2.62,-4.19,-10.66,-6.52,2.06,-,-,-,45.09,7.37,36.02,49,115147,62.06,17.22,18.08,FMCG,-,-,-,-0.15,0.09,0.16,0.97,-,Equity : Thematic - Consumption,1% on or before 30D Nil after 30D
HDFC Corp Bond Fund(G),Anupam Joshi,DT-CORP,4,31610.6,0.63,Open Ended,29-Jun-10,NIFTY Corporate Bond Index,33.60,33.68,32.58,0.12,-0.15,0.60,2.66,6.34,6.65,5.86,7.21,-,-,0,-,-,-,-,-,-,7.15,4.14,7.58,0.03,0.04,0.06,0.49,1.48,Debt : Corporate Bond,Nil
HDFC Credit Risk Debt Fund-(G),Praveen Jain,DT-CR,5,7522.1,1.51,Open Ended,25-Mar-14,NIFTY Credit Risk Bond Index,25.36,25.36,24.01,0.30,0.82,2.30,5.52,7.33,7.15,6.39,7.36,-,-,0,-,-,-,-,-,-,3.37,2.12,8.29,0.06,0.19,0.23,0.30,0.98,Debt : Credit Risk,Nil for 15% of Units For excess of limits 1% on or before 12M and 0.50% after 12M but on or before 18M Nil after 18M
HDFC CRISIL-IBX Financial Services 3-6 Months Debt Index Fund-Reg(G),Anupam Joshi,DT-USD,Unrated,2162.5,0.26,Open Ended,06-May-25,CRISIL-IBX Financial Services 3 to 6 Months Debt Index,10.72,10.72,10.06,0.46,1.75,3.17,6.60,-,-,-,-,-,-,0,-,-,-,-,-,-,0.30,0.28,6.93,0.10,0.04,0.02,0.51,-,Debt : Ultra Short Duration,NIL
HDFC CRISIL-IBX Financial Services 9-12 Months Debt Index Fund-Reg(G),Anupam Joshi,DT-LOWD,Unrated,762.6,0.32,Open Ended,24-Mar-26,CRISIL-IBX Financial Services 9-12 Months Debt Index,10.11,10.11,10.00,0.21,-,-,-,-,-,-,-,-,-,0,-,-,-,-,-,-,0.90,0.82,7.38,-,-,-,-,-,Debt : Low Duration,NIL
HDFC Defence Fund-Reg(G),Rahul Baijal,EQ-THEM,Unrated,9123.6,1.74,Open Ended,02-Jun-23,Nifty India Defence - TRI,27.50,28.25,21.77,2.47,10.84,13.86,10.00,13.10,40.06,-,-,56.94,9.24,16.09,22,70386,44.59,23.89,29.59,Capital Goods,-,-,-,-0.19,0.33,0.74,0.81,-,Equity : Thematic,1% on or before 1Y Nil after 1Y
HDFC Developed World Overseas Equity Passive FOF-Reg(G),Arun Agarwal,FOF-OVR,Unrated,1623.2,0.63,Open Ended,06-Oct-21,MSCI World,20.99,21.13,15.08,6.21,12.39,18.42,41.26,26.96,26.49,-,-,-,-,-,-,-,-,-,-,-,-,-,-,1.47,0.45,0.89,0.38,12.26,FoFs : Overseas,1% on or before 30D Nil after 30D
HDFC Diversified Equity All Cap Active FOF-Reg(G),Srinivasan Ramamurthy,FOF-DOM,Unrated,2311.3,1.28,Open Ended,29-Sep-25,NIFTY 500 - TRI,9.59,10.39,8.95,-1.20,-5.28,-7.47,-,-,-,-,-,-,-,-,-,-,-,-,-,-,-,-,-,-,-,-,-,-,FoFs : Domestic,1% on or before 1Y Nil after 1Y
HDFC Dividend Yield Fund-Reg(G),Gopal Agrawal,EQ-DIV,Unrated,5687.2,1.82,Open Ended,18-Dec-20,NIFTY 500 - TRI,24.09,25.76,21.95,-0.81,-2.42,-5.44,-1.55,2.23,14.13,15.43,-,20.26,2.69,3.86,128,141611,64.17,11.74,22.51,Financials,-,-,-,0.03,0.19,0.37,1.02,14.17,Equity : Thematic - Dividend Yield,1% on or before 1Y Nil after 1Y
HDFC Dynamic Debt Fund(G),Anil Bamboli,DT-DYN,4,587.8,1.42,Open Ended,28-Apr-97,NIFTY Composite Debt Index,90.65,91.14,88.25,0.15,-0.49,0.93,0.00,4.85,5.56,5.79,5.77,-,-,0,-,-,-,-,-,-,18.54,6.91,7.31,-0.04,-0.09,-0.17,0.86,2.52,Debt : Dynamic Bond,Nil
HDFC ELSS Tax saver(G),Amar Kalkundrikar,EQ-ELSS,2,15559.5,1.69,Open Ended,31-Mar-96,NIFTY 500 - TRI,1310.99,1474.50,1252.90,-1.91,-8.12,-10.71,-5.45,3.24,15.44,15.96,13.66,22.53,3.20,20.97,55,275599,77.75,10.06,8.76,Financials,-,-,-,0.21,0.24,0.44,0.90,12.79,Equity : Tax Saving (ELSS),Nil
HDFC Equity Savings Fund(G),Srinivasan Ramamurthy,HY-EQS,2,5718.2,1.85,Open Ended,17-Sep-04,NIFTY 50 Equity Savings Index - TRI,66.26,68.27,64.93,-0.73,-2.43,-2.17,1.28,4.37,8.37,8.04,9.34,21.80,3.02,24.85,67,412906,60.28,2.3,3.89,Financials,3.49,2.54,6.94,0.23,0.15,0.28,0.84,4.70,Hybrid : Equity Savings,NIL upto 15% of investment and 1% in excess of 15% of investment on or before 1M NIL after 1M
HDFC Flexi Cap Fund(G),Amit Ganatra,EQ-FLEX,3,100479.2,1.27,Open Ended,01-Jan-95,NIFTY 500 - TRI,1926.11,2100.15,1817.59,-0.99,-6.55,-7.56,-1.07,6.64,17.03,16.95,15.93,22.72,3.12,10.75,63,271482,74.59,11.33,6.93,Financials,1.14,0.92,6.78,0.35,0.28,0.52,0.84,12.05,Equity : Flexi Cap,1% on or before 1Y Nil after 1Y
HDFC Floating Rate Debt Fund(G),Anil Bamboli,DT-FL,3,16431.8,0.54,Open Ended,23-Oct-07,CRISIL Short Duration Debt Index,52.51,52.51,49.92,0.24,0.78,2.03,5.20,7.21,7.42,6.50,7.11,-,-,0,-,-,-,-,-,-,3.93,1.72,7.30,0.08,0.31,0.30,0.21,0.82,Debt : Floater,Nil
HDFC FMP-Sr 46-1359D-Sep 2022-Reg(G),Anupam Joshi,DT-FMP,Unrated,345.3,-,Closed Ended,11-Oct-22,NIFTY Medium Duration Debt Index,12.83,12.83,12.18,0.42,1.31,2.62,5.42,6.77,6.67,-,-,-,-,0,-,-,-,-,-,-,0.11,0.10,5.14,0.02,0.09,0.07,0.22,0.61,Debt : FTP/FMP,null
HDFC FMP-Sr 46-1406D-Aug 2022-Reg(G),Anupam Joshi,DT-FMP,Unrated,269.1,-,Closed Ended,25-Aug-22,NIFTY Long Duration Debt Index,12.81,12.81,12.15,0.44,1.30,2.65,5.53,6.91,6.82,-,-,-,-,0,-,-,-,-,-,-,0.10,0.10,5.35,0.03,0.17,0.12,0.21,0.57,Debt : FTP/FMP,null
HDFC FMP-Sr 46-1861D-Mar 2022-Reg(G),Anupam Joshi,DT-FMP,Unrated,498.9,-,Closed Ended,09-Mar-22,NIFTY Medium to Long Duration Debt Index,13.05,13.05,12.37,0.34,1.21,2.69,5.56,7.44,7.18,-,-,-,-,0,-,-,-,-,-,-,0.82,0.78,6.06,0.07,0.25,0.26,0.35,0.85,Debt : FTP/FMP,null
HDFC FMP-Sr 46-1876D-Mar 2022-Reg(G),Anupam Joshi,DT-FMP,Unrated,34.9,-,Closed Ended,29-Mar-22,NIFTY Medium to Long Duration Debt Index,13.00,13.01,12.34,0.31,1.11,2.57,5.49,7.41,7.17,-,-,-,-,0,-,-,-,-,-,-,0.90,0.85,6.06,0.07,0.25,0.26,0.37,0.86,Debt : FTP/FMP,null
HDFC FMP-Sr 47-1204D-Dec 2022-Reg(G),Anupam Joshi,DT-FMP,Unrated,55.8,-,Closed Ended,27-Dec-22,NIFTY Medium Duration Debt Index,12.44,12.44,11.89,0.45,1.27,2.62,5.83,6.76,6.68,-,-,-,-,0,-,-,-,-,-,-,0.03,0.03,5.31,0.02,0.13,0.11,0.24,0.70,Debt : FTP/FMP,null
HDFC FMP-Sr 47-1269D-March 2023-Reg(G),Anupam Joshi,DT-FMP,Unrated,83.5,-,Closed Ended,21-Mar-23,NIFTY Medium Duration Debt Index,12.43,12.43,11.79,0.37,1.35,2.64,5.48,7.06,6.84,-,-,-,-,0,-,-,-,-,-,-,0.34,0.33,5.23,0.03,0.14,0.13,0.27,0.73,Debt : FTP/FMP,null
HDFC FMP-Sr 47-2638D-Feb 2023-Reg(G),Anupam Joshi,DT-FMP,Unrated,165.9,-,Closed Ended,23-Feb-23,NIFTY Long Duration Debt Index,12.86,12.88,12.39,0.33,0.14,0.97,2.86,7.46,7.01,-,-,-,-,0,-,-,-,-,-,-,3.77,3.59,6.90,0.08,0.10,0.21,1.08,2.25,Debt : FTP/FMP,null
HDFC Focused Fund-Reg(G),Amit Ganatra,EQ-FOC,2,26182.2,1.60,Open Ended,17-Sep-04,NIFTY 500 - TRI,219.14,242.70,208.55,-1.64,-8.07,-8.91,-2.97,5.76,16.18,17.90,14.09,22.61,3.11,8.89,29,253324,72.11,7.95,10.67,Financials,-,-,-,0.29,0.27,0.47,0.81,11.81,Equity : Focused,1% on or before 1Y Nil after 1Y
HDFC Gilt Fund(G),Anil Bamboli,DT-GILT,2,2271.9,0.93,Open Ended,25-Jul-01,Nifty All Duration G-Sec Index,55.81,56.33,54.56,0.15,-0.97,0.37,-0.67,4.97,5.58,4.94,6.14,-,-,0,-,-,-,-,-,-,19.75,8.01,7.36,-0.03,-0.07,-0.13,0.99,2.80,Debt : Gilt,Nil
HDFC Gold ETF,Bhagyesh Kagalkar,PM-ETF,Unrated,23238.8,0.59,Open Ended,13-Aug-10,Gold-India,132.84,149.19,82.21,3.32,-2.43,19.85,60.84,45.44,35.71,24.67,17.04,-,-,-,-,-,-,-,-,-,-,-,-,2.20,0.46,1.17,0.63,16.37,Metal : ETFs,Nil
HDFC Gold ETF FoF(G),Arun Agarwal,FOF-DOM,Unrated,11464.4,0.47,Open Ended,01-Nov-11,Gold-India,46.53,52.73,28.79,3.31,-3.27,19.17,59.52,44.66,35.52,24.50,16.80,-,-,-,-,-,-,-,-,-,-,-,-,2.16,0.45,1.14,0.62,16.58,FoFs : Domestic,1% on or before 15D Nil after 15D
HDFC Gold Silver Passive FOF-Reg(G),Bhagyesh Kagalkar,FOF-DOM,Unrated,-,-,Open Ended,-,Gold-India,-,-,-,-,-,-,-,-,-,-,-,-,-,-,-,-,-,-,-,-,-,-,-,-,-,-,-,-,FoFs : Domestic,1% on or before 15D Nil after 15D
HDFC Housing Opp Fund-Reg(G),Srinivasan Ramamurthy,EQ-INFRA,1,1208.0,2.18,Open Ended,06-Dec-17,Nifty Housing - TRI,21.18,23.09,19.37,-2.04,-5.99,-5.34,-3.62,-2.39,14.07,13.03,-,17.03,2.24,5.87,35,148581,64.55,7.4,24.1,Financials,-,-,-,-,0.17,0.31,1.01,16.94,Equity : Sectoral - Infrastructure,1% on or before 30D Nil after 30D
HDFC Hybrid Debt Fund(G),Anupam Joshi,HY-CON,4,3261.1,1.67,Open Ended,26-Dec-03,NIFTY 50 Hybrid Composite Debt 15:85 Index,82.03,83.96,80.87,-0.55,-2.24,-1.72,-0.63,4.03,7.65,7.89,8.44,15.19,2.33,0,35,385933,17.37,1.4,0.88,Financials,11.68,5.76,7.49,0.17,0.12,0.26,1.00,3.94,Hybrid : Conservative Hybrid,Nil for 15% of investment and 1% for remaining Investment on or before 1Y Nil after 1Y
HDFC Hybrid Equity Fund(G),Anupam Joshi,HY-AGR,4,22297.1,1.64,Open Ended,06-Apr-05,NIFTY 50 Hybrid Composite Debt 65:35 Index,109.62,121.43,105.90,-1.80,-7.31,-9.58,-7.35,0.98,6.87,8.78,10.69,19.98,2.91,25,52,221607,49.45,4.84,15.59,Financials,10.01,5.10,7.64,-0.15,0.06,0.10,0.77,9.66,Hybrid : Aggressive Hybrid,Nil upto 15% of Units For excess Units 1% on or before 1Y and Nil after 1Y
HDFC Income Fund(G),Anupam Joshi,DT-M&LD,2,826.3,1.44,Open Ended,11-Sep-00,CRISIL Medium to Long Term Debt Index,59.08,59.35,57.70,0.28,-0.36,0.70,0.34,5.26,5.58,4.65,5.58,-,-,0,-,-,-,-,-,-,12.87,6.30,7.14,-0.03,-0.09,-0.19,0.91,2.45,Debt : Medium to Long Duration,Nil
HDFC Income Plus Arbitrage Active FOF-Reg(G),Anil Bamboli,FOF-DOM,Unrated,2433.6,0.32,Open Ended,06-Feb-12,NIFTY Composite Debt Index,40.49,40.49,38.85,0.23,0.62,1.72,4.13,4.73,10.31,10.74,11.40,-,-,0,-,-,-,-,-,-,2.95,2.16,-,0.38,0.23,0.46,0.61,5.47,FoFs : Domestic,NIL
HDFC Income Plus Arbitrage Omni FOF-Reg(G),Bhavyesh Divecha,FOF-DOM,Unrated,30.2,0.47,Open Ended,12-Mar-26,Nifty Short Duration Debt Index,10.11,10.11,9.99,0.42,-,-,-,-,-,-,-,-,-,-,-,-,-,-,-,-,-,-,-,-,-,-,-,-,FoFs : Domestic,1% on or before 18M Nil after 18M
HDFC Infrastructure Fund(G),Ashish Shah,EQ-INFRA,1,2416.5,2.00,Open Ended,10-Mar-08,BSE India Infrastructure Index - TRI,46.33,49.08,41.91,-2.06,-2.43,-3.45,-2.15,1.16,21.90,21.34,12.34,16.96,2.34,16.2,66,90037,55.04,5.41,35.24,Infrastructure,-,-,-,1.00,0.29,0.59,1.15,17.26,Equity : Sectoral - Infrastructure,1% on or before 30D Nil after 30D
HDFC Innovation Fund-Reg(G),Amit Sinha,EQ-THEM,Unrated,2621.2,1.95,Open Ended,17-Jul-25,NIFTY 500 - TRI,10.46,10.57,9.17,1.85,5.52,-0.52,-,-,-,-,-,46.57,5.81,-,60,106654,49.79,29.72,17.06,Healthcare,-,-,-,-,-,-,-,-,Equity : Thematic,1% on or before 1M Nil after 1M
HDFC Large and Mid Cap Fund-Reg(G),Gopal Agrawal,EQ-L&M,4,28255.3,1.59,Open Ended,18-Feb-94,NIFTY LargeMidcap 250 - TRI,330.73,353.20,299.39,-0.51,-3.28,-6.07,-0.33,4.03,16.12,15.70,14.56,21.90,2.92,3.38,237,113849,44.78,38.17,15.13,Financials,-,-,-,-0.01,0.23,0.43,1.01,14.57,Equity : Large & Mid Cap,1% on or before 1Y Nil after 1Y
HDFC Large Cap Fund(G),Rahul Baijal,EQ-LC,1,38121.3,1.52,Open Ended,11-Oct-96,NIFTY 100 - TRI,1069.79,1194.96,1019.47,-2.21,-7.89,-9.60,-4.68,0.91,10.68,11.50,12.66,23.66,3.38,27.86,44,348143,81.4,15.03,-,Financials,-,-,-,-,0.14,0.25,0.94,12.22,Equity : Large Cap,1% on or before 1Y Nil after 1Y
HDFC Liquid Fund(G),Swapnil Jangam,DT-LIQ,2,72872.6,0.31,Open Ended,17-Oct-00,CRISIL Liquid Debt Index,5411.85,5411.85,5100.49,0.49,1.66,3.14,6.13,6.66,6.84,6.02,5.98,-,-,0,-,-,-,-,-,-,0.13,0.12,6.24,-,0.18,0.05,1.12,0.26,Debt : Liquid,0.007% for Day 1 0.0065% on Day 2 0.0060% on Day 3 0.0055% on Day 4 0.0050% on Day 5 0.0045% on Day 6 NIL after 7D
HDFC Long Duration Debt Fund-Reg(G),Anupam Joshi,DT-LD,Unrated,3308.3,0.62,Open Ended,20-Jan-23,NIFTY Long Duration Debt Index,12.08,12.47,11.72,-0.11,-1.53,-0.07,-3.18,3.54,4.79,-,-,-,-,0,-,-,-,-,-,-,29.14,11.38,7.71,-0.06,-0.08,-0.15,1.49,4.65,Debt : Long Duration,Nil
HDFC Low Duration Fund(G),Anupam Joshi,DT-LOWD,4,21926.4,1.10,Open Ended,18-Nov-99,NIFTY Low Duration Debt Index,60.59,60.59,57.59,0.20,0.98,2.15,5.29,6.62,6.77,5.94,6.53,-,-,0,-,-,-,-,-,-,1.95,0.89,7.41,0.04,0.13,0.09,0.80,0.59,Debt : Low Duration,Nil
HDFC Manufacturing Fund-Reg(G),Rakesh Sethia,EQ-THEM,Unrated,10361.3,1.73,Open Ended,16-May-24,Nifty India Manufacturing - TRI,11.18,11.54,9.89,0.06,0.31,0.47,7.52,4.72,-,-,-,19.12,3.63,26.99,82,86504,52.58,18.93,27.07,Automobile and Ancillaries,-,-,-,-0.22,0.01,0.03,0.96,-,Equity : Thematic,1% on or before 1M Nil after 1M
HDFC Medium Term Debt Fund(G),Bhavyesh Divecha,DT-MD,4,3746.3,1.33,Open Ended,06-Feb-02,NIFTY Medium Duration Debt Index,58.85,58.85,56.25,0.31,0.52,1.80,4.20,6.90,6.75,5.94,6.94,-,-,0,-,-,-,-,-,-,4.50,3.03,8.32,0.04,0.06,0.12,0.46,1.31,Debt : Medium Duration,Nil
HDFC Mid Cap Fund-Reg(G),Chirag Setalvad,EQ-MID,3,94744.7,1.29,Open Ended,25-Jun-07,Nifty Midcap 150 - TRI,198.40,205.54,179.58,0.48,-2.41,-3.38,5.13,8.78,21.27,19.89,17.97,25.46,3.31,5.94,77,54364,11.52,64.08,17.84,Financials,-,-,-,0.17,0.33,0.62,0.87,14.85,Equity : Mid Cap,1% on or before 1Y Nil after 1Y
HDFC MNC Fund-Reg(G),Nikhil Mathur,EQ-MNC,Unrated,528.1,2.39,Open Ended,09-Mar-23,NIFTY MNC - TRI,13.09,13.95,11.81,-0.73,-3.31,-3.43,1.47,-1.58,6.82,-,-,37.95,7.18,49.99,39,57888,39.21,31.39,17.05,Automobile and Ancillaries,-,-,-,-0.63,0.07,0.11,0.93,14.33,Equity : Thematic - MNC,1% on or before 1Y Nil after 1Y
HDFC Money Market Fund-Reg(G),Praveen Jain,DT-MM,4,29823.9,0.46,Open Ended,03-Jan-00,CRISIL Money Market Index,6028.97,6028.97,5700.32,0.25,1.21,2.60,5.83,6.93,7.08,6.27,6.54,-,-,0,-,-,-,-,-,-,0.70,0.65,7.23,0.06,0.32,0.18,0.66,0.50,Debt : Money Market,Nil
HDFC Multi Cap Fund-Reg(G),Amar Kalkundrikar,EQ-MLC,Unrated,19557.6,1.64,Open Ended,10-Dec-21,Nifty500 Multicap 50:25:25 - TRI,17.94,19.55,16.53,-1.51,-3.54,-7.41,-3.40,2.25,14.45,-,-,24.94,3.48,42.74,117,97665,42.98,28.75,24.9,Financials,3.37,2.84,7.48,-0.05,0.21,0.39,1.01,15.23,Equity : Multi Cap,1% on or before 1Y Nil after 1Y
HDFC Multi-Asset Active FOF-Reg(G),Srinivasan Ramamurthy,FOF-DOM,Unrated,5780.5,1.12,Open Ended,05-May-21,NIFTY 50 - TRI,18.97,19.77,17.99,-0.27,-3.26,-1.84,4.96,8.90,13.67,12.57,-,-,-,-,-,-,-,-,-,-,-,-,-,0.43,0.33,0.58,0.52,6.76,FoFs : Domestic,Nil upto 15% of units and 1% for remaining units on or before 1Y Nil after 1Y
HDFC Multi-Asset Allocation Fund(G),Srinivasan Ramamurthy,HY-MULTI,Unrated,5887.1,1.81,Open Ended,17-Aug-05,NIFTY 50 - TRI,73.42,77.53,70.42,-1.01,-4.49,-2.92,3.91,7.91,12.19,10.99,10.82,21.27,2.96,22.61,77,283799,55.84,5.06,7.12,Financials,2.55,1.78,6.46,0.32,0.27,0.48,0.53,6.78,Hybrid : Multi Asset Allocation,Nil upto 15% of units For remaining units 1% or or before 12M Nil after 12M
HDFC NIFTY 100 Equal Weight Index Fund-Reg(G),Arun Agarwal,EQ-INDX,Unrated,434.2,0.88,Open Ended,23-Feb-22,Nifty100 Equal Weight - TRI,16.78,17.14,14.81,0.20,-0.74,-0.96,4.70,4.52,16.30,-,-,19.60,3.30,55,104,188679,89.12,10.09,-,Financials,-,-,-,-0.08,0.23,0.44,1.00,14.61,Equity : Index Funds,Nil
HDFC Nifty 100 ETF,Arun Agarwal,EQ-ETF,Unrated,45.3,0.30,Open Ended,05-Aug-22,NIFTY 100 - TRI,25.22,27.68,23.53,-1.91,-5.70,-8.56,-3.04,2.77,10.66,-,-,19.90,3.07,14.78,104,390632,96.61,2.78,-,Financials,-,-,-,-0.02,0.14,0.25,1.00,12.76,Equity : ETFs,null
HDFC NIFTY 100 Index Fund-Reg(G),Arun Agarwal,EQ-INDX,Unrated,424.4,0.75,Open Ended,23-Feb-22,NIFTY 100 - TRI,14.26,15.68,13.32,-1.95,-5.80,-8.77,-3.51,2.24,10.10,-,-,19.90,3.07,9,104,391183,96.51,2.77,-,Financials,-,-,-,-0.07,0.13,0.23,1.00,12.74,Equity : Index Funds,Nil
HDFC Nifty 1D Rate Liquid ETF(G),Swapnil Jangam,DT-ETF,Unrated,105.2,0.24,Open Ended,24-Aug-23,Nifty 1D Rate Index,1063.10,1063.10,1013.83,0.43,1.22,2.37,4.87,5.29,-,-,-,-,-,0,-,-,-,-,-,-,0.01,0.01,5.25,-0.07,-1.92,-0.45,0.68,-,Debt : ETFs,null
HDFC Nifty 50 ETF,Arun Agarwal,EQ-ETF,Unrated,5282.8,0.05,Open Ended,09-Dec-15,NIFTY 50 - TRI,263.32,294.37,249.95,-2.41,-6.96,-10.42,-4.55,3.13,9.33,9.75,12.44,19.99,3.02,5.97,50,532358,99.32,0.67,-,Financials,-,-,-,-,0.11,0.20,1.00,12.16,Equity : ETFs,null
HDFC Nifty 50 Index Fund(G),Arun Agarwal,EQ-INDX,Unrated,23339.6,0.41,Open Ended,17-Jul-02,NIFTY 50 - TRI,223.33,250.06,212.16,-2.44,-7.06,-10.58,-4.89,2.76,8.94,9.33,11.99,19.99,3.02,6.96,50,532358,99.46,0.67,-,Financials,-,-,-,-0.03,0.11,0.19,1.00,12.16,Equity : Index Funds,0.25% on or before 3D Nil after 3D
HDFC NIFTY Bank ETF,Arun Agarwal,EQ-ETF,Unrated,2607.8,0.17,Open Ended,21-Aug-20,NIFTY BANK - TRI,55.14,63.12,51.54,-2.08,-11.27,-10.07,-3.21,5.18,7.46,9.32,-,14.17,1.65,25.95,14,330019,76.17,23.83,-,Financials,-,-,-,-0.01,0.05,0.08,1.00,14.74,Equity : ETFs,null
HDFC NIFTY G-Sec Apr 2029 Index Fund-Reg(G),Anupam Joshi,DT-M&LD,Unrated,166.1,0.37,Open Ended,10-Mar-23,NIFTY G- Sec Apr 2029 Index,12.72,12.76,12.21,0.26,-0.02,1.31,3.77,7.36,7.02,-,-,-,-,0,-,-,-,-,-,-,2.87,2.54,6.49,0.07,0.11,0.23,0.59,1.67,Debt : Medium to Long Duration,Nil
HDFC Nifty G-Sec Dec 2026 Index Fund-Reg(G),Anupam Joshi,DT-GILT,Unrated,1100.7,0.35,Open Ended,10-Nov-22,Nifty G-sec Dec 2026 Index,12.78,12.78,12.13,0.36,1.16,2.47,5.39,6.93,6.75,-,-,-,-,0,-,-,-,-,-,-,0.51,0.48,5.69,0.03,0.11,0.11,0.24,0.78,Debt : Gilt,Nil
HDFC Nifty G-Sec Jul 2031 Index Fund-Reg(G),Anupam Joshi,DT-GILT,Unrated,634.5,0.33,Open Ended,10-Nov-22,Nifty G-Sec July 2031 Index,12.97,13.02,12.53,0.29,-0.43,1.07,2.14,7.15,6.90,-,-,-,-,0,-,-,-,-,-,-,5.09,4.20,6.92,0.07,0.07,0.14,0.88,2.37,Debt : Gilt,Nil
HDFC Nifty G-Sec Jun 2027 Index Fund-Reg(G),Anupam Joshi,DT-GILT,Unrated,640.1,0.35,Open Ended,09-Dec-22,Nifty G-Sec Jun 2027 Index,12.73,12.73,12.12,0.34,0.82,2.24,5.06,7.19,6.88,-,-,-,-,0,-,-,-,-,-,-,1.12,1.03,6.04,0.05,0.14,0.18,0.33,0.97,Debt : Gilt,Nil
HDFC NIFTY G-Sec Jun 2036 Index Fund-Reg(G),Anupam Joshi,DT-LD,Unrated,893.6,0.38,Open Ended,15-Mar-23,Nifty G-Sec Jun 2036 Index,12.79,12.86,12.33,0.81,-0.46,1.22,1.11,6.76,6.83,-,-,-,-,0,-,-,-,-,-,-,10.02,6.79,7.21,0.07,0.04,0.09,1.10,2.94,Debt : Long Duration,Nil
HDFC Nifty G-Sec Sep 2032 Index Fund-Reg(G),Anupam Joshi,DT-GILT,Unrated,616.0,0.37,Open Ended,09-Dec-22,Nifty G-Sec Sep 2032 Index,12.81,12.90,12.44,0.56,-0.55,0.74,1.70,6.82,6.72,-,-,-,-,0,-,-,-,-,-,-,6.26,4.90,7.09,0.07,0.05,0.11,0.93,2.47,Debt : Gilt,Nil
HDFC NIFTY Growth Sectors 15 ETF,Arun Agarwal,EQ-ETF,Unrated,22.6,0.30,Open Ended,23-Sep-22,Nifty Growth Sectors 15 - TRI,113.95,132.94,108.47,-1.99,-6.42,-13.50,-3.22,3.02,6.47,-,-,28.33,6.51,109.69,15,348476,97.66,2.33,-,Technology,-,-,-,-0.03,0.07,0.12,1.00,13.78,Equity : ETFs,null
HDFC Nifty India Consumption Index Fund-Reg(G),Nandita Menezes,EQ-INDX,Unrated,146.6,0.87,Open Ended,18-Feb-26,Nifty India Consumption - TRI,9.35,9.99,8.66,-2.91,-4.10,-,-,-,-,-,-,38.08,7.06,-,30,276159,91.43,8.65,-,FMCG,-,-,-,-,-,-,-,-,Equity : Index Funds,NIL
HDFC Nifty India Digital Index Fund-Reg(G),Arun Agarwal,EQ-INDX,Unrated,139.5,0.84,Open Ended,11-Dec-24,Nifty India Digital - TRI,8.08,9.72,7.27,2.06,0.71,-16.65,-9.40,-,-,-,-,26.94,5.16,25.93,51,129803,49.98,37.85,11.98,Technology,-,-,-,-0.09,-0.26,-0.37,1.00,-,Equity : Index Funds,Nil
HDFC NIFTY IT ETF,Arun Agarwal,EQ-ETF,Unrated,62.5,0.20,Open Ended,16-Nov-22,NIFTY IT - TRI,33.17,41.68,29.08,2.04,-1.93,-19.70,-18.22,-0.09,3.99,-,-,20.21,4.84,49.78,10,283996,82.32,17.53,-,Technology,-,-,-,-0.02,0.02,0.03,1.00,22.69,Equity : ETFs,null
HDFC Nifty LargeMidcap 250 Index Fund-Reg(G),Arun Agarwal,EQ-INDX,Unrated,436.2,0.70,Open Ended,09-Oct-24,NIFTY LargeMidcap 250 - TRI,9.79,10.32,8.83,-0.36,-2.05,-4.73,0.82,-,-,-,-,23.50,3.43,25.43,254,160254,53.15,44.65,1.81,Financials,-,-,-,-0.06,-0.05,-0.09,1.00,-,Equity : Index Funds,NIL
HDFC NIFTY Midcap 150 ETF,Arun Agarwal,EQ-ETF,Unrated,138.0,0.20,Open Ended,15-Feb-23,Nifty Midcap 150 - TRI,22.55,23.13,19.64,1.23,1.90,-0.37,5.80,7.86,21.06,-,-,28.44,3.87,38.92,150,68104,11.58,84.87,3.55,Financials,-,-,-,-0.01,0.29,0.55,1.00,16.67,Equity : ETFs,null
HDFC NIFTY Midcap 150 Index Fund-Reg(G),Arun Agarwal,EQ-INDX,Unrated,583.5,0.77,Open Ended,21-Apr-23,Nifty Midcap 150 - TRI,18.69,19.18,16.31,1.17,1.71,-0.72,5.06,7.03,19.95,-,-,28.44,3.87,30.48,150,68102,11.58,84.86,3.54,Financials,-,-,-,-0.09,0.28,0.52,1.00,16.55,Equity : Index Funds,Nil
HDFC NIFTY Next 50 ETF,Arun Agarwal,EQ-ETF,Unrated,126.4,0.20,Open Ended,05-Aug-22,NIFTY NEXT 50 - TRI,71.51,73.38,61.52,0.42,0.51,1.30,5.52,2.54,18.95,-,-,19.51,3.34,40.09,54,99029,84.47,12.16,-,Financials,-,-,-,-0.01,0.24,0.44,1.00,17.92,Equity : ETFs,null
HDFC NIFTY Next 50 Index Fund-Reg(G),Arun Agarwal,EQ-INDX,Unrated,2368.5,0.66,Open Ended,03-Nov-21,NIFTY NEXT 50 - TRI,16.23,16.66,13.98,0.37,0.36,1.03,4.99,1.80,18.13,-,-,19.51,3.34,24.18,54,98970,84.55,12.17,-,Financials,-,-,-,-0.07,0.23,0.42,1.00,17.92,Equity : Index Funds,Nil
HDFC NIFTY Private Bank ETF,Arun Agarwal,EQ-ETF,Unrated,359.4,0.15,Open Ended,16-Nov-22,Nifty Private Bank - TRI,26.40,29.64,24.51,-0.83,-8.95,-9.44,-5.09,3.93,5.56,-,-,17.74,1.89,13.84,10,399385,80.77,16.3,2.93,Financials,-,-,-,-0.01,0.01,0.02,1.00,14.63,Equity : ETFs,null
HDFC Nifty PSU Bank ETF,Arun Agarwal,EQ-ETF,Unrated,34.7,0.35,Open Ended,31-Jan-24,NIFTY PSU BANK - TRI,81.51,99.53,68.02,-5.07,-18.06,-5.74,15.10,4.78,-,-,-,8.34,1.21,71,12,227086,87.36,12.34,0.3,Financials,-,-,-,-0.02,0.05,0.09,1.00,-,Equity : ETFs,null
HDFC NIFTY Realty Index Fund-Reg(G),Arun Agarwal,EQ-INDX,Unrated,118.5,0.85,Open Ended,26-Mar-24,NIFTY REALTY - TRI,8.58,11.60,7.24,-3.25,-1.85,-14.41,-19.52,-13.37,-,-,-,35.42,3.58,28.46,10,60969,18.92,64.82,16.36,Construction,-,-,-,-0.07,-0.09,-0.16,1.00,-,Equity : Index Funds,Nil
HDFC Nifty SDL Oct 2026 Index Fund-Reg(G),Anupam Joshi,DT-MD,Unrated,182.9,0.35,Open Ended,24-Feb-23,Nifty SDL Oct 2026 Index,12.61,12.61,11.95,0.41,1.29,2.65,5.60,7.11,6.93,-,-,-,-,0,-,-,-,-,-,-,0.31,0.29,5.55,0.05,0.20,0.17,0.20,0.66,Debt : Medium Duration,Nil
HDFC NIFTY SDL Plus G-Sec Jun 2027 40:60 Index Fund-Reg(G),Anupam Joshi,DT-MD,Unrated,48.0,0.35,Open Ended,23-Mar-23,NIFTY SDL Plus G-Sec Jun 2027 40:60 Index,12.52,12.52,11.91,0.32,0.93,2.39,5.22,7.24,6.97,-,-,-,-,0,-,-,-,-,-,-,1.01,0.94,6.07,0.05,0.17,0.21,0.31,0.91,Debt : Medium Duration,Nil
HDFC NIFTY Smallcap 250 ETF,Arun Agarwal,EQ-ETF,Unrated,2555.1,0.25,Open Ended,15-Feb-23,Nifty Smallcap 250 - TRI,170.52,181.11,143.30,0.78,6.07,0.48,0.38,4.31,19.27,-,-,29.87,3.11,62.06,250,19944,-,7.05,92.54,Financials,-,-,-,-0.02,0.22,0.42,1.00,20.43,Equity : ETFs,null
HDFC NIFTY Smallcap 250 Index Fund-Reg(G),Arun Agarwal,EQ-INDX,Unrated,643.8,0.74,Open Ended,21-Apr-23,Nifty Smallcap 250 - TRI,18.13,19.36,15.25,0.74,5.91,0.20,-0.24,3.60,18.24,-,-,29.87,3.11,34.34,250,19945,-,7.05,92.59,Financials,-,-,-,-0.09,0.21,0.40,1.00,20.28,Equity : Index Funds,Nil
HDFC Nifty Top 20 Equal Weight Index Fund-Reg(G),Arun Agarwal,EQ-INDX,Unrated,83.9,0.79,Open Ended,25-Mar-25,Nifty Top 20 Equal Weight - TRI,9.60,11.10,9.30,-3.76,-9.72,-14.00,-7.82,-,-,-,-,22.47,3.55,49.71,20,556519,100,-,-,Financials,-,-,-,-0.08,-0.11,-0.15,1.00,-,Equity : Index Funds,NIL
HDFC NIFTY100 Low Volatility 30 ETF,Arun Agarwal,EQ-ETF,Unrated,12.3,0.30,Open Ended,11-Oct-22,Nifty100 Low Volatility 30 - TRI,19.87,21.82,18.70,-1.47,-5.53,-7.91,-0.80,5.05,12.29,-,-,28.39,4.52,74.02,30,334793,93.76,6.21,-,Financials,-,-,-,-0.03,0.19,0.34,1.00,12.46,Equity : ETFs,null
HDFC NIFTY100 Low Volatility 30 Index Fund-Reg(G),Arun Agarwal,EQ-INDX,Unrated,240.6,0.90,Open Ended,10-Jul-24,Nifty100 Low Volatility 30 - TRI,9.95,10.95,9.38,-1.52,-5.67,-8.20,-1.46,-,-,-,-,28.39,4.52,25.39,30,334948,93.74,6.18,-,Financials,-,-,-,-0.09,-0.12,-0.18,1.00,-,Equity : Index Funds,Nil
HDFC NIFTY100 Quality 30 ETF,Arun Agarwal,EQ-ETF,Unrated,21.4,0.30,Open Ended,23-Sep-22,NIFTY100 Quality 30 - TRI,57.58,61.58,52.03,-0.97,-0.94,-5.62,0.25,3.07,10.96,-,-,28.86,6.76,49.43,30,232897,90.24,9.64,-,FMCG,-,-,-,-0.01,0.15,0.28,1.00,13.09,Equity : ETFs,null
HDFC Nifty100 Quality 30 Index Fund-Reg(G),Arun Agarwal,EQ-INDX,Unrated,151.6,0.84,Open Ended,20-Feb-25,NIFTY100 Quality 30 - TRI,10.64,11.41,9.63,-1.03,-1.10,-5.91,-0.37,-,-,-,-,28.86,6.76,25.29,30,232903,90.17,9.64,-,FMCG,-,-,-,-0.07,0.08,0.14,1.00,-,Equity : Index Funds,NIL
HDFC NIFTY200 Momentum 30 ETF,Arun Agarwal,EQ-ETF,Unrated,99.5,0.30,Open Ended,11-Oct-22,Nifty200 Momentum 30 - TRI,30.25,32.48,27.27,-0.45,-4.27,-6.62,-1.63,-6.01,13.66,-,-,26.08,3.75,181.8,30,179306,73.26,26.74,-,Financials,-,-,-,-0.04,0.16,0.28,1.00,18.96,Equity : ETFs,null
HDFC NIFTY200 Momentum 30 Index Fund-Reg(G),Arun Agarwal,EQ-INDX,Unrated,609.2,0.85,Open Ended,28-Feb-24,Nifty200 Momentum 30 - TRI,9.94,10.72,8.97,-0.49,-4.44,-6.98,-2.35,-6.69,-,-,-,26.08,3.75,145.59,30,179323,73.09,26.67,-,Financials,-,-,-,-0.09,-0.06,-0.10,1.00,-,Equity : Index Funds,Nil
HDFC NIFTY50 Equal Weight Index Fund-Reg(G),Arun Agarwal,EQ-INDX,Unrated,1729.7,0.86,Open Ended,20-Aug-21,NIFTY50 Equal Weight - TRI,17.82,18.65,16.31,-0.35,-2.94,-3.36,4.02,6.53,14.40,-,-,19.21,3.34,32.67,50,302634,98.33,1.92,-,Financials,-,-,-,-0.08,0.22,0.40,1.00,12.59,Equity : Index Funds,NIL
HDFC NIFTY50 Value 20 ETF,Arun Agarwal,EQ-ETF,Unrated,36.1,0.20,Open Ended,23-Sep-22,Nifty50 Value 20 - TRI,127.50,141.09,122.26,-2.28,-7.03,-8.73,-5.22,0.60,9.49,-,-,13.87,2.55,38.14,20,451744,99.95,-,-,Financials,-,-,-,-0.02,0.12,0.22,1.00,12.83,Equity : ETFs,null
HDFC Nifty500 Multicap 50:25:25 Index Fund-Reg(G),Arun Agarwal,EQ-INDX,Unrated,460.0,0.76,Open Ended,23-Aug-24,Nifty500 Multicap 50:25:25 - TRI,9.65,10.13,8.63,-0.45,-1.02,-4.50,-0.45,-,-,-,-,23.79,3.25,31.37,504,114912,49.7,24.59,25.27,Financials,-,-,-,-0.07,-0.11,-0.19,1.00,-,Equity : Index Funds,Nil
HDFC Overnight Fund(G),Swapnil Jangam,DT-ON,3,9431.5,0.22,Open Ended,06-Feb-02,CRISIL Liquid Overnight Index,3985.62,3985.62,3788.79,0.42,1.27,2.51,5.21,5.78,6.07,5.45,5.29,-,-,0,-,-,-,-,-,-,0.01,0.01,5.27,0.01,-0.87,-0.22,0.97,0.19,Debt : Overnight,Nil
HDFC Pharma and Healthcare Fund-Reg(G),Nikhil Mathur,EQ-PHRM,Unrated,2158.6,1.99,Open Ended,04-Oct-23,BSE Health Care - TRI,19.16,19.51,16.19,5.00,7.80,9.53,18.09,23.79,-,-,-,46.58,6.25,42.51,31,53061,23.01,43.65,30.63,Healthcare,-,-,-,1.60,0.43,0.96,0.60,-,Equity : Sectoral - Pharma,1% on or before 30D Nil after 30D
HDFC Retirement Savings Fund-Equity Plan-Reg(G),Srinivasan Ramamurthy,EQ-FLEX,5,6733.1,1.78,Open Ended,25-Feb-16,NIFTY 500 - TRI,47.00,52.22,44.72,-2.27,-7.10,-9.66,-6.36,1.40,11.27,13.29,14.97,-,-,14.31,72,187861,63.48,9.94,20.46,Financials,-,-,-,-0.08,0.17,0.30,0.88,12.33,Equity : Flexi Cap,NIL - Upon completion of Lock-in Period
HDFC Retirement Savings Fund-Hybrid-Debt Plan-Reg(G),Srinivasan Ramamurthy,HY-CON,2,152.6,2.14,Open Ended,25-Feb-16,NIFTY 50 Hybrid Composite Debt 15:85 Index,21.41,22.00,21.09,-0.52,-2.33,-2.44,-0.92,3.72,6.23,6.23,7.40,-,-,0,42,338622,30.55,2.35,6.4,Financials,7.88,4.76,6.87,0.06,0.03,0.06,0.90,3.78,Hybrid : Conservative Hybrid,NIL - Upon completion of Lock-in Period
HDFC Retirement Savings Fund-Hybrid-Equity Plan-Reg(G),Srinivasan Ramamurthy,HY-AGR,4,1616.2,2.08,Open Ended,25-Feb-16,NIFTY 50 Hybrid Composite Debt 65:35 Index,36.22,39.77,34.85,-1.94,-6.24,-8.66,-5.96,1.51,8.75,9.50,12.31,-,-,11.1,70,158300,46.76,7.02,20.67,Financials,5.90,4.06,6.86,0.03,0.12,0.21,0.77,9.88,Hybrid : Aggressive Hybrid,NIL - Upon completion of Lock-in Period
HDFC Short Term Debt Fund(G),Anil Bamboli,DT-SD,5,15462.9,0.70,Open Ended,25-Jun-10,CRISIL Short Duration Debt Index,33.44,33.45,32.05,0.18,0.46,1.42,4.24,6.92,7.00,6.08,7.14,-,-,0,-,-,-,-,-,-,3.21,2.29,7.62,0.05,0.14,0.20,0.37,1.10,Debt : Short Duration,Nil
HDFC Silver ETF,Bhagyesh Kagalkar,PM-ETF,Unrated,7649.0,0.50,Open Ended,02-Sep-22,Silver,251.57,359.72,97.29,9.58,-1.17,48.64,164.11,65.87,52.17,-,-,-,-,-,-,-,-,-,-,-,-,-,-,3.80,0.35,0.97,-0.07,37.76,Metal : ETFs,null
HDFC Silver ETF FoF-Reg(G),Arun Agarwal,FOF-DOM,Unrated,4434.0,0.55,Open Ended,28-Oct-22,Silver,42.90,60.66,16.76,9.56,-1.63,48.24,160.89,65.24,50.92,-,-,-,-,-,-,-,-,-,-,-,-,-,-,3.66,0.34,0.96,-0.04,37.41,FoFs : Domestic,1% on or before 15D Nil after 15D
HDFC Small Cap Fund-Reg(G),Chirag Setalvad,EQ-SML,2,38168.2,1.52,Open Ended,03-Apr-08,BSE 250 Small Cap - TRI,132.76,145.68,118.36,0.24,-1.43,-6.46,-2.25,3.83,13.96,16.62,17.39,21.16,2.80,7.59,84,15132,7.7,11.72,71.02,Automobile and Ancillaries,-,-,-,0.47,0.19,0.34,1.05,16.75,Equity : Small Cap,1% on or before 1Y Nil after 1Y
HDFC Technology Fund-Reg(G),Balakumar B,EQ-TECH,Unrated,1328.5,2.11,Open Ended,08-Sep-23,BSE TECk Index - TRI,11.43,14.22,10.57,1.59,-2.77,-19.65,-17.86,1.95,-,-,-,23.96,4.21,10.62,28,153412,59.17,20.46,19.14,Technology,-,-,-,-0.21,0.01,0.02,1.05,-,Equity : Sectoral - Technology,1% on or before 30D Nil after 30D
HDFC Transportation and Logistics Fund-Reg(G),Priya Ranjan,EQ-AUTO,Unrated,1674.4,2.04,Open Ended,17-Aug-23,Nifty Transportation & Logistics - TRI,16.92,18.54,15.12,-1.16,-6.81,-7.98,11.27,7.67,-,-,-,32.54,5.05,31,35,58545,41.2,25.61,32.66,Automobile and Ancillaries,-,-,-,0.22,0.25,0.45,0.94,-,Equity : Sectoral - Auto,1% on or before 30D Nil after 30D
HDFC Ultra Short Term Fund-Reg(G),Anil Bamboli,DT-USD,4,16753.1,0.73,Open Ended,24-Sep-18,CRISIL Ultra Short Term Debt Index,15.93,15.93,15.09,0.22,1.22,2.45,5.66,6.61,6.78,5.97,-,-,-,0,-,-,-,-,-,-,0.82,0.44,7.00,-0.01,0.19,0.09,1.05,0.41,Debt : Ultra Short Duration,Nil
HDFC Value Fund-Reg(G),Anand Laddha,EQ-VAL,2,7324.3,1.79,Open Ended,01-Feb-94,NIFTY 500 - TRI,737.18,780.32,671.34,-1.23,-3.00,-4.95,1.70,6.19,16.54,14.49,13.88,23.73,3.33,23.88,71,165423,60.91,20.45,16.02,Financials,-,-,-,0.21,0.24,0.45,1.02,14.03,Equity : Value / Contra,1% on or before 1Y Nil after 1Y
Helios Arbitrage Fund-Reg(G),Alok Bahl,HY-ARB,Unrated,48.2,1.01,Open Ended,20-Mar-26,Nifty 50 Arbitrage - TRI,10.08,10.10,10.00,0.40,-,-,-,-,-,-,-,25.52,2.96,126,20,412499,64.82,4.42,-,Financials,-,-,-,-,-,-,-,-,Hybrid : Arbitrage,0.25% on or before 7D NIL after 7D
Helios Balanced Advantage Fund-Reg(G),Alok Bahl,HY-DYN,Unrated,304.8,2.40,Open Ended,27-Mar-24,CRISIL Hybrid 50+50 - Moderate Index,11.14,11.81,10.48,-0.98,-2.79,-4.78,1.36,3.04,-,-,-,19.70,3.15,292,52,267811,72.95,10.83,4.87,Financials,-,-,-,-0.04,-0.03,-0.04,0.69,-,Hybrid : Dynamic Asset Allocation,NIL
Helios Financial Services Fund-Reg(G),Alok Bahl,EQ-FIN,Unrated,190.7,2.43,Open Ended,24-Jun-24,Nifty Financial Services - TRI,10.76,12.09,9.91,-2.35,-6.25,-10.37,-3.14,-,-,-,-,20.13,2.83,33,24,231714,68.18,18.37,13.02,Financials,-,-,-,0.02,0.01,0.02,1.00,-,Equity : Sectoral - Financial Services,Nil upto 10% of  units and 1% for remaining units or before 3M Nil after 3M
Helios Flexi Cap Fund-Reg(G),Alok Bahl,EQ-FLEX,Unrated,6762.7,1.79,Open Ended,13-Nov-23,NIFTY 500 - TRI,14.52,15.46,12.88,0.07,-0.07,-5.66,5.07,6.91,-,-,-,32.77,4.38,22,66,168284,65.82,17.8,15.67,Financials,-,-,-,0.29,0.18,0.31,1.04,-,Equity : Flexi Cap,Nil upto 10% of units and 1% for remaining units on or before 3M Nil after 3M
Helios Large & Mid Cap Fund-Reg(G),Alok Bahl,EQ-L&M,Unrated,823.5,2.30,Open Ended,30-Oct-24,NIFTY LargeMidcap 250 - TRI,10.73,11.24,9.52,0.19,-1.20,-4.37,5.40,-,-,-,-,34.44,4.93,19,57,191354,63.77,32.82,2.32,Financials,-,-,-,0.19,0.03,0.05,1.12,-,Equity : Large & Mid Cap,Nil upto 10% of units and 1% for remaining units on or before 3M Nil after 3M
Helios Mid Cap Fund-Reg(G),Alok Bahl,EQ-MID,Unrated,1381.7,2.10,Open Ended,13-Mar-25,Nifty Midcap 150 - TRI,12.66,13.06,10.82,2.01,4.71,-2.62,11.25,-,-,-,-,43.85,5.41,34,66,45529,10.78,56.2,31.98,Financials,-,-,-,0.29,0.28,0.55,1.00,-,Equity : Mid Cap,Nil upto 10% of units and 1% for remaining units on or before 3M Nil after 3M
Helios Overnight Fund-Reg(G),Alok Bahl,DT-ON,Unrated,231.3,0.17,Open Ended,25-Oct-23,CRISIL Liquid Overnight Index,1163.68,1163.68,1106.95,0.42,1.25,2.46,5.14,5.73,-,-,-,-,-,0,-,-,-,-,-,-,0.01,-,5.24,-,-0.97,-0.28,1.05,-,Debt : Overnight,Nil
Helios Small Cap Fund-Reg(G),Alok Bahl,EQ-SML,Unrated,932.4,2.23,Open Ended,27-Nov-25,Nifty Smallcap 250 - TRI,10.11,10.29,8.32,3.07,8.97,0.20,-,-,-,-,-,42.32,5.02,7,79,18970,1.7,18.38,78.27,Financials,-,-,-,-,-,-,-,-,Equity : Small Cap,1% on or before 3M Nil after 3M
HSBC Aggressive Hybrid Active FOF-Reg(G),Gautam Bhupal,FOF-DOM,Unrated,44.7,1.46,Open Ended,30-Apr-14,CRISIL Hybrid 35+65 - Aggressive Index,40.52,41.38,37.10,0.28,0.18,-1.01,2.93,5.49,12.62,11.13,11.94,-,-,8,-,-,-,-,-,-,-,-,-,0.12,0.19,0.35,1.19,11.12,FoFs : Domestic,1% on or before 1Y Nil after 1Y
HSBC Aggressive Hybrid Fund-Reg(G),Gautam Bhupal,HY-AGR,3,5424.0,1.87,Open Ended,07-Feb-11,NIFTY 50 Hybrid Composite Debt 65:35 Index,56.18,57.91,51.27,0.55,0.18,-2.22,4.02,5.18,12.95,10.57,11.06,31.88,4.74,46,63,126124,36.06,22.52,13.28,Financials,2.03,1.73,7.00,0.35,0.18,0.32,0.88,13.30,Hybrid : Aggressive Hybrid,Nil for 10% of units and 1% for remaining units on or before 1Y Nil after 1Y
HSBC Arbitrage Fund-Reg(G),Praveen Ayathan,HY-ARB,5,2532.4,2.32,Open Ended,30-Jun-14,Nifty 50 Arbitrage,19.94,19.96,18.89,0.31,1.29,2.84,5.76,6.19,6.65,5.73,5.67,20.59,2.18,1286,118,154583,40.36,20.56,10.95,Financials,0.25,0.24,6.25,-0.03,0.03,0.02,0.49,0.45,Hybrid : Arbitrage,0.25% on or before 1M Nil after 1M
HSBC Asia Pacific (Ex Japan) DYF-Reg(G),Sonal Gupta,FOF-OVR,Unrated,70.7,1.38,Open Ended,24-Feb-14,MSCI Asia (ex-Japan) Standard Index,37.97,37.97,22.98,10.66,14.19,32.53,64.58,32.26,29.17,14.03,14.05,-,-,23,-,-,-,-,-,-,-,-,-,1.49,0.37,0.86,0.36,15.09,FoFs : Overseas,1% on or before 1Y Nil after 1Y
HSBC Balanced Advantage Fund-Reg(G),Neelotpal Sahai,HY-DYN,2,1505.8,2.13,Open Ended,07-Feb-11,CRISIL Short Term Bond Index,42.53,44.31,41.10,-0.85,-2.12,-3.53,-0.45,4.49,9.00,7.65,8.13,24.80,3.04,386,58,200797,48.84,12.43,9.36,Financials,2.36,2.10,7.21,0.21,0.13,0.25,0.50,7.10,Hybrid : Dynamic Asset Allocation,Nil for 10% of units and 1% for remaining units on or before 1Y Nil after 1Y
HSBC Banking and PSU Debt Fund-Reg(G),Mahesh Chhabria,DT-B&PSU,3,4019.4,0.59,Open Ended,20-Sep-07,NIFTY Banking and PSU Debt Index,25.19,25.23,24.28,0.15,0.24,1.00,3.57,6.34,6.27,5.12,6.51,-,-,0,-,-,-,-,-,-,2.83,2.32,7.42,-,-0.05,-0.07,0.36,1.18,Debt : Banking & PSU,Nil
HSBC Brazil Fund(G),Sonal Gupta,FOF-OVR,Unrated,396.2,1.44,Open Ended,06-May-11,MSCI Brazil 10/40 Index,10.20,11.73,7.09,-9.63,-5.88,12.47,44.30,21.85,15.52,5.40,7.07,-,-,3,-,-,-,-,-,-,-,-,-,1.07,0.19,0.43,0.44,23.13,FoFs : Overseas,1% on or before 1Y Nil after 1Y
HSBC Business Cycles Fund-Reg(G),Gautam Bhupal,EQ-THEM,2,1149.1,2.57,Open Ended,20-Aug-14,NIFTY 500 - TRI,40.77,44.73,35.75,-2.70,0.23,-4.19,-4.02,3.13,15.86,15.18,13.58,27.40,3.32,27,69,76094,44.52,17.28,36.53,Financials,-,-,-,0.10,0.20,0.36,1.23,18.14,Equity : Thematic,Nil upto 10% of units and 1% for above the limits on or before 1Y Nil after 1Y
HSBC Conservative Hybrid Fund(G),Mahesh Chhabria,HY-CON,Unrated,146.2,2.13,Open Ended,24-Feb-04,NIFTY 50 Hybrid Composite Debt 15:85 Index,62.43,62.74,60.11,0.23,0.88,1.39,1.40,5.82,8.61,7.33,7.44,42.87,6.91,0,24,108172,7.49,8.45,1.44,Capital Goods,6.77,4.33,7.36,0.24,0.15,0.30,0.89,5.09,Hybrid : Conservative Hybrid,Nil
HSBC Consumption Fund-Reg(G),Anish Goenka,EQ-CONS,Unrated,1691.6,2.28,Open Ended,31-Aug-23,Nifty India Consumption - TRI,13.79,15.34,12.43,-2.89,-1.10,-8.10,-1.34,5.60,-,-,-,52.30,7.29,19,52,75507,41.47,25.77,30.95,FMCG,-,-,-,0.11,0.14,0.25,0.97,-,Equity : Thematic - Consumption,Nil upto 10% of units and 1% for remaining units on or before 90D Nil after 90D
HSBC Corporate Bond Fund-Reg(G),Mohd Asif Rizwi,DT-CORP,5,5991.9,0.60,Open Ended,31-Mar-97,NIFTY Corporate Bond Index,76.13,76.26,73.18,0.13,0.17,1.03,3.83,6.83,6.52,5.71,6.95,-,-,0,-,-,-,-,-,-,2.43,2.09,7.48,0.02,0.02,0.04,0.45,1.37,Debt : Corporate Bond,Nil
HSBC Credit Risk Fund-Reg(G),Shriram Ramanathan,DT-CR,3,475.0,1.64,Open Ended,08-Oct-09,NIFTY Credit Risk Bond Index,33.78,33.78,32.26,0.31,0.85,2.05,4.69,12.90,10.69,8.42,7.00,-,-,0,-,-,-,-,-,-,2.01,1.47,7.86,0.36,0.18,1.57,0.81,6.61,Debt : Credit Risk,NIL upto 10% of units and 1% for remaining units on or before 1Y Nil after 1Y
HSBC CRISIL IBX 50:50 Gilt Plus SDL Apr 2028 Index Fund-Reg(G),Mahesh Chhabria,DT-M&LD,Unrated,1946.2,0.33,Open Ended,31-Mar-22,CRISIL IBX 50:50 Gilt Plus SDL Index - April 2028,13.00,13.00,12.46,0.25,0.34,1.84,4.30,7.19,6.91,-,-,-,-,0,-,-,-,-,-,-,1.78,1.62,6.60,0.05,0.11,0.18,0.45,1.27,Debt : Medium to Long Duration,Nil
HSBC CRISIL IBX Gilt June 2027 Index Fund-Reg(G),Mahesh Chhabria,DT-MD,Unrated,181.9,0.35,Open Ended,23-Mar-23,CRISIL IBX Gilt Index - June 2027,12.47,12.47,11.88,0.34,0.82,2.26,5.05,7.10,6.79,-,-,-,-,0,-,-,-,-,-,-,1.07,0.99,6.01,0.04,0.12,0.15,0.32,0.95,Debt : Medium Duration,Nil
HSBC Dynamic Bond Fund-Reg(G),Mahesh Chhabria,DT-DYN,Unrated,126.7,0.82,Open Ended,30-Aug-06,CRISIL Dynamic Bond Index,30.08,30.19,29.40,0.10,-0.24,0.67,0.31,5.38,5.85,5.06,6.36,-,-,0,-,-,-,-,-,-,9.87,4.63,7.32,-0.01,-0.05,-0.12,0.86,2.41,Debt : Dynamic Bond,Nil
HSBC ELSS Tax saver Fund-Reg(G),Abhishek Gupta,EQ-ELSS,2,3938.6,2.06,Open Ended,27-Feb-06,NIFTY 500 - TRI,134.65,139.03,119.67,0.37,-0.73,-3.17,1.14,6.54,16.41,13.55,13.53,25.60,3.38,8,76,111717,51.5,18.55,28.09,Financials,-,-,-,0.19,0.22,0.41,1.08,15.49,Equity : Tax Saving (ELSS),Nil
HSBC Equity Savings Fund-Reg(G),Cheenu Gupta,HY-EQS,2,904.5,5.53,Open Ended,18-Oct-11,NIFTY 50 Equity Savings Index,35.90,36.03,32.36,0.96,3.04,3.87,10.61,9.06,12.93,10.87,9.38,22.85,2.52,570,75,163410,45.55,14.69,10.38,Financials,2.26,1.89,6.68,0.56,0.24,0.40,0.38,8.02,Hybrid : Equity Savings,Nil upto 10% of units and 0.50% for remaining units on or before 1M Nil after 1M
HSBC Financial Services Fund-Reg(G),Gautam Bhupal,EQ-FIN,Unrated,866.2,2.74,Open Ended,27-Feb-25,BSE Financial Services - TRI,11.81,12.52,10.65,-2.23,-3.52,-2.27,5.16,-,-,-,-,21.15,2.91,12,38,122799,50.04,25.69,20.49,Financials,-,-,-,0.84,0.19,0.34,1.10,-,Equity : Sectoral - Financial Services,Nil upto 10% of units and 1% for remaining units on or before 90D Nil after 90D
HSBC Flexi Cap Fund-Reg(G),Abhishek Gupta,EQ-FLEX,3,5405.1,2.30,Open Ended,24-Feb-04,NIFTY 500 - TRI,220.42,226.81,192.36,0.24,1.91,-1.92,3.14,6.86,17.24,14.04,13.05,25.13,3.09,38,81,106074,52.71,20.59,26.09,Financials,-,-,-,0.22,0.23,0.43,1.10,15.58,Equity : Flexi Cap,Nil upto 10% of investment and 1% for remaining investment on or before 1Y Nil after 1Y
HSBC Focused Fund-Reg(G),Neelotpal Sahai,EQ-FOC,Unrated,1678.5,2.11,Open Ended,22-Jul-20,NIFTY 500 - TRI,25.03,26.29,22.59,-1.41,-2.74,-3.09,3.11,6.42,14.19,12.59,-,29.43,3.79,45,29,138759,49.13,30.67,16.31,Financials,-,-,-,0.07,0.20,0.33,1.02,14.92,Equity : Focused,Nil upto 10% of units and 1% for remaining units on before 1Y
HSBC Gilt Fund-Reg(G),Shriram Ramanathan,DT-GILT,2,177.4,1.63,Open Ended,29-Mar-00,CRISIL Dynamic Gilt Index,65.20,67.08,64.25,-0.11,-1.36,-0.68,-2.79,3.20,4.13,3.83,5.56,-,-,0,-,-,-,-,-,-,17.54,7.14,7.19,-0.14,-0.19,-0.36,1.10,3.13,Debt : Gilt,Nil
HSBC Global Emerging Markets Fund(G),Sonal Gupta,FOF-OVR,Unrated,456.4,1.44,Open Ended,17-Mar-08,MSCI Emerging Market Index,36.78,36.78,20.18,13.68,17.92,44.46,82.26,38.28,31.36,12.42,13.60,-,-,4,-,-,-,-,-,-,-,-,-,1.69,0.36,0.83,0.36,17.37,FoFs : Overseas,1% on or before 1Y Nil after 1Y
HSBC Global Equity Climate Change FoF-Reg(G),Sonal Gupta,FOF-OVR,Unrated,54.4,1.43,Open Ended,22-Mar-21,MSCI AC World Index,11.96,12.50,10.55,-4.25,5.30,7.38,21.17,9.56,10.70,3.64,-,-,-,-,-,-,-,-,-,-,-,-,-,0.18,0.10,0.20,0.42,13.54,FoFs : Overseas,1% on or before 1Y Nil after 1Y
HSBC Gold ETF,Dipan Parikh,PM-ETF,Unrated,500.2,0.62,Open Ended,23-Mar-26,Gold-India,135.22,138.95,119.17,3.26,-,-,-,-,-,-,-,-,-,25,-,-,-,-,-,-,-,-,-,-,-,-,-,-,Metal : ETFs,null
HSBC Gold ETF FOF-Reg(G),Dipan Parikh,FOF-DOM,Unrated,374.2,0.44,Open Ended,30-Mar-26,Gold-India,10.53,10.93,10.00,2.31,-,-,-,-,-,-,-,-,-,-,-,-,-,-,-,-,-,-,-,-,-,-,-,-,FoFs : Domestic,1% on or before 15D Nil after 15D
HSBC Income Plus Arbitrage Active FOF-Reg(G),Mohd Asif Rizwi,FOF-DOM,Unrated,552.7,0.45,Open Ended,30-Apr-14,Nifty Short Duration Debt Index,22.27,22.29,21.40,0.18,0.58,1.66,4.00,5.73,6.68,5.57,6.16,-,-,0,-,-,-,-,-,-,2.52,2.10,7.44,0.04,0.06,0.13,0.48,1.70,FoFs : Domestic,NIL
HSBC India Export Opportunities Fund-Reg(G),Abhishek Gupta,EQ-THEM,Unrated,1176.2,2.20,Open Ended,25-Sep-24,NIFTY 500 - TRI,10.44,10.48,8.79,5.71,7.18,2.39,9.00,-,-,-,-,32.70,4.39,26,48,67764,42.84,14.09,42.15,Healthcare,-,-,-,0.36,-0.02,-0.04,1.00,-,Equity : Thematic,Nil upto 10% of units and 1% for remaining units on or before 1Y Nil after 1Y
HSBC Infrastructure Fund-Reg(G),Venugopal Manghat,EQ-INFRA,2,2412.9,2.02,Open Ended,27-Sep-07,Nifty Infrastructure - TRI,49.30,50.97,42.29,-0.61,4.57,6.12,5.52,1.90,20.16,20.27,17.06,29.52,4.01,21,52,123730,57.06,13.08,27.76,Capital Goods,-,-,-,0.04,0.24,0.47,1.06,19.38,Equity : Sectoral - Infrastructure,Nil upto 10% of units and 1% for remaining units on or before 90D Nil after 90D
HSBC Large & Mid Cap Fund-Reg(G),Cheenu Gupta,EQ-L&M,2,4877.4,3.09,Open Ended,28-Mar-19,NIFTY LargeMidcap 250 - TRI,28.58,28.94,24.49,2.60,4.23,3.25,10.31,8.34,19.09,15.52,-,31.54,4.19,136,80,108959,50.69,31.2,16.91,Financials,-,-,-,0.10,0.24,0.40,1.11,17.49,Equity : Large & Mid Cap,Nil upto 10% of investment and 1% for remaining investment on or before 1Y Nil after 1Y
HSBC Large Cap Fund(G),Neelotpal Sahai,EQ-LC,2,1783.6,2.10,Open Ended,10-Dec-02,NIFTY 100 - TRI,451.76,501.51,431.86,-2.21,-8.12,-8.38,-2.15,2.56,10.62,9.62,11.71,24.64,3.42,42,39,380270,89.06,7.27,1.31,Financials,-,-,-,0.01,0.14,0.24,0.97,12.89,Equity : Large Cap,Nil upto 10% of investment and 1% for remaining investment on or before 1Y Nil after 1Y
HSBC Liquid Fund(G),Abhishek Iyer,DT-LIQ,2,17559.1,0.22,Open Ended,01-Jun-04,Nifty Liquid Fund Index,2749.66,2749.66,2591.83,0.49,1.65,3.12,6.12,6.67,6.86,6.05,6.04,-,-,0,-,-,-,-,-,-,0.12,0.12,6.28,0.02,0.20,0.06,0.29,0.26,Debt : Liquid,0.007% for Day 1 0.0065% on Day 2 0.0060% on Day 3 0.0055% on Day 4 0.0050% on Day 5 0.0045% on Day 6 NIL on or after 7D
HSBC Low Duration Fund-Reg(G),Shriram Ramanathan,DT-LOWD,2,1058.0,0.90,Open Ended,04-Dec-10,NIFTY Low Duration Debt Index,30.16,30.16,28.60,0.25,1.20,2.38,5.49,7.40,7.35,6.20,6.52,-,-,0,-,-,-,-,-,-,1.14,0.83,7.35,0.09,0.24,0.26,1.03,0.97,Debt : Low Duration,Nil
HSBC Medium Duration Fund-Reg(G),Shriram Ramanathan,DT-MD,3,732.3,1.15,Open Ended,02-Feb-15,NIFTY Medium Duration Debt Index,21.29,21.29,20.45,0.32,0.44,1.52,3.82,6.84,6.81,5.88,6.56,-,-,0,-,-,-,-,-,-,2.95,2.32,8.12,0.05,0.08,0.15,0.48,1.32,Debt : Medium Duration,Nil
HSBC Medium to Long Duration Fund Fund(G),Mohd Asif Rizwi,DT-M&LD,Unrated,47.9,1.38,Open Ended,10-Dec-02,NIFTY Medium to Long Duration Debt Index,42.79,42.98,41.91,0.00,-0.20,0.46,0.48,4.97,5.10,4.27,5.39,-,-,0,-,-,-,-,-,-,9.46,4.46,7.34,-0.07,-0.15,-0.36,0.81,2.20,Debt : Medium to Long Duration,Nil
HSBC Midcap Fund-Reg(G),Cheenu Gupta,EQ-MID,1,13386.6,3.59,Open Ended,09-Aug-04,Nifty Midcap 150 - TRI,441.35,446.21,362.73,3.57,9.57,8.29,17.74,13.32,26.38,19.09,17.76,38.72,5.28,121,87,72805,29.15,51.59,17.85,Financials,-,-,-,0.22,0.32,0.55,1.06,18.74,Equity : Mid Cap,Nil upto 10% of units and 1% for above the limits on or before 1Y Nil after 1Y
HSBC Money Market Fund-Reg(G),Mahesh Chhabria,DT-MM,2,6638.5,0.34,Open Ended,10-Aug-05,Nifty Money Market Index,27.81,27.81,26.32,0.24,1.17,2.51,5.74,6.81,6.90,5.91,6.45,-,-,0,-,-,-,-,-,-,0.71,0.67,7.03,0.05,0.23,0.13,0.64,0.48,Debt : Money Market,Nil
HSBC Multi Asset Active FOF-Reg(G),Gautam Bhupal,FOF-DOM,Unrated,93.3,1.45,Open Ended,30-Apr-14,BSE 200 - TRI,40.37,41.59,35.15,0.68,0.26,4.68,15.08,12.78,16.03,12.68,12.19,-,-,7,-,-,-,-,-,-,-,-,-,0.61,0.31,0.58,0.68,9.76,FoFs : Domestic,1% on or before 1Y Nil after 1Y
HSBC Multi Asset Allocation Fund-Reg(G),Cheenu Gupta,HY-MULTI,Unrated,2844.3,2.53,Open Ended,28-Feb-24,BSE 200 - TRI,13.67,14.00,11.51,1.41,-0.80,4.86,18.68,11.57,-,-,-,26.64,3.56,157,63,146560,44.79,21.14,9.26,Financials,-,-,-,0.87,0.20,0.33,0.83,-,Hybrid : Multi Asset Allocation,Nil upto 10% of units and 1% for remaining units on or before 1Y Nil after 1Y
HSBC Multi Cap Fund-Reg(G),Venugopal Manghat,EQ-MLC,Unrated,5500.1,2.22,Open Ended,30-Jan-23,Nifty500 Multicap 50:25:25 - TRI,18.84,19.50,16.68,-0.65,0.28,-2.45,3.35,6.02,19.84,-,-,27.83,3.86,48,96,94298,43.85,24.27,28.28,Financials,-,-,-,0.28,0.28,0.51,1.05,16.13,Equity : Multi Cap,Nil upto 10% of units and 1% for remaining units on or before 1Y Nil after 1Y
HSBC Nifty 50 Index Fund-Reg(G),Praveen Ayathan,EQ-INDX,Unrated,372.5,0.62,Open Ended,15-Apr-20,NIFTY 50 - TRI,27.16,30.39,25.81,-2.46,-6.97,-10.48,-4.83,2.74,8.91,9.27,-,19.99,3.02,8,50,532364,99.37,0.67,-,Financials,-,-,-,-0.03,0.11,0.19,1.00,12.13,Equity : Index Funds,Nil upto 10% of units and 1% for remaining units on or before 1M Nil after 1M
HSBC Nifty Next 50 Index Fund-Reg(G),Praveen Ayathan,EQ-INDX,Unrated,147.5,0.71,Open Ended,15-Apr-20,NIFTY NEXT 50 - TRI,29.84,30.63,25.80,0.32,-0.02,0.63,4.59,1.56,17.90,12.51,-,19.44,3.33,25,54,102803,84.82,12.21,-,Financials,-,-,-,-0.09,0.22,0.41,1.00,17.87,Equity : Index Funds,Nil upto 10% of units and 1% for remaining units on or before 1M Nil after 1M
HSBC Overnight Fund-Reg(G),Abhishek Iyer,DT-ON,3,4223.2,0.16,Open Ended,22-May-19,Nifty 1D Rate Index,1409.83,1409.83,1339.26,0.43,1.29,2.55,5.29,5.84,6.13,5.50,-,-,-,0,-,-,-,-,-,-,0.01,0.01,5.26,-0.01,-0.80,-0.20,0.83,0.18,Debt : Overnight,Nil
HSBC Short Duration Fund-Reg(G),Shriram Ramanathan,DT-SD,3,3869.8,0.74,Open Ended,27-Dec-11,Nifty Short Duration Debt Index,27.54,27.57,26.49,0.14,0.35,1.21,3.84,6.67,6.54,5.49,6.51,-,-,0,-,-,-,-,-,-,2.50,2.07,7.49,0.02,0.02,0.04,0.39,1.16,Debt : Short Duration,NIL
HSBC Small Cap Fund-Reg(G),Venugopal Manghat,EQ-SML,3,16393.6,1.76,Open Ended,12-May-14,Nifty Smallcap 250 - TRI,81.68,85.41,67.18,1.56,7.62,2.10,1.57,3.09,16.00,18.27,18.54,32.47,4.08,39,107,23976,3.42,23.74,71.24,Financials,-,-,-,-0.24,0.18,0.32,0.97,20.33,Equity : Small Cap,Nil upto 10% of units and 1% for above the limits on or before 1Y Nil after 1Y
HSBC Ultra Short Duration Fund-Reg(G),Mahesh Chhabria,DT-USD,2,3117.8,0.42,Open Ended,29-Jan-20,NIFTY Ultra Short Duration Debt Index,1428.21,1428.21,1348.30,0.36,1.47,2.79,5.99,6.79,6.90,6.06,-,-,-,0,-,-,-,-,-,-,0.47,0.44,6.76,0.04,0.27,0.12,0.50,0.39,Debt : Ultra Short Duration,Nil
HSBC Value Fund-Reg(G),Venugopal Manghat,EQ-VAL,4,14872.6,1.71,Open Ended,08-Jan-10,NIFTY 500 - TRI,110.38,115.93,101.60,-2.12,-3.33,-3.56,2.54,5.35,19.61,17.43,16.16,17.64,2.42,34,81,96593,48.16,18.06,31.56,Financials,-,-,-,0.44,0.28,0.54,1.07,15.41,Equity : Value / Contra,Nil upto 10% of units and 1% for above the limits on or before 1Y Nil after 1Y
ICICI Pru Active Momentum Fund-Reg(G),Manasvi Shah,EQ-THEM,Unrated,1918.0,2.86,Open Ended,25-Jul-25,NIFTY 500 - TRI,10.59,10.82,9.63,0.38,-1.31,0.67,-,-,-,-,-,29.46,4.27,142,51,129815,54.42,25.13,7.58,Financials,-,-,-,-,-,-,-,-,Equity : Thematic,1% on or before 12M Nil after 12M
ICICI Pru Aggressive Hybrid Active FOF(G),Sankaran Naren,FOF-DOM,Unrated,8977.2,1.56,Open Ended,18-Dec-03,CRISIL Hybrid 35+65 - Aggressive Index,217.00,233.72,203.49,-0.35,-2.51,-6.70,-2.40,8.40,14.79,14.04,15.08,-,-,43,-,-,-,-,-,-,-,-,-,0.33,0.27,0.54,1.13,10.49,FoFs : Domestic,1% on or before 1Y NIL After 1Y
ICICI Pru All Seasons Bond Fund(G),Manish Banthia,DT-DYN,4,13903.2,1.27,Open Ended,20-Jan-10,NIFTY Composite Debt Index,38.20,38.30,36.99,0.25,0.01,1.30,3.08,6.44,6.68,6.16,7.68,-,-,0,-,-,-,-,-,-,13.34,5.85,8.02,0.04,0.05,0.09,0.55,1.55,Debt : Dynamic Bond,0.25% on or before 1M Nil after 1M
ICICI Pru Arbitrage Fund(G),Archana Nair,HY-ARB,3,32298.9,2.23,Open Ended,30-Dec-06,Nifty 50 Arbitrage,36.04,36.10,34.14,0.32,1.13,2.78,5.77,6.40,6.80,5.94,5.73,18.64,2.93,0,162,229823,47.63,15.95,3.15,Financials,0.66,0.61,6.18,-0.02,0.13,0.07,0.53,0.47,Hybrid : Arbitrage,0.25% on or before 1M Nil after 1M
ICICI Pru Balanced Advantage Fund(G),Rajat Chandak,HY-DYN,3,70551.4,1.39,Open Ended,30-Dec-06,CRISIL Hybrid 50+50 - Moderate Index,75.35,78.29,71.79,-0.73,-2.40,-3.07,3.21,7.45,11.36,10.39,10.92,27.00,3.96,306,100,240018,57.74,6.61,3.14,Financials,5.34,2.49,6.78,0.24,0.24,0.41,0.51,6.54,Hybrid : Dynamic Asset Allocation,Nil upto 30% of units and 1% for remaining units on or before 1Y Nil after 1Y
ICICI Pru Banking & Fin Serv Fund(G),Antariksha Banerjee,EQ-FIN,3,10589.0,2.16,Open Ended,22-Aug-08,Nifty Financial Services - TRI,124.43,140.84,116.66,-1.91,-8.49,-10.65,-6.03,6.36,9.66,9.19,13.06,16.68,2.18,70,43,184733,60.95,13.36,21.36,Financials,-,-,-,0.09,0.12,0.21,0.86,12.99,Equity : Sectoral - Financial Services,1% on or before 15D NIL after 15D
ICICI Pru Banking & PSU Debt Fund(G),Manish Banthia,DT-B&PSU,3,9144.4,0.73,Open Ended,01-Jan-10,NIFTY Banking and PSU Debt Index,34.11,34.15,32.75,0.20,0.30,1.30,3.99,6.60,6.81,6.17,7.08,-,-,0,-,-,-,-,-,-,5.66,3.16,7.61,0.04,0.08,0.12,0.34,1.11,Debt : Banking & PSU,Nil
ICICI Pru Bharat 22 FOF-(G),Nishit Patel,FOF-DOM,Unrated,2923.7,0.11,Open Ended,29-Jun-18,BSE Bharat 22 Index,34.64,37.40,30.69,-4.21,-6.26,2.20,9.01,3.94,22.79,24.60,-,-,-,-,22,-,-,-,-,-,-,-,-,0.21,0.31,0.63,0.99,16.10,FoFs : Domestic,Nil
ICICI Pru Bharat Consumption Fund-Reg(G),Priyanka Khandelwal,EQ-CONS,Unrated,3064.9,2.48,Open Ended,12-Apr-19,Nifty India Consumption - TRI,23.45,26.52,21.63,-2.88,-3.56,-10.22,-5.52,1.19,11.50,13.13,-,40.87,6.50,67,62,117662,60.48,13.89,22.02,FMCG,-,-,-,-0.03,0.17,0.28,0.89,13.42,Equity : Thematic - Consumption,1% on or before 3M Nil after 3M
ICICI Pru Bond Fund(G),Manish Banthia,DT-M&LD,4,2700.2,0.95,Open Ended,18-Aug-08,CRISIL Medium to Long Term Debt Index,41.20,41.32,40.05,0.18,-0.19,0.92,1.69,6.07,6.39,5.68,6.89,-,-,0,-,-,-,-,-,-,14.99,6.05,7.56,0.02,-,0.01,0.73,2.01,Debt : Medium to Long Duration,Nil
ICICI Pru BSE 500 ETF,Nishit Patel,EQ-ETF,Unrated,351.2,0.41,Open Ended,09-May-18,BSE 500 - TRI,37.96,40.68,34.65,-1.15,-3.35,-6.42,-1.36,3.50,12.76,11.71,-,21.80,3.15,24,500,214332,69.75,19.74,10.46,Financials,-,-,-,0.26,0.17,0.32,1.08,13.60,Equity : ETFs,null
ICICI Pru BSE 500 ETF FOF-Reg(G),Nishit Patel,FOF-DOM,Unrated,58.9,0.41,Open Ended,01-Dec-21,BSE 500 - TRI,15.12,16.18,13.78,-1.39,-3.53,-6.73,-2.16,2.57,11.99,-,-,-,-,-,-,-,-,-,-,-,-,-,-,0.20,0.16,0.29,1.07,13.53,FoFs : Domestic,Nil
ICICI Pru BSE Liquid Rate ETF(G),Darshil Dedhia,DT-ETF,Unrated,816.8,0.21,Open Ended,12-Mar-25,BSE Liquid Rate Index,1064.62,1064.62,1013.25,0.43,1.23,2.44,5.09,-,-,-,-,-,-,0,-,-,-,-,-,-,0.01,0.01,5.24,-0.11,-3.86,-0.57,0.01,-,Debt : ETFs,null
ICICI Pru BSE Liquid Rate ETF(IDCW),Darshil Dedhia,DT-ETF,Unrated,1459.5,0.21,Open Ended,25-Sep-18,BSE Liquid Rate Index,1000.00,1000.00,1000.00,0.43,1.24,2.45,5.06,5.63,5.94,5.33,-,-,-,0,-,-,-,-,-,-,0.01,0.01,5.24,-0.05,-0.95,-0.26,0.03,0.20,Debt : ETFs,null
ICICI Pru BSE Midcap Select ETF,Nishit Patel,EQ-ETF,Unrated,100.3,0.13,Open Ended,04-Jul-16,BSE MidCap Select Index - TRI,18.30,18.79,15.55,2.51,3.40,-2.14,5.82,7.45,19.83,15.07,-,31.60,3.91,53,30,72332,2.9,97.08,-,Financials,-,-,-,0.83,0.25,0.46,1.23,17.97,Equity : ETFs,null
ICICI Pru BSE Sensex ETF,Nishit Patel,EQ-ETF,Unrated,28978.1,0.02,Open Ended,10-Jan-03,BSE SENSEX - TRI,854.14,978.67,821.61,-3.28,-8.45,-13.05,-7.87,1.50,7.23,8.80,12.11,21.37,3.11,8,30,648955,99.98,-,-,Financials,-,-,-,-0.17,0.06,0.11,1.00,12.26,Equity : ETFs,Nil
ICICI Pru BSE Sensex Index Fund(G),Nishit Patel,EQ-INDX,3,1833.8,0.26,Open Ended,21-Sep-17,BSE SENSEX - TRI,24.48,28.08,23.56,-3.30,-8.52,-13.18,-8.13,1.22,6.91,8.44,-,21.37,3.11,17,30,648960,99.96,-,-,Financials,-,-,-,-0.19,0.06,0.11,1.00,12.25,Equity : Index Funds,Nil
ICICI Pru Business Cycle Fund(G),Manish Banthia,EQ-THEM,Unrated,15813.4,1.68,Open Ended,18-Jan-21,NIFTY 500 - TRI,23.94,26.08,22.35,-1.72,-5.93,-7.60,0.50,6.12,18.15,16.09,-,23.98,3.19,115,74,271381,75.02,10.34,8,Financials,-,-,-,0.42,0.30,0.54,0.88,12.67,Equity : Thematic,1% on or before 1M Nil after 1M
ICICI Pru Childrens Fund(G),Aatur Shah,HY-AGR,3,1412.2,2.82,Open Ended,31-Aug-01,NIFTY 50 Hybrid Composite Debt 65:35 Index,323.90,336.07,293.68,-1.20,-1.20,-2.94,2.09,4.92,15.54,13.36,12.14,-,-,244,65,93945,41.93,6.12,33.24,Financials,-,-,-,0.53,0.25,0.49,0.93,12.65,Hybrid : Aggressive Hybrid,Nil
ICICI Pru Commodities Fund-Reg(G),Lalit Kumar,EQ-THEM,Unrated,3789.1,1.93,Open Ended,15-Oct-19,NIFTY COMMODITIES - TRI,47.97,49.02,39.90,1.72,2.24,10.79,19.66,8.86,20.33,17.64,-,20.23,2.63,25,52,30536,34.53,25.89,23.52,Metals,-,-,-,0.05,0.27,0.54,0.93,16.04,Equity : Thematic,1% on or before 3M Nil after 3M
ICICI Pru Conglomerate Fund-Reg(G),Lalit Kumar,EQ-THEM,Unrated,824.0,2.34,Open Ended,24-Oct-25,BSE Select Business Groups Index - TRI,9.84,10.34,8.87,-1.01,-3.25,-1.41,-,-,-,-,-,23.08,3.52,23,45,88282,59.93,21.97,13.09,Automobile and Ancillaries,-,-,-,-,-,-,-,-,Equity : Thematic,1% on or before 12M Nil after 12M
ICICI Pru Constant Maturity Gilt Fund(G),Manish Banthia,DT-GL10Y,Unrated,2256.3,0.40,Open Ended,12-Sep-14,CRISIL 10 Year Gilt Index,25.38,25.56,24.58,0.65,-0.43,0.85,1.52,6.74,6.58,5.66,7.75,-,-,0,-,-,-,-,-,-,10.04,6.90,7.19,0.05,0.03,0.06,0.99,2.53,Debt : Gilt (10 Yr Constant Duration),Nil
ICICI Pru Corp Bond Fund(G),Manish Banthia,DT-CORP,3,32682.5,0.56,Open Ended,11-Aug-09,NIFTY Corporate Bond Index,31.22,31.23,29.85,0.26,0.50,1.57,4.57,6.97,7.12,6.38,7.22,-,-,0,-,-,-,-,-,-,5.44,3.19,7.55,0.06,0.17,0.21,0.32,1.04,Debt : Corporate Bond,Nil
ICICI Pru Credit Risk Fund(G),Manish Banthia,DT-CR,5,5989.9,1.40,Open Ended,03-Dec-10,CRISIL Credit Risk Debt Index,33.90,33.90,31.72,0.45,1.09,2.55,7.01,8.23,8.06,7.13,7.76,-,-,0,-,-,-,-,-,-,3.04,1.98,8.40,0.13,0.39,0.48,0.27,1.06,Debt : Credit Risk,Nil upto 10% of units and 1% on remaining units on or before 1Y Nil after 1Y
ICICI Pru CRISIL-IBX Financial Services 3-6 Months Debt Index Fund-Reg(G),Darshil Dedhia,DT-USD,Unrated,441.1,0.22,Open Ended,19-Mar-25,CRISIL-IBX Financial Services 3 to 6 Months Debt Index,10.83,10.83,10.18,0.45,1.76,3.13,6.50,-,-,-,-,-,-,0,-,-,-,-,-,-,0.30,0.28,6.92,0.03,0.07,0.04,0.10,-,Debt : Ultra Short Duration,NIL
ICICI Pru Diversified Debt Strategy Active FOF(G),Manish Banthia,FOF-DOM,Unrated,105.3,0.62,Open Ended,18-Dec-03,NIFTY Composite Debt Index,46.71,46.79,44.94,0.26,0.20,1.45,3.78,6.62,6.86,6.10,7.04,-,-,0,-,-,-,-,-,-,-,-,7.58,0.05,0.09,0.14,0.45,1.30,FoFs : Domestic,0.25% on or before 15D Nil after 15D
ICICI Pru Diversified Equity All Cap Active FOF-Reg(G),Dharmesh Kakkad,FOF-DOM,Unrated,704.4,1.36,Open Ended,20-Mar-26,NIFTY 500 - TRI,10.39,10.76,9.86,-1.29,-,-,-,-,-,-,-,-,-,-,-,-,-,-,-,-,-,-,-,-,-,-,-,-,FoFs : Domestic,1% on or before 1Y Nil after 1Y
ICICI Pru Diversified Equity All Cap Omni FOF(G),Dharmesh Kakkad,FOF-DOM,Unrated,303.2,1.00,Open Ended,25-Feb-20,BSE 500 - TRI,29.82,32.33,27.51,-1.11,-3.34,-6.62,-0.90,5.61,17.29,15.77,-,-,-,-,-,-,-,-,-,-,-,-,-,0.62,0.27,0.51,0.97,12.59,FoFs : Domestic,1% on or before 12M Nil after 12M
ICICI Pru Dividend Yield Equity Fund(G),Mittul Kalawadia,EQ-DIV,Unrated,6458.0,1.82,Open Ended,16-May-14,NIFTY 500 - TRI,51.85,55.57,48.70,-1.45,-5.01,-6.22,0.86,5.44,18.71,18.82,15.96,19.87,2.85,56,68,246495,73.67,9.69,9.96,Financials,-,-,-,0.48,0.31,0.59,0.84,12.31,Equity : Thematic - Dividend Yield,1% on or before 1M Nil after 1M
ICICI Pru Dynamic Asset Allocation Active FOF(G),Dharmesh Kakkad,FOF-DOM,Unrated,28311.0,1.37,Open Ended,18-Dec-03,CRISIL Hybrid 50+50 - Moderate Index,120.95,125.21,115.05,-0.47,-1.41,-2.73,1.40,6.57,11.08,10.59,11.96,-,-,0,-,-,-,-,-,-,7.45,3.59,7.54,0.26,0.26,0.48,0.47,6.09,FoFs : Domestic,Nil on 30% of units within 1Y and 1% for more than 30% of units within 1Y Nil after 1Y
ICICI Pru ELSS Tax Saver Fund(G),Mittul Kalawadia,EQ-ELSS,3,13911.4,1.71,Open Ended,19-Aug-99,NIFTY 500 - TRI,888.45,973.88,839.90,-2.57,-5.21,-8.58,-2.95,5.10,12.37,11.64,12.86,24.75,3.11,26,91,225367,73.17,6.72,16.91,Financials,-,-,-,0.02,0.19,0.34,0.87,12.40,Equity : Tax Saving (ELSS),Nil
ICICI Pru Energy Opportunities Fund-Reg(G),Nitya Mishra,EQ-POWER,Unrated,8851.3,2.47,Open Ended,22-Jul-24,NIFTY ENERGY - TRI,11.48,11.75,9.76,-1.37,4.45,9.95,14.44,-,-,-,-,15.93,2.26,156,66,96052,42.95,17.19,31.6,Energy,-,-,-,0.69,0.07,0.14,0.78,-,Equity : Sectoral - Energy / Power,1% on or before 3M Nil after 3M
ICICI Pru Equity & Debt Fund(G),Sankaran Naren,HY-AGR,5,50367.7,1.49,Open Ended,03-Nov-99,CRISIL Hybrid 35+65 - Aggressive Index,392.66,414.80,375.05,-1.92,-3.66,-5.02,1.71,6.80,15.90,16.31,15.51,22.66,3.06,99,121,283093,60.38,6.66,7.16,Financials,7.07,3.50,7.46,0.42,0.32,0.60,1.00,9.29,Hybrid : Aggressive Hybrid,Nil upto 30% of units and 1% for remaining units on or before 1Y Nil after 1Y
ICICI Pru Equity Minimum Variance Fund-Reg(G),Aatur Shah,EQ-THEM,Unrated,2984.6,2.16,Open Ended,06-Dec-24,NIFTY 50 - TRI,10.33,11.20,9.61,-1.15,-4.81,-6.96,-0.87,-,-,-,-,23.12,3.32,150,33,429708,90.4,1.26,-,Financials,-,-,-,0.23,-0.04,-0.06,0.91,-,Equity : Thematic,1% on or before 12M Nil after 12M
ICICI Pru Equity Savings Fund-Reg(G),Dharmesh Kakkad,HY-EQS,1,16868.1,1.57,Open Ended,05-Dec-14,NIFTY 50 Equity Savings Index,22.89,23.37,22.31,-0.30,-0.87,-1.55,2.46,5.91,7.27,7.17,7.86,20.90,3.00,663,83,453979,67.86,1.48,0.46,Financials,2.61,1.31,6.01,0.11,0.14,0.27,0.39,2.57,Hybrid : Equity Savings,Nil upto 10% of units and 0.25% for remaining units on or before 7D Nil after 7D
ICICI Pru ESG Exclusionary Strategy Fund(G),Mittul Kalawadia,EQ-THEM,Unrated,1350.8,2.17,Open Ended,09-Oct-20,NIFTY100 ESG - TRI,20.47,23.26,19.29,-2.67,-5.47,-11.03,-8.19,4.36,13.51,10.49,-,26.06,3.39,51,51,143474,64.6,8.97,24.19,Financials,-,-,-,0.15,0.20,0.38,0.96,13.45,Equity : Thematic,1% on or before 12M Nil after 12M
ICICI Pru Exports & Services Fund(G),Sankaran Naren,EQ-THEM,3,1365.7,2.16,Open Ended,30-Nov-05,BSE 500 - TRI,162.92,172.13,148.36,0.00,-0.94,-5.07,-0.52,7.69,17.35,15.76,13.92,24.18,3.75,124,65,153849,60.88,6.51,23.51,Financials,-,-,-,0.58,0.28,0.54,0.93,12.01,Equity : Thematic,1% on or before 15D Nil after 15D
ICICI Pru Flexicap Fund(G),Rajat Chandak,EQ-FLEX,Unrated,20936.1,1.63,Open Ended,19-Jul-21,BSE 500 - TRI,18.76,20.09,17.01,-0.96,-3.82,-7.13,2.14,6.58,15.50,-,-,32.40,4.78,24,78,112918,61.2,9.08,25.5,Automobile and Ancillaries,-,-,-,0.46,0.22,0.38,1.06,14.10,Equity : Flexi Cap,1% on or before 1M Nil after 1M
ICICI Pru Floating Interest Fund(G),Ritesh Lunawat,DT-FL,4,7491.9,0.85,Open Ended,17-Nov-05,Nifty Short Duration Debt Index,446.65,446.65,423.14,0.21,0.83,2.00,5.55,7.10,7.36,6.39,6.96,-,-,0,-,-,-,-,-,-,2.72,1.88,7.53,0.09,0.27,0.27,0.88,0.85,Debt : Floater,Nil
ICICI Pru FMCG Fund(G),Nitya Mishra,EQ-CONS,1,1676.3,2.48,Open Ended,31-Mar-99,NIFTY FMCG - TRI,407.80,494.35,389.80,-5.15,-7.21,-14.02,-14.43,-4.99,-1.42,7.33,9.88,36.32,8.07,53,30,169388,70.38,13.15,7.63,FMCG,-,-,-,-0.16,-0.09,-0.15,0.90,13.38,Equity : Thematic - Consumption,1% on or before 15D NIL after 15D
ICICI Pru FMP-85-10Y-I(G),Darshil Dedhia,DT-FMP,Unrated,483.5,-,Closed Ended,15-Mar-19,CRISIL Composite Bond Index,17.44,17.47,16.76,0.10,0.03,1.29,3.42,7.21,7.17,6.44,-,-,-,-,-,-,-,-,-,-,-,-,-,0.06,0.11,0.22,0.72,1.64,Debt : FTP/FMP,null
ICICI Pru FMP-88-1226D-F(G),Darshil Dedhia,DT-FMP,Unrated,140.6,-,Closed Ended,08-Dec-22,CRISIL Medium Duration Debt Index,12.51,12.51,11.94,0.46,1.32,2.67,5.85,6.94,6.90,-,-,-,-,-,-,-,-,-,-,-,-,-,-,0.03,0.21,0.18,0.25,0.67,Debt : FTP/FMP,null
ICICI Pru FMP-88-1303D-S(G),Darshil Dedhia,DT-FMP,Unrated,68.2,-,Closed Ended,14-Mar-23,CRISIL Medium Duration Debt Index,12.54,12.54,11.89,0.41,1.29,2.64,5.59,7.12,6.94,-,-,-,-,-,-,-,-,-,-,-,-,-,-,0.04,0.20,0.17,0.26,0.67,Debt : FTP/FMP,null
ICICI Pru Focused Equity Fund(G),Vaibhav Dusad,EQ-FOC,5,16009.0,2.39,Open Ended,28-May-09,BSE 500 - TRI,88.99,99.29,82.90,-1.74,-5.85,-9.01,-0.99,7.25,17.73,15.83,14.69,19.29,3.76,210,30,232461,73.28,22.23,1.51,Financials,-,-,-,0.67,0.28,0.50,1.06,13.62,Equity : Focused,1% on or before 1Y Nil after 1Y
ICICI Pru Gilt Fund(G),Manish Banthia,DT-GILT,4,9061.5,1.11,Open Ended,19-Aug-99,Nifty All Duration G-Sec Index,105.04,105.68,102.32,0.32,-0.60,0.82,1.47,5.81,6.42,5.98,7.50,-,-,0,-,-,-,-,-,-,20.78,9.11,7.63,0.02,-,0.01,0.72,2.13,Debt : Gilt,Nil
ICICI Pru Global Advantage Fund(FOF)(G),Sharmila Dmello,FOF-OVR,Unrated,390.1,1.25,Open Ended,07-Oct-19,S&P Global 1200,22.07,22.11,16.51,4.35,2.84,11.71,33.53,21.84,19.97,9.37,-,-,-,-,-,-,-,-,-,-,-,-,-,0.92,0.26,0.50,0.28,13.53,FoFs : Overseas,1% on or before 1M Nil after 1M
ICICI Pru Global Stable Equity Fund(FOF)(G),Ritesh Lunawat,FOF-OVR,Unrated,87.9,1.39,Open Ended,13-Sep-13,MSCI World,31.80,32.58,27.13,-0.28,-0.78,6.78,17.00,14.65,12.53,9.65,9.53,-,-,0,-,-,-,-,-,-,0.01,-,-,0.47,0.21,0.42,0.22,9.02,FoFs : Overseas,1% on or before 1M Nil after 1M
ICICI Pru Gold ETF,Gaurav Chikane,PM-ETF,Unrated,26380.8,0.42,Open Ended,24-Aug-10,Gold-India,133.12,149.45,82.29,3.31,-2.41,19.89,61.04,45.41,36.07,24.78,16.89,-,-,0,-,-,-,-,-,-,-,-,7.58,2.21,0.46,1.19,0.56,16.52,Metal : ETFs,Nil
ICICI Pru Gold ETF FOF(G),Manish Banthia,FOF-DOM,Unrated,6451.9,0.47,Open Ended,11-Oct-11,Gold-India,47.93,55.07,29.77,3.02,-3.27,19.05,59.45,44.42,35.40,24.44,16.81,-,-,0,-,-,-,-,-,-,0.02,0.02,7.58,2.15,0.45,1.13,0.60,16.58,FoFs : Domestic,1% on or before 15D Nil after 15D
ICICI Pru Housing Opp Fund-Reg(G),Sanket Gaidhani,EQ-THEM,Unrated,2667.3,1.99,Open Ended,18-Apr-22,Nifty Housing - TRI,16.90,17.93,15.47,-1.46,-3.09,-3.32,0.00,3.87,14.55,-,-,22.98,2.77,60,53,131457,57.28,20.02,19.97,Construction,-,-,-,0.07,0.20,0.38,0.85,13.76,Equity : Thematic,1% on or before 1M Nil after 1M
ICICI Pru Income plus Arbitrage Omni FOF(G),Manish Banthia,FOF-DOM,Unrated,2947.4,0.27,Open Ended,18-Dec-03,NIFTY Composite Debt Index,65.46,65.47,62.18,0.30,0.88,2.32,5.36,8.38,10.17,9.30,8.94,-,-,1,-,-,-,-,-,-,0.23,-,-,0.32,0.39,0.95,0.37,2.75,FoFs : Domestic,NIL
ICICI Pru India Opp Fund(G),Sankaran Naren,EQ-THEM,3,36082.9,1.58,Open Ended,15-Jan-19,NIFTY 500 - TRI,35.49,38.22,33.33,-0.70,-4.85,-6.23,0.48,8.01,18.78,19.10,-,18.94,3.13,73,81,201253,66.03,15.27,10.35,Financials,-,-,-,0.50,0.33,0.61,0.82,11.78,Equity : Thematic,1% on or before 12M Nil after 12M
ICICI Pru Infrastructure Fund(G),Ihab Dalwai,EQ-INFRA,4,8311.1,1.80,Open Ended,31-Aug-05,BSE India Infrastructure Index - TRI,197.86,204.08,175.03,-1.19,0.68,0.15,2.54,5.27,21.94,23.71,18.17,24.84,2.62,71,58,57177,34.54,20.19,37.77,Infrastructure,-,-,-,0.95,0.31,0.63,1.12,15.92,Equity : Sectoral - Infrastructure,1% on or before 15D NIL after 15D
ICICI Pru Innovation Fund-Reg(G),Vaibhav Dusad,EQ-THEM,Unrated,7290.9,2.79,Open Ended,28-Apr-23,NIFTY 500 - TRI,18.26,19.60,16.52,0.94,-0.33,-5.29,2.01,6.30,21.16,-,-,20.89,3.65,214,59,83962,40.32,32.4,22.79,Healthcare,-,-,-,0.60,0.33,0.64,0.95,13.71,Equity : Thematic,1% on or before 1M Nil after 1M
ICICI Pru Large & Mid Cap Fund(G),Ihab Dalwai,EQ-L&M,3,29757.2,2.00,Open Ended,09-Jul-98,NIFTY LargeMidcap 250 - TRI,989.59,1063.37,919.05,-1.53,-4.65,-6.14,-0.20,6.77,17.40,17.43,15.60,24.28,3.28,72,83,99169,37.14,42.99,13.38,Financials,-,-,-,0.22,0.29,0.54,0.83,12.48,Equity : Large & Mid Cap,1% on or before 1M Nil after 1M
ICICI Pru Large Cap Fund(G),Sankaran Naren,EQ-LC,4,75650.4,1.69,Open Ended,23-May-08,NIFTY 100 - TRI,104.67,116.62,99.87,-1.98,-6.79,-9.95,-3.68,3.44,13.45,12.95,13.73,21.28,3.31,78,81,362183,85.43,7.87,0.13,Financials,-,-,-,0.23,0.21,0.38,0.92,11.98,Equity : Large Cap,1% on or before 1M Nil after 1M
ICICI Pru Liquid Fund(G),Darshil Dedhia,DT-LIQ,3,54639.4,0.31,Open Ended,17-Nov-05,CRISIL Liquid Debt Index,408.19,408.19,384.84,0.49,1.64,3.11,6.09,6.65,6.84,6.02,6.04,-,-,0,-,-,-,-,-,-,0.10,0.09,6.15,-,0.19,0.05,1.11,0.25,Debt : Liquid,0.007% for Day 1 0.0065% on Day 2 0.0060% on Day 3 0.0055% on Day 4 0.0050% on Day 5 0.0045% on Day 6 NIL on or after 7D
ICICI Pru Long Term Bond Fund(G),Manish Banthia,DT-LD,Unrated,850.4,0.94,Open Ended,09-Jul-98,CRISIL Long Duration Debt Index,89.71,91.18,87.56,0.18,-1.53,-0.31,-1.62,4.74,5.34,4.61,6.67,-,-,0,-,-,-,-,-,-,29.14,11.02,7.87,-0.04,-0.08,-0.14,1.15,3.31,Debt : Long Duration,Nil
ICICI Pru LT Wealth Enhancement Fund(G),Rajat Chandak,EQ-ELSS,Unrated,37.5,1.18,Closed Ended,23-Mar-18,NIFTY 500 - TRI,27.40,30.74,25.81,-1.59,-4.89,-11.03,-2.61,4.43,14.28,14.28,-,28.90,4.32,10,24,243214,78.86,1.99,14.85,Retail and Other Services,-,-,-,0.10,0.20,0.35,0.90,13.21,Equity : Tax Saving (ELSS),null
ICICI Pru Manufacturing Fund(G),Roshan Chutkey,EQ-THEM,3,6613.6,1.78,Open Ended,11-Oct-18,Nifty India Manufacturing - TRI,37.36,38.38,32.93,0.65,1.11,3.55,9.91,6.08,23.09,19.74,-,31.02,4.50,32,96,79996,49.26,20.85,22.42,Automobile and Ancillaries,-,-,-,0.06,0.33,0.66,1.00,16.04,Equity : Thematic,1% on or before 1Y Nil after 1Y
ICICI Pru Medium Term Bond Fund(G),Manish Banthia,DT-MD,4,5458.3,1.40,Open Ended,15-Sep-04,NIFTY Medium Duration Debt Index,47.35,47.35,44.83,0.43,0.73,2.07,5.69,7.67,7.33,6.54,7.28,-,-,0,-,-,-,-,-,-,6.10,3.22,8.21,0.08,0.20,0.29,0.37,1.18,Debt : Medium Duration,Nil upto 10% of units and 1% for Excess units on or before 1Y Nil after 1Y
ICICI Pru Midcap Fund(G),Lalit Kumar,EQ-MID,3,7556.7,1.77,Open Ended,28-Oct-04,Nifty Midcap 150 - TRI,332.28,343.30,287.23,0.89,3.78,6.40,15.77,11.80,24.92,18.95,17.62,29.96,4.33,25,85,51342,21.46,63.73,10.66,Financials,-,-,-,0.26,0.34,0.68,0.99,17.19,Equity : Mid Cap,1% on or before 1Y Nil after 1Y
ICICI Pru MNC Fund(G),Roshan Chutkey,EQ-MNC,Unrated,1714.8,2.11,Open Ended,17-Jun-19,NIFTY MNC - TRI,29.14,29.83,26.22,-0.10,0.48,-1.22,6.35,4.88,13.43,12.42,-,28.79,5.25,57,57,41450,42.4,18.29,31.63,FMCG,-,-,-,0.01,0.21,0.39,0.75,12.20,Equity : Thematic - MNC,1% on or before 12M Nil after 12M
ICICI Pru Money Market Fund(G),Manish Banthia,DT-MM,4,32702.1,0.39,Open Ended,08-Mar-06,Nifty Money Market Index,400.21,400.21,378.44,0.24,1.15,2.56,5.83,6.96,7.12,6.29,6.55,-,-,0,-,-,-,-,-,-,0.70,0.65,7.11,0.07,0.35,0.20,0.67,0.51,Debt : Money Market,Nil
ICICI Pru Multi Sector Passive FOF(G),Sankaran Naren,FOF-DOM,Unrated,221.4,0.40,Open Ended,18-Dec-03,NIFTY 500 - TRI,164.81,173.01,150.27,-0.57,-2.89,-3.67,2.41,7.72,14.58,13.33,13.11,-,-,8,-,-,-,-,-,-,-,-,-,0.15,0.23,0.43,0.85,11.96,FoFs : Domestic,1% on or before 15D Nil after 15D
ICICI Pru Multi-Asset Fund(G),Sankaran Naren,HY-MULTI,Unrated,83547.4,1.69,Open Ended,31-Oct-02,NIFTY 200 - TRI,793.76,832.12,745.10,-0.80,-3.30,-2.35,6.49,10.02,16.63,17.16,15.92,20.02,3.09,217,130,177985,45.13,15.72,7.6,Financials,4.28,2.15,6.75,0.52,0.40,0.74,0.51,7.49,Hybrid : Multi Asset Allocation,Nil upto 30% of units and 1% for remaining units on or before 1Y Nil after 1Y
ICICI Pru Multicap Fund(G),Lalit Kumar,EQ-MLC,3,16997.4,1.67,Open Ended,01-Oct-94,Nifty500 Multicap 50:25:25 - TRI,829.76,850.34,714.36,1.53,3.35,3.35,5.52,8.73,18.86,16.15,15.29,28.66,3.71,106,162,42808,37.44,29.5,27.79,Financials,-,-,-,0.29,0.29,0.58,0.90,13.80,Equity : Multi Cap,1% on or before 1M Nil after 1M
ICICI Pru NASDAQ 100 Index Fund(G),Sharmila Dmello,EQ-INTL,Unrated,3254.8,0.90,Open Ended,18-Oct-21,Nasdaq-100,24.65,24.65,15.84,10.70,27.33,26.96,57.65,34.67,33.94,-,-,-,-,16,101,-,-,-,-,-,-,-,-,0.41,0.41,0.84,1.01,18.80,Equity : International,Nil
ICICI Pru Nifty 10 yr Benchmark G-Sec ETF,Darshil Dedhia,DT-GL10Y,Unrated,581.1,0.12,Open Ended,13-Dec-22,Nifty 10 yr Benchmark G-Sec,258.27,261.14,253.94,0.42,-0.85,-0.26,0.10,5.77,6.02,-,-,-,-,0,-,-,-,-,-,-,9.43,6.87,7.15,-0.01,-0.02,-0.05,0.95,2.49,Debt : Gilt (10 Yr Constant Duration),null
ICICI Pru Nifty 100 ETF,Nishit Patel,EQ-ETF,Unrated,159.2,0.41,Open Ended,20-Aug-13,NIFTY 100 - TRI,27.24,29.91,25.42,-1.93,-5.74,-8.64,-3.20,2.60,10.48,9.78,12.33,19.90,3.07,15,104,391183,96.6,2.78,-,Financials,-,-,-,-0.04,0.13,0.24,1.00,12.76,Equity : ETFs,Nil
ICICI Pru Nifty 100 Low Volatility 30 ETF,Nishit Patel,EQ-ETF,Unrated,3507.7,0.36,Open Ended,04-Jul-17,Nifty100 Low Volatility 30 - TRI,21.36,23.45,20.10,-1.47,-5.54,-7.94,-0.89,4.95,12.18,11.00,-,28.39,4.52,31,30,334892,93.8,6.2,-,Financials,-,-,-,-0.04,0.18,0.33,1.00,12.46,Equity : ETFs,null
ICICI Pru Nifty 100 Low Volatility 30 ETF FOF(G),Nishit Patel,EQ-ETF,Unrated,1352.8,0.49,Open Ended,12-Apr-21,Nifty100 Low Volatility 30 - TRI,17.39,19.15,16.48,-1.62,-5.78,-8.35,-1.54,4.14,11.58,10.30,-,-,-,-,-,-,-,-,-,-,-,-,-,-0.10,0.17,0.30,0.99,12.38,Equity : ETFs,Nil
ICICI Pru Nifty 200 Momentum 30 ETF,Nishit Patel,EQ-ETF,Unrated,647.4,0.26,Open Ended,04-Aug-22,Nifty200 Momentum 30 - TRI,30.53,32.80,27.52,-0.45,-4.26,-6.69,-1.69,-6.09,13.60,-,-,26.08,3.75,179,30,179305,73.25,26.74,-,Financials,-,-,-,-0.04,0.16,0.28,1.00,19.01,Equity : ETFs,null
ICICI Pru Nifty 200 Momentum 30 Index Fund-Reg(G),Nishit Patel,EQ-INDX,Unrated,545.6,0.86,Open Ended,05-Aug-22,Nifty200 Momentum 30 - TRI,15.94,17.19,14.38,-0.51,-4.44,-7.03,-2.43,-6.68,12.69,-,-,26.08,3.75,149,30,179307,73.25,26.73,-,Financials,-,-,-,-0.11,0.15,0.26,1.00,18.87,Equity : Index Funds,Nil
ICICI Pru Nifty 200 Quality 30 ETF,Nishit Patel,EQ-ETF,Unrated,146.6,0.26,Open Ended,07-Aug-23,NIFTY200 Quality 30 - TRI,20.91,22.31,18.79,-0.72,-0.57,-6.06,-1.44,3.26,-,-,-,29.37,8.62,22,30,178851,73.5,23.85,2.56,FMCG,-,-,-,-0.02,0.11,0.21,1.00,-,Equity : ETFs,null
ICICI Pru Nifty 5 yr Benchmark G-SEC ETF,Darshil Dedhia,DT-M&LD,Unrated,20.1,0.17,Open Ended,07-Mar-22,Nifty 5 yr Benchmark G-Sec Index TRI,64.62,64.83,62.41,0.24,-0.06,1.47,3.31,7.43,7.04,-,-,-,-,0,-,-,-,-,-,-,4.52,3.79,6.78,0.08,0.10,0.21,0.67,1.89,Debt : Medium to Long Duration,null
ICICI Pru Nifty 50 ETF,Nishit Patel,EQ-ETF,Unrated,40626.3,0.02,Open Ended,20-Mar-13,NIFTY 50 - TRI,264.82,296.01,251.37,-2.40,-6.96,-10.40,-4.53,3.16,9.36,9.78,12.45,19.99,3.02,6,50,532323,99.31,0.67,-,Financials,-,-,-,-,0.11,0.20,1.00,12.16,Equity : ETFs,Nil
ICICI Pru Nifty 50 Index Fund-Reg(G),Nishit Patel,EQ-INDX,4,16563.0,0.35,Open Ended,26-Feb-02,NIFTY 50 - TRI,236.87,265.20,225.04,-2.44,-7.05,-10.58,-4.89,2.75,8.92,9.33,11.77,19.99,3.02,6,50,532275,99.28,0.67,-,Financials,-,-,-,-0.03,0.11,0.19,1.00,12.15,Equity : Index Funds,Nil
ICICI Pru Nifty 500 Index Fund-Reg(G),Nishit Patel,EQ-INDX,Unrated,85.6,0.69,Open Ended,20-Dec-24,NIFTY 500 - TRI,10.06,10.79,9.19,-1.06,-3.32,-6.46,-1.84,-,-,-,-,21.98,3.21,16,504,202424,69.4,19.76,10.21,Financials,-,-,-,-0.09,-0.05,-0.09,0.99,-,Equity : Index Funds,Nil
ICICI Pru Nifty Alpha Low - Volatility 30 ETF,Nishit Patel,EQ-ETF,Unrated,1498.2,0.36,Open Ended,12-Aug-20,NIFTY Alpha Low-Volatility 30 - TRI,26.15,28.54,24.71,-1.30,-6.73,-6.21,-3.83,-1.91,11.85,11.20,-,33.13,4.41,82,30,263767,86.72,13.28,-,Financials,-,-,-,-0.05,0.16,0.27,1.00,14.47,Equity : ETFs,null
ICICI Pru Nifty Alpha Low - Volatility 30 ETF FOF(G),Nishit Patel,FOF-DOM,Unrated,798.2,0.38,Open Ended,20-Sep-21,NIFTY Alpha Low-Volatility 30 - TRI,14.01,15.23,13.20,-1.41,-7.29,-6.52,-4.50,-2.45,11.35,-,-,-,-,-,-,-,-,-,-,-,-,-,-,-0.10,0.15,0.25,0.99,14.34,FoFs : Domestic,Nil
ICICI Pru Nifty Auto ETF,Nishit Patel,EQ-ETF,Unrated,186.7,0.73,Open Ended,12-Jan-22,NIFTY AUTO - TRI,26.87,29.72,23.74,0.03,-7.91,-7.29,12.00,6.33,22.74,-,-,13.78,4.22,73,15,199135,80.7,17.88,1.42,Automobile and Ancillaries,-,-,-,-0.01,0.29,0.52,1.00,18.35,Equity : ETFs,null
ICICI Pru Nifty Auto Index Fund-Reg(G),Nishit Patel,EQ-AUTO,Unrated,215.3,0.84,Open Ended,11-Oct-22,NIFTY AUTO - TRI,20.56,22.80,18.30,-0.03,-8.05,-7.60,11.15,5.51,21.70,-,-,13.78,4.22,25,15,199190,80.7,17.85,1.42,Automobile and Ancillaries,-,-,-,-0.08,0.28,0.49,0.99,18.25,Equity : Sectoral - Auto,Nil
ICICI Pru Nifty Bank ETF,Nishit Patel,EQ-ETF,Unrated,2861.1,0.30,Open Ended,10-Jul-19,NIFTY BANK - TRI,55.00,62.96,51.41,-2.08,-11.27,-10.07,-3.20,5.21,7.50,9.37,-,14.17,1.65,30,14,330019,76.17,23.83,-,Financials,-,-,5.27,-0.01,0.05,0.08,1.00,14.74,Equity : ETFs,null
ICICI Pru Nifty Bank Index Fund-Reg(G),Nishit Patel,EQ-INDX,Unrated,716.9,0.64,Open Ended,02-Mar-22,NIFTY BANK - TRI,15.03,17.23,14.07,-2.13,-11.40,-10.34,-3.80,4.50,6.73,-,-,14.17,1.65,29,14,330019,76.14,23.82,-,Financials,-,-,-,-0.07,0.04,0.06,1.00,14.75,Equity : Index Funds,Nil
ICICI Pru Nifty Commodities ETF,Nishit Patel,EQ-THEM,Unrated,134.5,0.26,Open Ended,15-Dec-22,NIFTY COMMODITIES - TRI,103.94,106.79,85.87,0.01,2.93,11.17,20.19,7.95,21.09,-,-,16.53,2.30,55,34,158969,81.03,15.34,-,Energy,-,-,-,-0.02,0.28,0.58,1.00,15.58,Equity : Thematic,null
ICICI Pru Nifty EV & New Age Automotive ETF,Nishit Patel,EQ-ETF,Unrated,55.0,0.38,Open Ended,07-Apr-25,Nifty EV and New Age Automotive - TRI,30.67,32.10,26.36,1.02,-2.00,-3.72,4.17,-,-,-,-,24.16,4.33,47,38,90431,44.48,29.67,25.84,Automobile and Ancillaries,-,-,-,-0.05,0.14,0.26,1.00,-,Equity : ETFs,null
ICICI Pru Nifty EV & New Age Automotive ETF FOF-Reg(G),Nishit Patel,FOF-DOM,Unrated,36.9,0.50,Open Ended,17-Apr-25,Nifty EV and New Age Automotive - TRI,11.56,12.38,9.94,-0.11,-1.81,-3.85,3.62,-,-,-,-,-,-,-,-,-,-,-,-,-,-,-,-,-0.11,0.08,0.14,0.96,-,FoFs : Domestic,NIL
ICICI Pru Nifty Financial Services Ex-Bank ETF,Nishit Patel,EQ-ETF,Unrated,273.0,0.17,Open Ended,25-Nov-22,Nifty Financial Services Ex-Bank - TRI,30.83,33.06,27.54,-1.10,-2.70,-4.98,5.04,15.67,20.04,-,-,24.23,3.27,37,30,147019,68.99,25.27,5.73,Financials,-,-,-,-0.02,0.29,0.58,1.00,16.21,Equity : ETFs,null
ICICI Pru Nifty FMCG ETF,Nishit Patel,EQ-ETF,Unrated,809.1,0.17,Open Ended,05-Aug-21,NIFTY FMCG - TRI,52.05,60.93,48.70,-5.41,-5.55,-12.91,-12.10,-3.78,-0.46,-,-,33.89,8.50,38,15,223496,81.5,17.67,0.83,FMCG,-,-,-,-0.01,-0.05,-0.10,1.00,14.57,Equity : ETFs,null
ICICI Pru Nifty G-Sec Dec 2030 Index Fund-Reg(G),Darshil Dedhia,DT-M&LD,Unrated,814.9,0.28,Open Ended,11-Oct-22,Nifty G-Sec Dec 2030 Index,13.09,13.09,12.62,1.01,0.26,1.64,2.93,7.28,6.97,-,-,-,-,0,-,-,-,-,-,-,4.47,3.59,6.96,0.07,0.09,0.18,0.74,2.03,Debt : Medium to Long Duration,Nil
ICICI Pru Nifty Healthcare ETF,Nishit Patel,EQ-ETF,Unrated,166.9,0.13,Open Ended,18-May-21,Nifty Healthcare Index - TRI,155.57,162.99,141.03,2.35,2.65,2.71,10.46,13.95,22.61,12.90,-,38.98,4.90,54,20,123105,54.81,43.31,1.88,Healthcare,-,-,-,-0.01,0.36,0.81,1.00,14.70,Equity : ETFs,null
ICICI Pru Nifty India Consumption ETF,Nishit Patel,EQ-ETF,Unrated,55.8,0.17,Open Ended,28-Oct-21,Nifty India Consumption - TRI,115.36,130.41,106.70,-2.85,-3.88,-10.98,-2.12,3.99,12.22,-,-,38.08,7.06,42,30,276187,91.35,8.64,-,FMCG,-,-,-,-0.02,0.17,0.30,1.00,14.35,Equity : ETFs,null
ICICI Pru Nifty Infrastructure ETF,Nishit Patel,EQ-ETF,Unrated,409.5,0.42,Open Ended,17-Aug-22,Nifty Infrastructure - TRI,94.75,100.25,87.88,-1.86,-3.08,-4.10,3.35,3.49,19.40,-,-,23.15,3.09,34,30,430724,88.98,11.01,-,Energy,-,-,-,-0.04,0.26,0.51,1.00,15.46,Equity : ETFs,null
ICICI Pru Nifty IT ETF,Nishit Patel,EQ-ETF,Unrated,449.7,0.47,Open Ended,17-Aug-20,NIFTY IT - TRI,34.50,43.34,30.24,2.04,-1.93,-19.68,-18.20,-0.06,4.03,4.85,-,20.21,4.84,47,10,283989,82.32,17.54,-,Technology,-,-,-,-0.01,0.02,0.03,1.00,22.69,Equity : ETFs,null
ICICI Pru Nifty IT Index Fund-Reg(G),Nishit Patel,EQ-INDX,Unrated,440.0,0.75,Open Ended,18-Aug-22,NIFTY IT - TRI,10.81,13.63,9.48,1.98,-2.12,-19.98,-18.82,-0.77,3.26,-,-,20.21,4.84,38,10,284009,82.41,17.55,-,Technology,-,-,-,-0.08,0.01,0.01,1.00,22.67,Equity : Index Funds,Nil
ICICI Pru Nifty LargeMidcap 250 Index Fund-Reg(G),Nishit Patel,EQ-INDX,Unrated,261.6,0.60,Open Ended,13-Mar-24,NIFTY LargeMidcap 250 - TRI,11.98,12.64,10.80,-0.36,-2.02,-4.73,0.82,4.73,-,-,-,23.49,3.43,19,254,160420,53.23,44.63,1.8,Financials,-,-,-,-0.07,0.06,0.11,1.00,-,Equity : Index Funds,Nil
ICICI Pru Nifty Metal ETF,Nishit Patel,EQ-ETF,Unrated,1063.3,0.34,Open Ended,14-Aug-24,NIFTY METAL - TRI,13.63,13.79,9.04,5.23,10.54,30.66,47.70,-,-,-,-,19.50,2.88,64,19,58459,68.32,20.91,1.8,Metals,-,-,-,-0.03,0.27,0.55,1.00,-,Equity : ETFs,null
ICICI Pru Nifty Midcap 150 ETF,Nishit Patel,EQ-ETF,Unrated,692.5,0.13,Open Ended,24-Jan-20,Nifty Midcap 150 - TRI,23.04,23.63,20.06,1.24,1.94,-0.28,5.96,7.97,21.18,18.41,-,28.44,3.87,28,150,68097,11.58,84.87,3.55,Financials,-,-,-,-0.01,0.29,0.55,1.00,16.68,Equity : ETFs,null
ICICI Pru Nifty Midcap 150 Index Fund-Reg(G),Nishit Patel,EQ-INDX,Unrated,1036.0,0.86,Open Ended,22-Dec-21,Nifty Midcap 150 - TRI,19.32,19.82,16.85,1.15,1.69,-0.75,4.99,6.96,19.99,-,-,28.43,3.86,34,150,68110,11.58,84.85,3.54,Financials,-,-,-,-0.09,0.28,0.52,1.00,16.58,Equity : Index Funds,Nil
ICICI Pru Nifty Next 50 ETF,Nishit Patel,EQ-ETF,Unrated,2422.0,0.09,Open Ended,23-Aug-18,NIFTY NEXT 50 - TRI,73.87,75.80,63.54,0.43,0.55,1.37,5.70,2.70,19.12,13.62,-,19.51,3.34,26,54,98957,84.47,12.16,-,Financials,-,-,-,-,0.24,0.44,1.00,17.92,Equity : ETFs,null
ICICI Pru Nifty Next 50 Index Fund(G),Nishit Patel,EQ-INDX,4,8900.3,0.59,Open Ended,25-Jun-10,NIFTY NEXT 50 - TRI,61.61,63.23,53.06,0.38,0.37,1.04,4.95,1.86,18.26,12.81,13.72,19.51,3.34,25,54,98922,84.43,12.16,-,Financials,-,-,-,-0.07,0.23,0.42,1.00,17.93,Equity : Index Funds,Nil
ICICI Pru Nifty Oil & Gas ETF,Nishit Patel,EQ-ETF,Unrated,291.6,0.34,Open Ended,19-Jul-24,NIFTY OIL & GAS - TRI,11.29,12.50,10.85,-4.62,-8.97,-7.14,-1.51,-,-,-,-,9.77,1.45,54,15,290234,75.59,16.39,6.69,Energy,-,-,-,-0.03,-0.16,-0.26,1.00,-,Equity : ETFs,null
ICICI Pru Nifty Pharma Index Fund-Reg(G),Nishit Patel,EQ-PHRM,Unrated,113.4,0.89,Open Ended,14-Dec-22,NIFTY PHARMA - TRI,18.15,18.82,16.21,3.97,5.17,5.44,12.46,12.43,22.16,-,-,35.78,4.43,25,20,122262,55.55,38.25,6.14,Healthcare,-,-,-,-0.11,0.34,0.78,0.99,14.88,Equity : Sectoral - Pharma,Nil
ICICI Pru Nifty Private Bank ETF,Nishit Patel,EQ-ETF,Unrated,2852.2,0.13,Open Ended,09-Aug-19,Nifty Private Bank - TRI,26.17,29.38,24.30,-0.82,-8.95,-9.43,-5.08,3.93,5.57,7.46,-,17.74,1.89,33,10,399385,80.77,16.3,2.93,Financials,-,-,3.14,-0.01,0.01,0.02,1.00,14.63,Equity : ETFs,null
ICICI Pru Nifty Private Bank Index Fund-Reg(G),Nishit Patel,EQ-INDX,Unrated,24.8,0.77,Open Ended,17-Jul-25,Nifty Private Bank - TRI,9.26,10.42,8.63,-0.92,-9.09,-9.75,-,-,-,-,-,17.74,1.89,81,10,399408,80.64,16.27,2.92,Financials,-,-,-,-,-,-,-,-,Equity : Index Funds,NIL
ICICI Pru Nifty PSU Bank ETF,Nishit Patel,EQ-ETF,Unrated,123.5,0.34,Open Ended,15-Mar-23,NIFTY PSU BANK - TRI,81.73,99.81,68.24,-5.08,-18.06,-5.76,15.05,4.72,25.70,-,-,8.34,1.21,67,12,227085,87.35,12.34,0.3,Financials,-,-,-,-0.03,0.25,0.53,1.00,23.16,Equity : ETFs,null
ICICI Pru Nifty PSU Bond Plus SDL Sep 2027 40:60 Index Fund-Reg(G),Darshil Dedhia,DT-M&LD,Unrated,8760.2,0.32,Open Ended,28-Sep-21,Nifty PSU Bond Plus SDL Sep 2027 40:60 Index,12.98,12.98,12.39,0.15,0.75,1.99,4.74,7.16,6.91,-,-,-,-,0,-,-,-,-,-,-,1.26,1.15,6.88,0.05,0.14,0.19,0.33,1.00,Debt : Medium to Long Duration,Nil
ICICI Pru Nifty SDL Dec 2028 Index Fund-Reg(G),Darshil Dedhia,DT-M&LD,Unrated,828.4,0.31,Open Ended,12-Oct-22,Nifty SDL Dec 2028 Index,13.02,13.07,12.57,0.21,-0.01,1.29,3.40,7.11,6.94,-,-,-,-,0,-,-,-,-,-,-,2.55,2.22,7.13,0.06,0.08,0.16,0.56,1.71,Debt : Medium to Long Duration,Nil
ICICI Pru Nifty SDL Sep 2026 Index Fund-Reg(G),Darshil Dedhia,DT-M&LD,Unrated,256.7,0.34,Open Ended,21-Dec-22,Nifty SDL Sep 2026 Index,12.64,12.64,11.98,0.41,1.28,2.62,5.53,7.01,6.86,-,-,-,-,0,-,-,-,-,-,-,0.24,0.23,5.51,0.03,0.18,0.14,0.19,0.63,Debt : Medium to Long Duration,Nil
ICICI Pru Nifty SDL Sep 2027 Index Fund-Reg(G),Darshil Dedhia,DT-M&LD,Unrated,1449.1,0.25,Open Ended,24-Mar-22,Nifty SDL Sep 2027 Index,12.92,12.92,12.33,0.16,0.74,2.15,4.76,7.27,7.05,-,-,-,-,0,-,-,-,-,-,-,1.28,1.19,6.57,0.06,0.17,0.23,0.34,1.06,Debt : Medium to Long Duration,Nil
ICICI Pru Nifty Smallcap 250 Index Fund(G),Nishit Patel,EQ-INDX,Unrated,676.9,0.76,Open Ended,02-Nov-21,Nifty Smallcap 250 - TRI,16.90,18.06,14.23,0.70,5.88,0.12,-0.32,3.50,18.28,-,-,29.87,3.11,37,250,19939,-,7.04,92.5,Financials,-,-,-,-0.09,0.21,0.40,1.00,20.30,Equity : Index Funds,Nil
ICICI Pru Nifty Top 15 Equal Weight ETF,Nishit Patel,EQ-ETF,Unrated,10.8,0.30,Open Ended,26-Jun-25,Nifty Top 15 Equal Weight - TRI,9.53,11.13,9.17,-3.96,-10.38,-14.71,-,-,-,-,-,20.72,3.32,80,15,648373,99.98,-,-,Financials,-,-,-,-,-,-,-,-,Equity : ETFs,null
ICICI Pru Nifty Top 15 Equal Weight Index Fund-Reg(G),Nishit Patel,EQ-INDX,Unrated,25.6,0.72,Open Ended,26-Jun-25,Nifty Top 15 Equal Weight - TRI,9.06,10.59,8.72,-4.00,-10.29,-14.81,-,-,-,-,-,20.72,3.32,55,15,648338,99.98,-,-,Financials,-,-,-,-,-,-,-,-,Equity : Index Funds,NIL
ICICI Pru Nifty200 Quality 30 Index Fund-Reg(G),Nishit Patel,EQ-INDX,Unrated,24.9,0.68,Open Ended,09-Jun-25,NIFTY200 Quality 30 - TRI,9.75,10.43,8.78,-0.77,-0.74,-6.33,-,-,-,-,-,29.37,8.62,28,30,178898,73.51,23.84,2.56,FMCG,-,-,-,-,-,-,-,-,Equity : Index Funds,NIL
ICICI Pru Nifty200 Value 30 ETF,Nishit Patel,EQ-ETF,Unrated,50.7,0.26,Open Ended,17-Oct-24,Nifty200 Value 30 - TRI,15.62,16.55,12.56,-0.96,-4.51,9.17,21.36,-,-,-,-,7.86,1.45,32,34,116383,78.74,16.43,1.08,Energy,-,-,-,-0.02,0.14,0.24,1.00,-,Equity : ETFs,null
ICICI Pru Nifty200 Value 30 Index Fund-Reg(G),Nishit Patel,EQ-INDX,Unrated,230.3,0.74,Open Ended,18-Oct-24,Nifty200 Value 30 - TRI,11.21,11.86,9.05,-1.09,-4.45,8.90,20.63,-,-,-,-,7.86,1.45,40,34,116485,78.71,16.42,1.08,Energy,-,-,-,-0.08,0.13,0.23,0.99,-,Equity : Index Funds,Nil
ICICI Pru Nifty50 Equal Weight Index Fund-Reg(G),Nishit Patel,EQ-INDX,Unrated,241.8,0.85,Open Ended,03-Oct-22,NIFTY50 Equal Weight - TRI,16.44,17.21,15.05,-0.36,-2.96,-3.44,3.82,6.38,14.19,-,-,19.20,3.34,31,50,302632,98.16,1.91,-,Financials,-,-,-,-0.09,0.22,0.39,1.00,12.58,Equity : Index Funds,Nil
ICICI Pru Nifty50 Value 20 ETF,Nishit Patel,EQ-ETF,Unrated,185.8,0.21,Open Ended,17-Jun-16,Nifty50 Value 20 - TRI,13.81,15.29,13.25,-2.28,-7.03,-8.74,-5.27,0.52,9.40,11.03,-,13.87,2.55,34,20,451743,99.97,-,-,Financials,-,-,-,-0.03,0.12,0.22,1.00,12.82,Equity : ETFs,null
ICICI Pru Nifty50 Value 20 Index Fund-Reg(G),Nishit Patel,EQ-INDX,Unrated,99.2,0.54,Open Ended,02-Feb-24,Nifty50 Value 20 - TRI,10.17,11.28,9.76,-2.32,-7.15,-8.96,-5.71,-0.01,-,-,-,13.87,2.55,36,20,451759,99.97,-,-,Financials,-,-,-,-0.07,-0.10,-0.17,1.00,-,Equity : Index Funds,Nil
ICICI Pru Overnight Fund(G),Nikhil Kabra,DT-ON,3,11368.9,0.18,Open Ended,15-Nov-18,CRISIL Liquid Overnight Index,1455.06,1455.06,1382.27,0.43,1.28,2.55,5.28,5.85,6.14,5.50,-,-,-,0,-,-,-,-,-,-,0.01,0.01,5.32,0.01,-0.77,-0.19,0.96,0.19,Debt : Overnight,Nil
ICICI Pru Passive Multi-Asset FoF(G),Manish Banthia,FOF-DOM,Unrated,1538.3,0.49,Open Ended,14-Jan-22,CRISIL Hybrid 50+50 - Moderate Index,16.27,16.73,14.77,-0.83,-1.92,0.89,10.25,11.54,13.55,-,-,-,-,-,1,-,-,-,-,-,-,-,-,0.47,0.35,0.62,0.43,6.32,FoFs : Domestic,1% on or before 12M Nil after 12M
ICICI Pru Pharma Healthcare & Diagnostics (P.H.D) Fund-(G),Dharmesh Kakkad,EQ-PHRM,4,6668.9,2.41,Open Ended,13-Jul-18,BSE Health Care - TRI,40.86,42.07,36.38,2.53,6.38,1.79,6.36,15.36,26.15,15.18,-,34.99,3.89,58,38,46789,31.92,26.51,38.32,Healthcare,-,-,-,1.48,0.42,0.94,0.72,14.73,Equity : Sectoral - Pharma,1% on or before 15D Nil after 15D
ICICI Pru PSU Equity Fund-Reg(G),Antariksha Banerjee,EQ-INDX,Unrated,1975.0,2.38,Open Ended,12-Sep-22,BSE PSU - TRI,21.57,23.02,19.60,-3.69,-5.21,2.36,5.35,2.27,24.65,-,-,11.43,1.78,86,43,175898,62.44,19.81,9.87,Energy,-,-,-,1.16,0.30,0.69,1.06,18.44,Equity : Index Funds,1% on or before 1M Nil after 1M
ICICI Pru Quality Fund-Reg(G),Ihab Dalwai,EQ-THEM,Unrated,2169.9,2.95,Open Ended,23-May-25,NIFTY200 Quality 30 - TRI,9.98,10.68,9.29,-0.80,-3.02,-6.23,-1.00,-,-,-,-,29.82,5.15,138,57,166515,65.89,11.3,15.48,Financials,-,-,-,-0.08,-0.13,-0.21,0.78,-,Equity : Thematic,1% on or before 12M Nil after 12M
ICICI Pru Quant Fund(G),Roshan Chutkey,EQ-THEM,Unrated,149.9,2.45,Open Ended,11-Dec-20,BSE 200 - TRI,22.13,23.63,20.61,-0.99,-3.98,-6.23,-1.88,5.04,13.43,11.60,-,22.05,4.25,166,54,177956,67.75,22.57,5.72,Financials,-,-,-,0.36,0.22,0.40,0.89,11.37,Equity : Thematic,1% on or before 3M Nil after 3M
ICICI Pru Regular Savings Fund-Reg(G),Manish Banthia,HY-CON,3,3288.9,1.67,Open Ended,30-Mar-04,NIFTY 50 Hybrid Composite Debt 15:85 Index,77.74,78.16,74.97,0.22,0.07,-0.25,3.52,6.96,9.07,8.28,9.16,22.82,3.26,93,63,103601,13.63,2.58,6.45,Financials,4.82,2.49,8.03,0.26,0.27,0.55,0.58,3.16,Hybrid : Conservative Hybrid,Nil on 30% of units within 1Y and 1% for more than 30% of units within 1Y Nil after 1Y
ICICI Pru Retirement Fund-Hybrid Aggressive Plan(G),Manasvi Shah,HY-AGR,3,1156.5,2.31,Open Ended,27-Feb-19,CRISIL Hybrid 35+65 - Aggressive Index,27.25,27.67,24.66,0.82,0.59,0.15,9.63,8.31,19.68,15.66,-,-,-,88,80,90437,45.58,15,18.37,Financials,6.01,2.48,6.99,0.61,0.32,0.64,1.37,12.84,Hybrid : Aggressive Hybrid,Nil
ICICI Pru Retirement Fund-Hybrid Cons Plan(G),Manasvi Shah,HY-CON,Unrated,90.0,2.13,Open Ended,27-Feb-19,NIFTY 50 Hybrid Composite Debt 15:85 Index,17.89,18.10,17.04,0.17,-0.88,0.15,5.03,6.57,9.94,7.81,-,-,-,59,22,90634,14.02,3.07,2.7,Metals,8.64,4.04,7.16,0.21,0.28,0.57,0.31,4.11,Hybrid : Conservative Hybrid,Nil
ICICI Pru Retirement Fund-Pure Debt Plan(G),Darshil Dedhia,DT-DYN,1,82.2,2.14,Open Ended,27-Feb-19,NIFTY Composite Debt Index,15.42,15.44,15.05,0.21,-0.01,0.98,2.11,5.29,5.62,4.86,-,-,-,0,-,-,-,-,-,-,9.94,4.07,7.60,-0.09,-0.19,-0.34,0.04,1.29,Debt : Dynamic Bond,Nil
ICICI Pru Retirement Fund-Pure Equity Plan(G),Sanket Gaidhani,EQ-FLEX,4,1868.9,2.09,Open Ended,27-Feb-19,NIFTY 500 - TRI,33.85,35.00,30.59,-1.37,0.39,-0.88,9.20,9.11,22.29,20.91,-,-,-,48,99,100526,49.65,23.94,21.96,Financials,0.01,0.01,5.27,0.67,0.34,0.69,1.06,15.08,Equity : Flexi Cap,Nil
ICICI Pru Rural Opportunities Fund-Reg(G),Priyanka Khandelwal,EQ-THEM,Unrated,2104.4,2.15,Open Ended,28-Jan-25,Nifty Rural - TRI,10.48,11.77,10.05,-4.12,-8.80,-10.28,-3.59,-,-,-,-,22.89,3.84,91,47,243983,74.53,11.79,8.65,Financials,-,-,-,-0.14,0.07,0.11,0.94,-,Equity : Thematic,1% on or before 12M Nil after 12M
ICICI Pru Savings Fund(G),Nikhil Kabra,DT-LOWD,5,27700.3,0.58,Open Ended,27-Sep-02,NIFTY Low Duration Debt Index,573.45,573.45,542.13,0.23,1.05,2.35,5.83,7.11,7.32,6.43,7.04,-,-,0,-,-,-,-,-,-,1.31,0.94,7.46,0.07,0.39,0.26,0.19,0.58,Debt : Low Duration,Nil
ICICI Pru Short Term Fund(G),Manish Banthia,DT-SD,5,21449.6,1.05,Open Ended,25-Oct-01,Nifty Short Duration Debt Index,63.00,63.05,60.17,0.19,0.57,1.64,4.72,6.95,7.03,6.31,7.19,-,-,0,-,-,-,-,-,-,4.31,2.67,7.80,0.05,0.16,0.20,0.32,0.98,Debt : Short Duration,Nil
ICICI Pru Silver ETF,Gaurav Chikane,PM-ETF,Unrated,14714.8,0.34,Open Ended,24-Jan-22,Silver,262.69,375.38,100.95,9.72,-1.10,49.28,165.75,67.27,52.49,-,-,-,-,-,-,-,-,-,-,-,-,-,-,3.87,0.35,1.00,-0.10,37.89,Metal : ETFs,null
ICICI Pru Silver ETF FOF(G),Manish Banthia,FOF-DOM,Unrated,6276.9,0.56,Open Ended,01-Feb-22,Silver,39.45,55.34,15.45,9.75,-1.31,49.50,159.87,64.91,50.84,-,-,-,-,-,-,-,-,-,-,-,-,-,-,3.60,0.34,0.97,-2.50,36.79,FoFs : Domestic,1% on or before 15D Nil after 15D
ICICI Pru Smallcap Fund(G),Rajat Chandak,EQ-SML,3,8741.3,1.81,Open Ended,18-Oct-07,Nifty Smallcap 250 - TRI,85.22,90.14,74.45,0.14,0.82,-1.86,-0.81,2.66,13.07,15.56,16.09,23.05,2.48,100,133,16691,8.19,3.93,77.21,Automobile and Ancillaries,-,-,-,-0.17,0.18,0.35,0.76,16.10,Equity : Small Cap,1% on or before 1Y NIL after 1Y
ICICI Pru Strategic Metal and Energy Equity FoF-Reg(G),Sharmila Dmello,FOF-OVR,Unrated,292.2,1.48,Open Ended,02-Feb-22,NYSE Arca Gold Miners Index,29.01,30.58,17.15,-3.92,-3.13,25.95,74.86,41.01,31.51,-,-,-,-,-,-,-,-,-,-,-,-,-,-,2.05,0.36,0.91,-0.14,19.24,FoFs : Overseas,1% on or before 1Y Nil after 1Y
ICICI Pru Technology Fund(G),Vaibhav Dusad,EQ-TECH,Unrated,13067.6,2.10,Open Ended,03-Mar-00,BSE TECk Index - TRI,172.95,215.48,161.10,1.81,-0.17,-16.28,-12.31,-0.21,8.23,7.99,15.07,27.27,4.42,87,67,108983,46.02,18.46,22.76,Technology,-,-,-,0.05,0.09,0.16,1.07,18.67,Equity : Sectoral - Technology,1% on or before 15D NIL after 15D
ICICI Pru Transportation and Logistics Fund-Reg(G),Rajat Chandak,EQ-AUTO,Unrated,2864.4,2.01,Open Ended,28-Oct-22,Nifty Transportation & Logistics - TRI,19.69,21.49,17.80,-0.10,-5.54,-7.20,9.14,7.82,21.25,-,-,24.34,5.15,52,43,101095,66.51,10.42,19.72,Automobile and Ancillaries,-,-,-,0.10,0.29,0.50,0.91,16.45,Equity : Sectoral - Auto,1% on or before 1M Nil after 1M
ICICI Pru Ultra Short Term Fund Fund(G),Manish Banthia,DT-USD,5,15929.1,0.77,Open Ended,03-May-11,NIFTY Ultra Short Duration Debt Index,29.21,29.21,27.59,0.31,1.34,2.64,5.96,6.77,6.89,6.09,6.74,-,-,0,9,-,-,-,-,-,0.54,0.45,7.12,0.03,0.26,0.12,0.12,0.40,Debt : Ultra Short Duration,Nil
ICICI Pru US Bluechip Equity Fund(G),Ritesh Lunawat,EQ-INTL,Unrated,3607.4,1.93,Open Ended,06-Jul-12,S&P 500 ,75.65,76.55,60.75,2.74,0.30,6.85,25.48,11.63,14.92,11.93,14.50,-,-,68,60,-,-,-,-,-,-,-,-,-0.20,0.20,0.37,0.82,14.19,Equity : International,1% on or before 1M Nil after 1M
ICICI Pru Value Fund(G),Sankaran Naren,EQ-VAL,4,59588.3,1.64,Open Ended,16-Aug-04,NIFTY 500 - TRI,453.38,501.10,436.19,-2.16,-6.79,-9.31,-2.50,6.05,16.10,16.49,14.83,16.12,2.83,87,63,361839,82.95,4.91,5.41,Financials,-,-,-,0.32,0.28,0.53,0.77,11.32,Equity : Value / Contra,1% on or before 12M Nil after 12M
Invesco India - Invesco EQQQ NASDAQ-100 ETF FoF-Reg(G),Abhisek Bahinipati,FOF-OVR,Unrated,445.0,0.59,Open Ended,21-Apr-22,Nasdaq-100 - TRI,27.06,27.06,17.24,11.79,26.58,26.77,57.18,37.97,34.17,-,-,-,-,-,-,-,-,-,-,-,-,-,-,2.12,0.44,0.88,0.46,18.48,FoFs : Overseas,Nil
Invesco India - Invesco Global Consumer Trends FoF-Reg(G),Sagar Gandhi,FOF-OVR,Unrated,549.5,1.25,Open Ended,24-Dec-20,MSCI World Consumer Discretionary Index - Net Dividend,14.46,14.46,9.81,15.70,29.08,20.86,45.33,39.48,29.57,5.82,-,-,-,-,-,-,-,-,-,-,-,-,-,1.83,0.27,0.52,0.53,26.67,FoFs : Overseas,Nil upto 10% of units and 1% for above the limits on or before 1Y Nil after 1Y
Invesco India - Invesco Global Equity Income FoF-Reg(G),Sagar Gandhi,FOF-OVR,Unrated,240.6,1.15,Open Ended,05-May-14,MSCI World Index-Net Dividend,37.66,37.67,28.57,4.52,9.98,20.54,31.90,25.10,23.87,16.81,13.43,-,-,-,1,-,-,-,-,-,-,-,-,1.22,0.36,0.81,0.47,13.53,FoFs : Overseas,Nil upto 10% of units and 1% for above the limits on or before 1Y Nil after 1Y
Invesco India - Invesco Pan European Equity FoF-Reg(G),Sagar Gandhi,FOF-OVR,Unrated,166.3,0.73,Open Ended,31-Jan-14,MSCI Europe Index (Total Return Net),25.96,26.05,18.74,6.14,5.37,23.02,38.68,22.76,20.06,14.10,10.90,-,-,-,1,-,-,-,-,-,-,-,-,0.94,0.25,0.51,0.41,15.46,FoFs : Overseas,Nil upto 10% of units and 1% for above the limits on or before 1Y Nil after 1Y
Invesco India Aggressive Hybrid Fund-Reg(G),Hiten Jain,HY-AGR,3,762.4,1.98,Open Ended,30-Jun-18,CRISIL Hybrid 35+65 - Aggressive Index,20.65,22.96,19.50,-1.20,-4.95,-9.99,-8.51,1.88,10.88,9.43,-,27.58,3.69,61,47,171145,47.35,9.8,12.63,Financials,1.70,1.47,7.43,-0.02,0.15,0.27,1.24,11.71,Hybrid : Aggressive Hybrid,Nil upto 10% of units and 1% for above the limits on or before 1Y Nil after 1Y
Invesco India Arbitrage Fund-Reg(G),Deepak Gupta,HY-ARB,3,27320.7,0.91,Open Ended,30-Apr-07,Nifty 50 Arbitrage,33.55,33.59,31.74,0.37,1.24,2.82,5.86,6.41,6.85,6.13,5.76,19.60,2.99,1674,166,204622,44.44,18.84,2.24,Financials,0.52,0.50,6.55,-0.02,0.16,0.09,0.51,0.44,Hybrid : Arbitrage,0.50% on or before 15D Nil after 15D
Invesco India Balanced Advantage Fund-Reg(G),Amey Sathe,HY-DYN,2,1024.3,1.80,Open Ended,04-Oct-07,NIFTY 50 Hybrid Composite Debt 50:50 Index,51.25,55.19,49.18,-0.58,-3.51,-7.36,-3.40,2.45,9.03,7.95,9.06,26.33,3.25,153,39,352515,61.56,6.2,2.85,Financials,2.17,1.74,6.79,0.04,0.13,0.22,0.64,8.38,Hybrid : Dynamic Asset Allocation,Nil upto 10% of units and 0.25% for above the limits on or before 3M Nil after 3M
Invesco India Banking and PSU Fund-Reg(G),Vikas Garg,DT-B&PSU,3,96.2,0.54,Open Ended,29-Dec-12,NIFTY Banking and PSU Debt Index,2346.36,2349.50,2270.34,0.23,0.04,0.96,2.93,6.35,6.46,5.13,6.25,-,-,0,-,-,-,-,-,-,4.02,2.94,7.26,0.02,-,-,0.50,1.43,Debt : Banking & PSU,NIL
Invesco India BSE Sensex Index Fund-Reg(G),Abhisek Bahinipati,EQ-INDX,Unrated,-,-,Open Ended,13-May-26,BSE SENSEX - TRI,9.75,10.00,9.71,-,-,-,-,-,-,-,-,-,-,-,-,-,-,-,-,-,-,-,-,-,-,-,-,-,Equity : Index Funds,Nil
Invesco India Business Cycle Fund-Reg(G),Aditya Khemani,EQ-THEM,Unrated,1015.7,1.92,Open Ended,27-Feb-25,NIFTY 500 - TRI,13.03,13.22,10.93,2.70,3.93,0.31,12.32,-,-,-,-,48.07,4.73,12,35,56244,26.04,37.32,31.27,Financials,-,-,-,0.97,0.28,0.55,1.20,-,Equity : Thematic,0.50% on or before 3M Nil after 3M
Invesco India Consumption Fund-Reg(G),Manish Poddar,EQ-CONS,Unrated,529.5,2.09,Open Ended,27-Oct-25,Nifty India Consumption - TRI,9.58,10.02,8.40,0.96,1.07,-3.85,-,-,-,-,-,59.23,8.11,-,37,59548,36.18,18.93,44.11,Retail and Other Services,-,-,-,-,-,-,-,-,Equity : Thematic - Consumption,0.50% on or before 3M Nil after 3M
Invesco India Contra Fund-Reg(G),Taher Badshah,EQ-VAL,3,19405.6,1.42,Open Ended,11-Apr-07,BSE 500 - TRI,127.54,139.91,116.54,-0.65,-3.94,-8.67,-3.92,4.31,15.63,13.30,15.24,27.44,3.44,57,70,143365,57.13,22.7,17.82,Financials,-,-,-,0.49,0.22,0.40,1.10,14.55,Equity : Value / Contra,Nil upto 10% of units and 1% for above the limits on or before 1Y Nil after 1Y
Invesco India Corporate Bond Fund-Reg(G),Vikas Garg,DT-CORP,3,5493.5,0.55,Open Ended,02-Aug-07,NIFTY Corporate Bond Index,3292.35,3295.02,3183.41,0.24,0.06,0.76,3.07,6.51,6.58,5.59,6.62,-,-,0,-,-,-,-,-,-,4.12,3.13,7.53,0.02,0.02,0.04,0.48,1.40,Debt : Corporate Bond,Nil
Invesco India Credit Risk Fund-Reg(G),Vikas Garg,DT-CR,3,159.5,1.24,Open Ended,04-Sep-14,NIFTY Credit Risk Bond Index,2038.86,2038.86,1930.30,0.34,2.00,3.09,5.36,8.10,8.05,6.95,5.64,-,-,0,1,132,-,-,-,Textile,2.31,1.84,7.20,0.13,0.23,0.47,0.36,1.81,Debt : Credit Risk,1% on or before 1Y NIL after 1Y
Invesco India ELSS Tax Saver Fund-Reg(G),Deepesh Kashyap,EQ-ELSS,3,2541.7,1.71,Open Ended,29-Dec-06,BSE 500 - TRI,116.00,129.74,104.28,-0.43,-2.04,-8.98,-7.27,1.96,12.26,9.53,12.57,33.56,4.12,89,67,95238,46.62,25.89,26.14,Financials,-,-,-,0.25,0.16,0.28,1.11,15.36,Equity : Tax Saving (ELSS),Nil
Invesco India Equity Savings Fund-Reg(G),Amey Sathe,HY-EQS,1,330.5,2.07,Open Ended,07-Mar-19,NIFTY 50 Equity Savings Index,16.28,17.12,15.83,-0.08,-1.51,-4.34,-3.84,2.93,7.76,6.28,-,22.23,2.82,414,50,283956,51.87,9.99,5.14,Financials,3.09,2.35,6.90,0.30,0.11,0.21,5.00,6.07,Hybrid : Equity Savings,0.25% on or before 1M Nil after 1M
Invesco India ESG Integration Strategy Fund-Reg(G),Taher Badshah,EQ-THEM,Unrated,375.9,2.10,Open Ended,20-Mar-21,NIFTY100 ESG - TRI,15.77,18.17,14.37,-0.06,-3.62,-11.51,-11.10,-0.19,8.57,8.08,-,28.76,4.06,51,40,181610,77.36,5.27,16.72,Financials,-,-,-,-0.27,0.09,0.16,0.98,14.08,Equity : Thematic,Nil upto 10% of units and 1% for remaining units on or before 1Y Nil after 1Y
Invesco India Financial Services Fund-Reg(G),Hiten Jain,EQ-FIN,2,1673.1,1.79,Open Ended,14-Jul-08,Nifty Financial Services - TRI,138.85,149.33,127.13,-0.91,-4.66,-4.79,3.37,10.57,17.12,13.71,15.15,19.82,2.62,28,29,157908,61.01,17.61,19.8,Financials,-,-,-,0.66,0.24,0.45,0.86,14.35,Equity : Sectoral - Financial Services,Nil upto 10% of units and 1% for above the limits on or before 1Y Nil after 1Y
Invesco India Flexi Cap Fund-Reg(G),Taher Badshah,EQ-FLEX,Unrated,4815.8,1.61,Open Ended,14-Feb-22,BSE 500 - TRI,17.89,19.60,15.75,0.56,-0.11,-7.72,-2.73,5.89,17.12,-,-,39.02,5.57,33,65,105222,48.31,28.28,21.59,Financials,-,-,-,0.60,0.23,0.40,1.13,16.15,Equity : Flexi Cap,Nil upto 10% of units and 1% for remaining units on or before 1Y Nil after 1Y
Invesco India Focused Fund-Reg(G),Taher Badshah,EQ-FOC,Unrated,5128.2,1.59,Open Ended,29-Sep-20,BSE 500 - TRI,26.29,28.96,22.83,1.08,2.71,-6.17,-7.00,4.35,20.02,14.78,-,37.36,4.97,30,21,133587,51.98,17.95,23.98,Financials,-,-,-,0.81,0.26,0.51,1.11,16.69,Equity : Focused,Nil upto 10% of units and 1% for remaining units on or before 1Y Nil after 1Y
Invesco India Gilt Fund-Reg(G),Vikas Garg,DT-GILT,Unrated,157.9,1.06,Open Ended,09-Feb-08,Nifty All Duration G-Sec Index,2823.47,2881.29,2754.00,0.02,-1.18,-0.10,-2.03,3.92,5.23,4.61,6.02,-,-,0,-,-,-,-,-,-,28.01,10.81,7.59,-0.04,-0.07,-0.14,1.20,3.56,Debt : Gilt,Nil
Invesco India Gold ETF,Abhisek Bahinipati,PM-ETF,Unrated,727.3,0.42,Open Ended,12-Mar-10,Gold-India,135.17,14873.70,127.47,3.32,-2.54,19.61,60.96,45.40,36.07,24.78,17.10,-,-,2,-,-,-,-,-,-,-,-,-,2.24,0.47,1.18,0.63,16.58,Metal : ETFs,Nil
Invesco India Gold ETF FoF-Reg(G),Abhisek Bahinipati,FOF-DOM,Unrated,479.3,0.47,Open Ended,05-Dec-11,Gold-India,43.25,49.15,27.24,2.84,-2.68,19.73,57.60,43.59,34.58,24.02,16.72,-,-,-,-,-,-,-,-,-,-,-,-,2.11,0.45,1.14,0.65,16.30,FoFs : Domestic,1% on or before 15D Nil after 15D
Invesco India Income Plus Arbitrage Active FoF-Reg(G),Vikas Garg,FOF-DOM,Unrated,231.3,0.37,Open Ended,21-Jul-25,NIFTY Composite Debt Index,1036.76,1036.86,1000.00,0.29,0.68,1.73,-,-,-,-,-,-,-,-,-,-,-,-,-,-,-,-,-,-,-,-,-,-,FoFs : Domestic,NIL
Invesco India Infrastructure Fund-Reg(G),Sagar Gandhi,EQ-INFRA,4,1456.9,1.82,Open Ended,24-Oct-07,BSE India Infrastructure Index - TRI,65.46,67.69,53.59,0.96,8.45,6.42,1.92,1.65,22.32,20.34,18.26,49.84,5.46,89,39,40109,28.85,17.61,51.55,Capital Goods,-,-,-,1.02,0.25,0.51,1.23,20.64,Equity : Sectoral - Infrastructure,Nil upto 10% of units and 1% for above the limits on or before 1Y Nil after 1Y
Invesco India Large & Mid Cap Fund-Reg(G),Aditya Khemani,EQ-L&M,2,9761.1,1.50,Open Ended,09-Aug-07,NIFTY LargeMidcap 250 - TRI,99.72,104.51,86.67,0.97,1.07,-3.92,3.61,11.42,21.70,16.69,15.85,45.49,5.03,32,44,82926,38.13,38.64,23.1,Financials,-,-,-,0.31,0.29,0.53,1.10,16.79,Equity : Large & Mid Cap,Nil upto 10% of units and 1% for above the limits on or before 1Y Nil after 1Y
Invesco India Largecap Fund-Reg(G),Hiten Jain,EQ-LC,3,1721.9,1.79,Open Ended,21-Aug-09,NIFTY 100 - TRI,67.80,72.11,61.13,-0.07,-2.19,-6.32,-1.16,5.12,13.79,11.98,12.42,30.88,4.49,59,49,224757,78.92,12.21,7.54,Financials,-,-,-,0.19,0.19,0.35,1.08,14.22,Equity : Large Cap,NIL
Invesco India Liquid Fund(G),Kunal Jain,DT-LIQ,2,16549.2,0.19,Open Ended,17-Nov-06,Nifty Liquid Fund Index,3791.66,3791.66,3572.88,0.50,1.67,3.14,6.15,6.70,6.88,6.06,6.04,-,-,0,-,-,-,-,-,-,0.10,0.10,6.15,0.02,0.22,0.06,0.28,0.25,Debt : Liquid,0.007% for Day 1 0.0065% on Day 2 0.0060% on Day 3 0.0055% on Day 4 0.0050% on Day 5 0.0045% on Day 6 NIL on or after 7D
Invesco India Low Duration Fund(G),Krishna Cheemalapati,DT-LOWD,4,1689.9,0.54,Open Ended,18-Jan-07,NIFTY Low Duration Debt Index,3975.33,3975.33,3773.23,0.23,1.05,2.23,5.40,6.71,6.80,5.88,6.51,-,-,0,-,-,-,-,-,-,0.92,0.85,7.16,0.04,0.16,0.11,0.74,0.54,Debt : Low Duration,Nil
Invesco India Manufacturing Fund-Reg(G),Nikhil Kale,EQ-THEM,Unrated,657.0,2.05,Open Ended,14-Aug-24,Nifty India Manufacturing - TRI,10.55,10.73,9.08,2.64,2.64,3.96,4.80,-,-,-,-,44.06,6.29,53,48,68249,46.96,17.66,34.05,Automobile and Ancillaries,-,-,-,-0.17,-0.03,-0.05,1.01,-,Equity : Thematic,0.50% on or before 3M Nil after 3M
Invesco India Medium Duration Fund-Reg(G),Vikas Garg,DT-MD,Unrated,167.3,0.98,Open Ended,16-Jul-21,NIFTY Medium Duration Debt Index,1273.95,1275.66,1239.33,0.22,-0.04,0.83,2.29,5.90,5.95,-,-,-,-,0,-,-,-,-,-,-,4.10,3.14,7.34,-0.02,-0.09,-0.18,0.56,1.49,Debt : Medium Duration,NIL
Invesco India Midcap Fund-Reg(G),Aditya Khemani,EQ-MID,3,11767.3,1.48,Open Ended,19-Apr-07,BSE 150 MidCap - TRI,182.03,188.63,156.46,1.12,1.99,-3.26,6.93,14.67,23.83,19.68,18.30,46.62,4.66,32,42,60961,18.94,58.67,22.24,Financials,-,-,-,1.12,0.31,0.56,1.18,18.07,Equity : Mid Cap,Nil upto 10% of units and 1% for above the limits on or before 1Y Nil after 1Y
Invesco India Money Market Fund(G),Krishna Cheemalapati,DT-MM,2,5938.4,0.36,Open Ended,28-Aug-09,Nifty Money Market Index,3207.25,3207.25,3038.02,0.25,1.15,2.48,5.65,6.70,6.84,5.90,6.22,-,-,0,-,-,-,-,-,-,0.69,0.69,7.07,0.04,0.20,0.11,0.64,0.49,Debt : Money Market,Nil
Invesco India Multi Asset Allocation Fund-Reg(G),Taher Badshah,HY-MULTI,Unrated,1056.8,1.45,Open Ended,17-Dec-24,NIFTY 200 - TRI,12.23,12.82,10.59,0.16,-1.85,3.30,15.31,-,-,-,-,20.16,3.06,14,72,486643,34.77,0.63,0.01,Financials,-,-,-,1.00,0.41,0.67,0.46,-,Hybrid : Multi Asset Allocation,Nil upto 10% of units and 1% for remaining units on or before 1Y Nil after 1Y
Invesco India Multicap Fund-Reg(G),Taher Badshah,EQ-MLC,4,3995.4,1.63,Open Ended,17-Mar-08,Nifty500 Multicap 50:25:25 - TRI,121.53,134.26,107.67,0.82,-0.59,-7.21,-6.40,2.97,13.60,11.72,13.30,37.99,4.53,83,62,88230,40.35,30.12,28.04,Financials,-,-,-,-0.19,0.18,0.31,1.05,16.23,Equity : Multi Cap,Nil upto 10% of units and 1% for above the limits on or before 1Y Nil after 1Y
Invesco India Nifty 50 ETF,Abhisek Bahinipati,EQ-ETF,Unrated,91.5,0.09,Open Ended,13-Jun-11,NIFTY 50 - TRI,2679.76,2996.26,2544.07,-2.41,-6.97,-10.42,-4.59,3.08,9.27,9.69,12.40,19.99,3.02,1,50,532358,99.29,0.67,-,Financials,-,-,-,-0.01,0.11,0.20,1.00,12.16,Equity : ETFs,Nil
Invesco India Nifty Bank Index Fund-Reg(G),Abhisek Bahinipati,EQ-INDX,Unrated,-,-,Open Ended,13-May-26,NIFTY BANK - TRI,9.89,10.18,9.83,-,-,-,-,-,-,-,-,-,-,-,-,-,-,-,-,-,-,-,-,-,-,-,-,-,Equity : Index Funds,Nil
Invesco India Nifty G-sec Jul 2027 Index Fund-Reg(G),Krishna Cheemalapati,DT-MD,Unrated,81.4,0.25,Open Ended,20-Mar-23,Nifty G-sec Jul 2027 Index,1251.31,1251.31,1190.46,0.34,0.84,2.29,5.14,7.23,6.92,-,-,-,-,0,-,-,-,-,-,-,1.09,1.01,6.02,0.05,0.15,0.20,0.32,0.95,Debt : Medium Duration,0.25% on or before 30D Nil after 30D
Invesco India Nifty G-sec Sep 2032 Index Fund-Reg(G),Krishna Cheemalapati,DT-LD,Unrated,52.7,0.24,Open Ended,29-Mar-23,Nifty G-Sec Sep 2032 Index,1257.24,1264.95,1218.89,0.71,-0.38,1.17,2.10,6.97,6.86,-,-,-,-,0,-,-,-,-,-,-,5.86,4.66,7.04,0.07,0.07,0.14,0.90,2.40,Debt : Long Duration,0.25% on or before 30D Nil after 30D
Invesco India Overnight Fund-Reg(G),Krishna Cheemalapati,DT-ON,1,337.1,0.10,Open Ended,08-Jan-20,Nifty 1D Rate Index,1367.85,1367.85,1299.33,0.43,1.29,2.55,5.29,5.86,6.16,5.52,-,-,-,0,-,-,-,-,-,-,0.01,0.01,5.28,-0.01,-0.73,-0.19,0.85,0.19,Debt : Overnight,Nil
Invesco India PSU Equity Fund-Reg(G),Sagar Gandhi,EQ-THEM,1,1520.2,1.81,Open Ended,18-Nov-09,BSE PSU - TRI,64.72,69.15,59.73,-4.13,-5.58,-1.84,0.48,-0.49,25.63,21.76,17.30,13.52,2.16,27,24,124094,58.6,29.85,9.15,Energy,-,-,-,1.23,0.29,0.62,1.30,21.20,Equity : Thematic,Nil upto 10% of units and 1% for above the limits on or before 1Y Nil after 1Y
Invesco India Short Duration Fund-Reg(G),Vikas Garg,DT-SD,3,883.3,0.86,Open Ended,24-Mar-07,Nifty Short Duration Debt Index,3702.83,3705.46,3569.26,0.20,0.28,1.05,3.58,6.42,6.45,5.34,6.29,-,-,0,-,-,-,-,-,-,3.01,2.38,7.64,0.01,-,-,0.41,1.19,Debt : Short Duration,Nil
Invesco India Smallcap Fund-Reg(G),Taher Badshah,EQ-SML,2,11038.2,1.49,Open Ended,30-Oct-18,BSE 250 Small Cap - TRI,42.91,43.72,36.58,1.91,3.95,0.07,5.67,10.49,22.01,19.58,-,43.74,4.47,46,67,30674,12.67,17.19,70.01,Financials,-,-,-,1.01,0.27,0.50,1.14,18.69,Equity : Small Cap,Nil upto 10% of units and 1% for above the limits on or before 1Y Nil after 1Y
Invesco India Technology Fund-Reg(G),Hiten Jain,EQ-TECH,Unrated,290.9,2.10,Open Ended,23-Sep-24,NIFTY IT - TRI,9.40,10.27,7.92,4.53,8.84,-7.52,-1.28,-,-,-,-,38.96,6.11,35,27,80226,34.79,43.27,20.35,Technology,-,-,-,0.55,-0.10,-0.16,0.68,-,Equity : Sectoral - Technology,0.50% on or before 3M Nil after 3M
Invesco India Ultra Short Duration Fund-Reg(G),Krishna Cheemalapati,DT-USD,2,1073.3,0.67,Open Ended,30-Dec-10,NIFTY Ultra Short Duration Debt Index,2839.39,2839.39,2686.15,0.33,1.41,2.66,5.77,6.61,6.76,5.80,6.24,-,-,0,-,-,-,-,-,-,0.43,0.41,6.88,0.03,0.15,0.08,0.51,0.43,Debt : Ultra Short Duration,Nil
iSIF Active Asset Allocator Long-Short Fund-Reg(G),Ihab Dalwai,HY-LS,Unrated,-,-,Open Ended,-,NIFTY 500 - TRI,-,-,-,-,-,-,-,-,-,-,-,-,-,-,-,-,-,-,-,-,-,-,-,-,-,-,-,-,Hybrid : Long - Short,1% on or before 12M Nil after 12M
iSIF Equity Ex-Top 100 Long-Short Fund-Reg(G),Sankaran Naren,HY-LS,Unrated,1535.2,1.81,Open Ended,04-Feb-26,NIFTY 500 - TRI,9.84,10.06,9.00,-,-,-,-,-,-,-,-,28.72,3.16,86,97,47669,7.24,46.25,25.15,Financials,-,-,-,-,-,-,-,-,Hybrid : Long - Short,1% on or before 12M Nil after 12M
iSIF Equity Long-Short Fund-Reg(G),Mittul Kalawadia,HY-LS,Unrated,-,-,Open Ended,-,NIFTY 500 - TRI,-,-,-,-,-,-,-,-,-,-,-,-,-,-,-,-,-,-,-,-,-,-,-,-,-,-,-,-,Hybrid : Long - Short,1% on or before 12M Nil after 12M
iSIF Hybrid Long-Short Fund-Reg(G),Rajat Chandak,HY-LS,Unrated,803.0,2.00,Open Ended,04-Feb-26,CRISIL Hybrid 50+50 - Moderate Index,9.83,10.13,9.21,-,-,-,-,-,-,-,-,26.81,3.77,0,48,188378,50.57,5.15,9.25,Financials,4.91,2.71,7.11,-,-,-,-,-,Hybrid : Long - Short,1% on or before 12M NIL after 12M
ITI Arbitrage Fund-Reg(G),Vikas Nathani,HY-ARB,Unrated,87.6,0.94,Open Ended,09-Sep-19,Nifty 50 Arbitrage,13.62,13.64,12.89,0.33,1.25,2.86,5.88,6.28,6.68,5.19,-,20.60,2.44,-,39,128735,34.27,22.81,8.51,Financials,-,-,4.99,-0.03,0.08,0.04,0.50,0.45,Hybrid : Arbitrage,NIL upto 10% of units and 0.25% for remaining units on or before 15D NIL after 15D
ITI Balanced Advantage Fund-Reg(G),Nilay Dalal,HY-DYN,Unrated,351.2,2.39,Open Ended,31-Dec-19,NIFTY 50 Hybrid Composite Debt 50:50 Index,13.96,14.93,13.57,0.28,-2.76,-5.79,-1.94,2.05,8.58,6.71,-,25.15,3.31,501,45,183194,48.75,14.31,6.71,Financials,0.37,0.33,5.72,-,0.10,0.19,0.59,8.05,Hybrid : Dynamic Asset Allocation,NIL upto 10% of units and 0.50% for remaining units on or before 3M NIL after 3M
ITI Banking & Financial Services Fund-Reg(G),Nilay Dalal,EQ-FIN,Unrated,362.3,2.39,Open Ended,06-Dec-21,Nifty Financial Services - TRI,14.99,16.64,13.82,-2.26,-7.92,-7.50,1.23,8.08,10.39,-,-,16.87,2.10,208,33,198590,65.54,8.21,19.26,Financials,0.20,0.19,3.51,0.10,0.12,0.21,0.93,14.08,Equity : Sectoral - Financial Services,0.50% on or before 3M NIL after 3M
ITI Banking & PSU Debt Fund-Reg(G),Laukik Bagwe,DT-B&PSU,Unrated,37.8,0.74,Open Ended,22-Oct-20,CRISIL Banking and PSU Debt Index,13.54,13.55,13.02,0.09,0.61,1.49,3.94,6.18,6.39,5.72,-,-,-,0,-,-,-,-,-,-,1.52,1.25,6.80,0.02,-0.01,-0.01,0.68,0.95,Debt : Banking & PSU,Nil
ITI Bharat Consumption Fund-Reg(G),Animesh Singh,EQ-CONS,Unrated,346.3,2.39,Open Ended,27-Feb-25,Nifty India Consumption - TRI,10.79,11.83,9.81,-1.52,-2.41,-8.17,-1.97,-,-,-,-,29.10,6.32,-,51,169185,71.98,18.03,9.03,Automobile and Ancillaries,-,-,-,-0.12,0.03,0.05,0.92,-,Equity : Thematic - Consumption,0.50% on or before 3M Nil after 3M
ITI Business Cycle Fund-Reg(G),Nilay Dalal,EQ-THEM,Unrated,103.2,2.44,Open Ended,09-Mar-26,NIFTY 500 - TRI,10.24,10.54,9.62,-0.47,-,-,-,-,-,-,-,23.08,3.12,109,73,117258,45.43,27.98,22.56,Financials,-,-,-,-,-,-,-,-,Equity : Thematic,0.50% or or before 3M Nil after 3M
ITI Dynamic Bond Fund-Reg(G),Laukik Bagwe,DT-DYN,Unrated,29.8,1.15,Open Ended,14-Jul-21,CRISIL Dynamic Bond Index,12.70,12.74,12.44,-0.10,0.05,1.02,0.28,4.69,5.43,-,-,-,-,0,-,-,-,-,-,-,3.75,2.75,6.08,-0.06,-0.12,-0.26,0.80,2.10,Debt : Dynamic Bond,Nil
ITI ELSS Tax Saver Fund-Reg(G),Alok Ranjan,EQ-ELSS,Unrated,434.1,2.39,Open Ended,18-Oct-19,NIFTY 500 - TRI,23.48,25.31,20.46,-2.48,0.87,-5.25,-2.71,1.63,16.36,10.71,-,25.07,2.99,48,71,44282,32.5,6.93,57.34,Financials,-,-,-,0.12,0.20,0.37,1.20,17.42,Equity : Tax Saving (ELSS),Nil
ITI Flexi Cap Fund-Reg(G),Dhimant Shah,EQ-FLEX,Unrated,1290.3,1.86,Open Ended,17-Feb-23,NIFTY 500 - TRI,18.22,18.47,16.01,0.77,0.74,-1.12,3.83,5.66,17.98,-,-,27.09,3.95,138,70,106718,50.13,15.85,24.12,Financials,-,-,-,0.27,0.24,0.44,1.11,15.85,Equity : Flexi Cap,0.50% on or before 3M NIL after 3M
ITI Focused Fund-Reg(G),Dhimant Shah,EQ-FOC,Unrated,561.2,2.35,Open Ended,19-Jun-23,NIFTY 500 - TRI,16.00,16.21,13.85,1.76,1.56,0.77,8.65,8.70,-,-,-,29.23,4.01,92,32,100806,54.02,18.45,17.58,Financials,-,-,-,0.35,0.23,0.42,0.99,-,Equity : Focused,0.50% on or before 3M NIL after 3M
ITI Large & Mid Cap Fund-Reg(G),Alok Ranjan,EQ-L&M,Unrated,735.6,2.27,Open Ended,11-Sep-24,NIFTY LargeMidcap 250 - TRI,9.30,9.99,8.18,-0.75,0.76,-4.77,-3.79,-,-,-,-,28.50,3.37,124,92,93457,36.31,43.79,16.57,Financials,-,-,-,-0.19,-0.12,-0.20,1.15,-,Equity : Large & Mid Cap,0.50% on or before 3M Nil after 3M
ITI Large Cap Fund-Reg(G),Alok Ranjan,EQ-LC,Unrated,369.6,2.38,Open Ended,24-Dec-20,NIFTY 100 - TRI,16.45,18.31,15.29,-2.45,-5.44,-9.24,-5.86,-1.76,9.49,7.78,-,22.48,2.99,75,46,345402,86.96,5.81,5.69,Financials,-,-,-,-0.10,0.11,0.21,1.04,13.80,Equity : Large Cap,0.50% on or before 3M NIL after 3M
ITI Liquid Fund-Reg(G),Laukik Bagwe,DT-LIQ,Unrated,54.6,0.23,Open Ended,24-Apr-19,CRISIL Liquid Debt Index,1434.62,1434.62,1353.93,0.48,1.58,2.98,5.98,6.46,6.58,5.78,-,-,-,0,-,-,-,-,-,-,0.10,0.10,5.99,-0.02,-0.12,-0.03,0.90,0.21,Debt : Liquid,0.007% for Day 1 0.0065% on Day 2 0.0060% on Day 3 0.0055% on Day 4 0.0050% on Day 5 0.0045% on Day 6 NIL on or after 7D
ITI Mid Cap Fund-Reg(G),Alok Ranjan,EQ-MID,Unrated,1358.0,1.82,Open Ended,05-Mar-21,Nifty Midcap 150 - TRI,22.06,22.57,19.20,0.97,1.05,-0.04,5.59,4.41,22.20,15.73,-,24.74,3.63,117,80,58796,14.71,70.49,10.51,Financials,-,-,-,0.04,0.29,0.55,1.00,17.18,Equity : Mid Cap,0.50% on or before 3M NIL after 3M
ITI Multi Cap Fund-Reg(G),Dhimant Shah,EQ-MLC,Unrated,1364.6,1.82,Open Ended,15-May-19,Nifty500 Multicap 50:25:25 - TRI,24.53,24.87,21.33,1.77,2.96,1.01,5.92,4.62,18.21,11.71,-,30.30,4.34,108,78,88382,45.83,22.34,27.97,Financials,1.44,1.32,4.12,0.11,0.24,0.44,1.06,16.09,Equity : Multi Cap,0.50% on or before 3M NIL after 3M
ITI Overnight Fund-Reg(G),Laukik Bagwe,DT-ON,Unrated,15.6,0.21,Open Ended,24-Oct-19,CRISIL Liquid Overnight Index,1365.61,1365.61,1300.41,0.41,1.21,2.40,5.03,5.60,5.88,5.30,-,-,-,0,-,-,-,-,-,-,0.01,0.01,5.27,-0.01,-1.16,-0.30,0.95,0.18,Debt : Overnight,Nil
ITI Pharma & Healthcare Fund-Reg(G),Animesh Singh,EQ-PHRM,Unrated,229.6,2.39,Open Ended,08-Nov-21,Nifty Healthcare Index - TRI,16.29,16.90,14.50,2.95,5.99,1.74,2.99,10.88,18.86,-,-,43.90,5.60,41,38,72450,37.02,38.6,21.28,Healthcare,-,-,-,-0.29,0.28,0.58,0.98,15.14,Equity : Sectoral - Pharma,0.50% on or before 3M NIL after 3M
ITI Small Cap Fund-Reg(G),Dhimant Shah,EQ-SML,Unrated,2936.5,1.47,Open Ended,17-Feb-20,Nifty Smallcap 250 - TRI,29.85,30.36,24.66,2.42,9.95,4.07,6.76,7.66,23.66,15.68,-,34.13,4.33,120,83,26037,6.25,25.12,65.02,Financials,-,-,-,0.38,0.29,0.56,0.90,18.90,Equity : Small Cap,0.50% on or before 3M NIL after 3M
ITI Ultra Short Duration Fund-Reg(G),Laukik Bagwe,DT-USD,Unrated,141.0,0.90,Open Ended,05-May-21,CRISIL Ultra Short Term Debt Index,1297.37,1297.37,1231.65,0.31,1.37,2.55,5.39,6.07,6.18,5.30,-,-,-,0,-,-,-,-,-,-,0.28,0.28,6.44,-0.05,-0.27,-0.12,0.88,0.34,Debt : Ultra Short Duration,Nil
ITI Value Fund-Reg(G),Nilay Dalal,EQ-VAL,Unrated,352.6,2.39,Open Ended,14-Jun-21,NIFTY 500 - TRI,16.59,17.55,14.70,-1.36,-1.91,-3.63,1.66,0.84,14.89,-,-,20.12,2.75,129,77,77350,42.96,15.97,36.54,Financials,-,-,-,0.04,0.19,0.34,1.13,16.05,Equity : Value / Contra,0.50% on or before 3M NIL after 3M
JM Aggressive Hybrid Fund-Reg(G),Asit Bhandarkar,HY-AGR,Unrated,701.4,2.93,Open Ended,01-Apr-95,CRISIL Hybrid 35+65 - Aggressive Index,113.16,123.59,105.70,-1.13,-2.97,-7.40,-3.94,-0.95,14.17,12.72,11.69,28.08,3.61,120.09,44,159846,48.07,14.88,11.92,Financials,3.56,2.79,7.00,0.28,0.22,0.42,1.29,13.09,Hybrid : Aggressive Hybrid,1% on or before 60D Nil after 60D
JM Arbitrage Fund(G),Asit Bhandarkar,HY-ARB,Unrated,366.7,1.47,Open Ended,18-Jul-06,Nifty 50 Arbitrage,34.16,34.22,32.44,0.34,1.17,2.65,5.47,5.89,6.34,5.49,5.09,19.52,2.74,1072.38,116,217764,54.79,21.01,4.67,Financials,0.22,0.21,5.12,-0.06,-0.16,-0.09,0.50,0.43,Hybrid : Arbitrage,0.50% on or before 30D
JM Dynamic Bond Fund-Reg(G),Killol Pandya,DT-DYN,Unrated,53.1,0.97,Open Ended,25-Jun-03,CRISIL Dynamic Bond Index,42.57,42.62,41.60,0.22,-0.12,0.26,1.15,5.95,5.93,5.45,6.16,-,-,0,-,-,-,-,-,-,2.56,2.08,6.94,-0.02,-0.06,-0.14,1.03,2.10,Debt : Dynamic Bond,Nil
JM ELSS Tax Saver Fund(G),Deepak Gupta.,EQ-ELSS,Unrated,219.6,2.58,Open Ended,31-Mar-08,BSE 500 - TRI,47.89,50.94,42.16,0.95,0.97,-6.44,1.52,3.90,15.80,14.26,15.48,29.00,3.37,76.74,52,96145,45.05,22.81,29.67,Financials,-,-,-,0.52,0.21,0.39,1.10,15.59,Equity : Tax Saving (ELSS),Nil
JM Flexicap Fund-Reg(G),Satish Ramanathan,EQ-FLEX,3,5040.5,2.58,Open Ended,23-Sep-08,BSE 500 - TRI,93.34,100.29,83.33,-0.08,-1.28,-5.86,-3.84,-0.76,16.24,16.11,16.24,22.11,2.93,151.84,80,129474,60.71,18.65,19.98,Financials,-,-,-,0.58,0.22,0.41,1.09,16.04,Equity : Flexi Cap,1% on or before 30D Nil after 30D
JM Focused Fund-Reg(G),Asit Bhandarkar,EQ-FOC,Unrated,279.6,2.43,Open Ended,05-Mar-08,BSE 500 - TRI,18.99,20.85,16.94,-0.75,-2.04,-7.74,-1.93,0.40,13.57,12.92,12.50,36.03,3.99,88.97,28,123736,50.99,29.44,17.61,Financials,-,-,-,0.38,0.18,0.31,1.04,15.30,Equity : Focused,1% on or before 30D Nil after 30D
JM Large & Mid Cap Fund-Reg(G),Asit Bhandarkar,EQ-L&M,Unrated,419.2,2.42,Open Ended,25-Jul-25,NIFTY LargeMidcap 250 - TRI,9.95,10.67,8.96,0.27,-0.51,-5.92,-,-,-,-,-,32.49,4.03,-,59,153136,51.29,40.91,5.17,Financials,-,-,-,-,-,-,-,-,Equity : Large & Mid Cap,1% on or before 180D Nil after 180D
JM Large Cap Fund-Reg(G),Deepak Gupta.,EQ-LC,Unrated,421.6,2.82,Open Ended,01-Apr-95,BSE 100 - TRI,146.85,160.81,137.00,-1.22,-5.48,-8.44,-2.18,-1.33,11.83,11.07,10.70,26.51,3.65,62.73,47,326817,86.5,10.51,0.1,Financials,-,-,-,0.18,0.15,0.27,1.06,13.93,Equity : Large Cap,1% on or before 30D Nil after 30D
JM Liquid Fund(G),Killol Pandya,DT-LIQ,2,2835.1,0.26,Open Ended,31-Dec-97,CRISIL Liquid Debt Index,75.19,75.19,70.92,0.49,1.61,3.06,6.03,6.58,6.78,6.00,6.02,-,-,0,-,-,-,-,-,-,0.12,0.11,6.23,-,0.12,0.03,1.06,0.23,Debt : Liquid,0.007% for Day 1 0.0065% on Day 2 0.0060% on Day 3 0.0055% on Day 4 0.0050% on Day 5 0.0045% on Day 6 NIL on or after 7D
JM Low Duration Fund(G),Killol Pandya,DT-LOWD,4,223.2,0.87,Open Ended,27-Sep-06,CRISIL Low Duration Debt Index,38.91,38.91,36.96,0.24,1.01,2.18,5.33,6.64,6.68,5.78,5.99,-,-,0,-,-,-,-,-,-,0.89,0.80,7.20,-0.03,0.09,0.06,1.19,0.54,Debt : Low Duration,Nil
JM Medium to Long Duration Fund-Reg(G),Killol Pandya,DT-M&LD,Unrated,29.8,1.24,Open Ended,01-Apr-95,CRISIL Medium to Long Term Debt Index,63.34,63.63,62.00,0.17,-0.49,0.39,1.08,5.67,5.72,4.82,4.00,-,-,0,-,-,-,-,-,-,4.94,3.92,7.13,-0.02,-0.08,-0.18,0.80,2.07,Debt : Medium to Long Duration,Nil
JM Midcap Fund-Reg(G),Satish Ramanathan,EQ-MID,Unrated,1161.7,2.31,Open Ended,21-Nov-22,Nifty Midcap 150 - TRI,19.88,20.14,16.64,3.91,6.50,1.03,5.59,5.31,22.06,-,-,31.20,4.06,100.17,63,46705,15.45,60.46,23.43,Financials,-,-,-,0.06,0.29,0.59,0.99,17.53,Equity : Mid Cap,1% on or before 180D Nil after 180D
JM Overnight Fund-Reg(G),Killol Pandya,DT-ON,1,89.3,0.21,Open Ended,03-Dec-19,CRISIL Liquid Overnight Index,1370.55,1370.55,1303.86,0.42,1.23,2.45,5.13,5.73,6.05,5.46,-,-,-,0,-,-,-,-,-,-,0.01,0.01,5.25,0.01,-0.86,-0.23,1.03,0.20,Debt : Overnight,Nil
JM Short Duration Fund-Reg(G),Killol Pandya,DT-SD,Unrated,83.1,1.09,Open Ended,29-Aug-22,CRISIL Short Duration Debt Index,12.48,12.50,12.03,0.16,0.33,1.22,3.56,6.26,6.08,-,-,-,-,0,-,-,-,-,-,-,2.14,1.83,7.29,-,-0.09,-0.14,1.45,1.11,Debt : Short Duration,Nil
JM Small Cap Fund-Reg(G),Asit Bhandarkar,EQ-SML,Unrated,677.4,2.51,Open Ended,18-Jun-24,Nifty Smallcap 250 - TRI,10.41,10.48,8.20,5.58,11.44,2.04,4.14,-,-,-,-,28.97,2.66,75.8,71,11434,-,7.78,91.32,Financials,-,-,-,0.12,-0.02,-0.04,1.01,-,Equity : Small Cap,1% on or before 180D Nil after 180D
JM Value Fund-Reg(G),Satish Ramanathan,EQ-VAL,3,825.7,2.97,Open Ended,02-Jun-97,BSE 500 - TRI,91.00,101.01,80.32,-1.44,-2.09,-7.02,-7.75,-1.91,15.42,15.29,15.70,17.99,2.57,70,58,48598,40.01,14.05,40.93,Financials,-,-,-,0.52,0.20,0.37,1.20,17.75,Equity : Value / Contra,1% on or before 30D Nil after 30D
Kotak Active Momentum Fund-Reg(G),Rohit Tandon,EQ-THEM,Unrated,1441.8,2.14,Open Ended,20-Aug-25,NIFTY 500 - TRI,10.38,10.69,9.21,1.90,-1.48,-0.24,-,-,-,-,-,18.96,3.10,122.07,52,84760,34.27,58.25,2.34,Financials,-,-,-,-,-,-,-,-,Equity : Thematic,0.50% on or before 90D Nil after 90D
Kotak Aggressive Hybrid Fund-Reg(G),Atul Bhole,HY-AGR,5,8641.9,1.77,Open Ended,03-Nov-14,NIFTY 50 Hybrid Composite Debt 65:35 Index,62.37,64.67,57.49,-1.40,-2.36,-2.08,2.47,6.40,12.99,11.68,12.65,24.58,3.71,51.08,58,145348,42.59,29.06,7.44,Financials,9.87,4.30,6.82,0.35,0.21,0.39,0.83,11.38,Hybrid : Aggressive Hybrid,Nil upto 8% of investment and 1% for remaining investment on or before 1Y Nil after 1Y
Kotak Arbitrage Fund(G),Hiten Shah,HY-ARB,4,69951.2,0.99,Open Ended,29-Sep-05,Nifty 50 Arbitrage,39.38,39.44,37.29,0.34,1.29,2.82,5.81,6.42,6.93,6.11,5.87,18.58,2.78,1760.94,178,220462,52.3,14.22,2.3,Financials,0.63,0.60,7.09,-0.01,0.21,0.12,0.55,0.48,Hybrid : Arbitrage,0.25% on or before 30D Nil after 30D
Kotak Balanced Advantage Fund-Reg(G),Rohit Tandon,HY-DYN,3,17183.8,1.67,Open Ended,03-Aug-18,NIFTY 50 Hybrid Composite Debt 50:50 Index,20.39,21.18,19.35,-0.65,-2.50,-3.41,-0.30,5.43,9.16,8.51,-,21.94,3.27,190.81,120,239685,48.9,9.08,7.19,Financials,11.18,4.54,7.20,0.06,0.14,0.25,0.61,7.77,Hybrid : Dynamic Asset Allocation,Nil upto 8% of investment and 1% for remaining investment on or before 1Y Nil after 1Y
Kotak Banking & Financial Services Fund-Reg(G),Shibani Kurian,EQ-FIN,Unrated,1446.8,2.13,Open Ended,27-Feb-23,Nifty Financial Services - TRI,15.12,16.81,13.98,-2.07,-7.98,-6.59,-0.33,7.56,11.15,-,-,16.91,2.24,27.12,33,229891,71.51,13.28,13.03,Financials,-,-,-,0.15,0.13,0.23,0.97,14.54,Equity : Sectoral - Financial Services,0.50% on or before 30D Nil after 30D
Kotak Banking and PSU Debt Fund(G),Deepak Agrawal,DT-B&PSU,4,5129.3,0.75,Open Ended,29-Dec-98,CRISIL Banking and PSU Debt Index,68.05,68.17,65.52,0.09,0.19,1.03,3.60,6.65,6.66,5.93,7.13,-,-,0,-,-,-,-,-,-,3.69,2.91,7.55,0.05,0.05,0.09,1.05,1.34,Debt : Banking & PSU,Nil
Kotak Bond Fund-Reg(G),Abhishek Bisen,DT-M&LD,3,1882.0,1.65,Open Ended,25-Nov-99,CRISIL Medium to Long Term Debt Index,77.85,78.19,76.03,0.17,-0.48,0.37,0.51,5.04,5.52,4.98,6.17,-,-,0,-,-,-,-,-,-,10.51,5.49,7.55,-0.04,-0.10,-0.21,0.82,2.27,Debt : Medium to Long Duration,NIL
Kotak Bond Short Term Fund(G),Deepak Agrawal,DT-SD,4,16487.0,1.12,Open Ended,02-May-02,Nifty Short Duration Debt Index,54.08,54.17,52.23,0.05,0.20,1.09,3.41,6.39,6.40,5.54,6.57,-,-,0,-,-,-,-,-,-,3.41,2.37,7.62,0.01,-0.01,-0.02,0.40,1.18,Debt : Short Duration,Nil
Kotak BSE Housing Index Fund-Reg(G),Satish Dondapati,EQ-INDX,Unrated,13.3,0.72,Open Ended,28-Aug-23,BSE Housing - TRI,12.39,14.12,10.95,-0.32,-4.03,-6.87,-5.75,-3.53,-,-,-,34.36,3.78,30.34,25,77526,30.13,65.8,4.11,Construction,-,-,-,-0.03,0.05,0.09,1.27,-,Equity : Index Funds,Nil
Kotak BSE PSU Index Fund-Reg(G),Satish Dondapati,EQ-INDX,Unrated,91.4,1.03,Open Ended,31-Jul-24,BSE PSU - TRI,9.33,10.14,8.18,-4.93,-7.17,2.31,6.96,-,-,-,-,11.26,1.80,49.21,60,223124,74.71,21.44,3.92,Energy,-,-,-,0.19,-0.05,-0.09,1.05,-,Equity : Index Funds,Nil
Kotak BSE Sensex ETF,Satish Dondapati,EQ-ETF,Unrated,24.5,0.18,Open Ended,06-Jun-08,BSE SENSEX - TRI,81.52,93.47,78.44,-3.29,-8.49,-13.13,-7.99,1.34,7.00,8.56,11.92,21.37,3.11,17.81,30,648960,99.96,-,-,Financials,-,-,-,-0.19,0.06,0.10,1.00,12.26,Equity : ETFs,NIL
Kotak BSE Sensex Index Fund-Reg(G),Satish Dondapati,EQ-INDX,Unrated,20.1,0.31,Open Ended,17-Feb-25,BSE SENSEX - TRI,9.90,11.38,9.54,-3.32,-8.53,-13.29,-8.30,-,-,-,-,21.37,3.11,44.2,30,649011,100.79,-,-,Financials,-,-,-,-0.28,-0.05,-0.08,1.02,-,Equity : Index Funds,NIL
Kotak Business Cycle Fund-Reg(G),Harish Bihani,EQ-THEM,Unrated,3064.3,1.95,Open Ended,28-Sep-22,NIFTY 500 - TRI,16.05,16.86,14.34,0.74,-0.68,-3.57,1.44,7.97,15.04,-,-,28.44,3.95,28.66,54,87429,46.97,23.41,25.42,Financials,-,-,-,0.14,0.21,0.39,0.98,14.29,Equity : Thematic,0.50% on or before 90D Nil after 90D
Kotak Consumption Fund-Reg(G),Devender Singhal,EQ-CONS,Unrated,1686.8,2.09,Open Ended,16-Nov-23,Nifty India Consumption - TRI,13.20,14.80,12.12,-2.16,-2.47,-9.97,0.42,7.56,-,-,-,41.30,5.20,40.84,43,60195,47.28,12.7,39.23,FMCG,-,-,-,0.13,0.13,0.22,0.99,-,Equity : Thematic - Consumption,0.50% on or before 90D Nil after 90D
Kotak Contra Fund-Reg(G),Shibani Kurian,EQ-VAL,2,5153.9,1.87,Open Ended,27-Jul-05,NIFTY 500 - TRI,146.69,158.42,136.28,-1.23,-5.72,-6.34,0.14,3.65,16.58,14.77,15.60,21.95,2.93,31.78,60,157300,58.65,27.15,13.04,Financials,-,-,-,0.23,0.24,0.44,1.02,14.22,Equity : Value / Contra,1% on or before 90D Nil after 90D
Kotak Corporate Bond Fund(G),Deepak Agrawal,DT-CORP,2,16877.2,0.70,Open Ended,21-Sep-07,NIFTY Corporate Bond Index,3921.70,3928.56,3779.56,0.09,0.11,0.99,3.55,6.75,6.80,5.99,7.04,-,-,0,-,-,-,-,-,-,4.25,2.76,7.66,0.04,0.08,0.13,0.44,1.30,Debt : Corporate Bond,Nil
Kotak Credit Risk Fund(G),Vihag Mishra,DT-CR,3,761.2,1.71,Open Ended,11-May-10,CRISIL Credit Risk Debt Index,31.11,31.11,29.39,0.24,0.35,1.86,5.80,6.99,7.17,5.58,6.51,-,-,0,-,-,-,-,-,-,2.63,1.96,8.17,0.06,0.12,0.20,0.33,1.45,Debt : Credit Risk,Nil upto 6% of investment and 1% for remaining investment on or before 1Y Nil after 1Y
Kotak CRISIL-IBX AAA Bond Financial Services Index - Dec 2026 Fund-Reg(G),Abhishek Bisen,DT-SD,Unrated,142.3,0.30,Open Ended,17-Feb-25,CRISIL IBX AAA Financial Services Index - Sep 2027,10.93,10.93,10.32,0.34,1.54,2.68,5.98,-,-,-,-,-,-,0,-,-,-,-,-,-,0.48,0.44,7.20,0.10,0.17,0.21,0.22,-,Debt : Short Duration,NIL
Kotak CRISIL-IBX AAA Financial Services Index - Sep 2027 Fund-Reg(G),Abhishek Bisen,DT-M&LD,Unrated,537.0,0.40,Open Ended,13-Sep-24,CRISIL IBX AAA Financial Services Index - Sep 2027,11.29,11.29,10.71,0.16,0.85,1.97,5.46,-,-,-,-,-,-,0,-,-,-,-,-,-,1.22,1.07,7.55,0.11,0.18,0.25,0.30,-,Debt : Medium to Long Duration,0.25% on or before 30D Nil after 30D
Kotak CRISIL-IBX Financial Services 3-6 Months Debt Index Fund-Reg(G),Manu Sharma,DT-USD,Unrated,308.0,0.35,Open Ended,07-Mar-25,CRISIL-IBX Financial Services 3 to 6 Months Debt Index,10.83,10.83,10.21,0.45,1.69,2.99,6.21,-,-,-,-,-,-,0,-,-,-,-,-,-,0.29,0.28,6.79,0.03,-,-,0.09,-,Debt : Ultra Short Duration,NIL
Kotak CRISIL-IBX Financial Services 9 to 12 Months Debt Index Fund-Reg(G),Manu Sharma,DT-LOWD,Unrated,1100.5,0.32,Open Ended,24-Sep-25,CRISIL-IBX Financial Services 9-12 Months Debt Index,10.35,10.35,10.00,0.20,1.12,2.30,-,-,-,-,-,-,-,0,-,-,-,-,-,-,0.81,0.79,7.27,-,-,-,-,-,Debt : Low Duration,NIL
Kotak Debt Hybrid Fund(G),Shibani Kurian,HY-CON,5,2902.1,1.69,Open Ended,02-Dec-03,CRISIL Hybrid 85+15 - Conservative Index,58.29,59.79,57.25,-0.54,-2.19,-1.88,-0.75,4.30,7.84,7.78,8.82,20.04,2.90,0,42,220315,16.56,3.54,1.84,Financials,7.28,3.65,7.12,0.04,0.13,0.28,1.45,4.66,Hybrid : Conservative Hybrid,Nil upto 8% of investments and 1% for remaining investments on or before 6M Nil after 6M
Kotak Dividend Yield Fund-Reg(G),Shibani Kurian,EQ-DIV,Unrated,226.6,2.45,Open Ended,27-Jan-26,NIFTY 500 - TRI,9.34,10.10,8.84,-2.01,-6.38,-,-,-,-,-,-,20.36,3.04,-,49,277211,79.68,16.49,0.88,Financials,-,-,-,-,-,-,-,-,Equity : Thematic - Dividend Yield,Nil upto 10% of investments and 1% for remaining investments on or before 1Y Nil after 1Y
Kotak Dynamic Bond Fund-Reg(G),Deepak Agrawal,DT-DYN,4,2432.4,1.33,Open Ended,26-May-08,NIFTY Composite Debt Index,38.47,38.48,36.94,0.27,0.27,1.72,1.64,5.96,6.41,5.55,7.20,-,-,0,-,-,-,-,-,-,12.25,5.13,7.72,0.03,-,-,0.85,2.67,Debt : Dynamic Bond,Nil
Kotak ELSS Tax Saver Fund(G),Harsha Upadhyaya,EQ-ELSS,3,6112.4,1.83,Open Ended,23-Nov-05,NIFTY 500 - TRI,110.12,118.85,102.27,-2.11,-5.48,-7.12,-3.49,0.12,11.57,11.83,13.86,20.65,3.06,22.72,55,192466,68.81,16.44,12.78,Financials,-,-,-,-0.12,0.15,0.26,0.96,13.67,Equity : Tax Saving (ELSS),Nil
Kotak Energy Opportunities Fund-Reg(G),Mandar Pawar,EQ-POWER,Unrated,276.3,2.45,Open Ended,25-Apr-25,NIFTY ENERGY - TRI,10.64,11.04,9.48,-2.07,0.78,4.71,4.61,-,-,-,-,14.34,2.42,14.55,36,126839,55.07,26.52,12.62,Energy,-,-,-,-0.74,0.03,0.07,0.85,-,Equity : Sectoral - Energy / Power,0.50% on or before 90D Nil after 90D
Kotak Equity Savings Fund(G),Devender Singhal,HY-EQS,2,10031.6,1.71,Open Ended,13-Oct-14,NIFTY 50 Equity Savings Index - TRI,26.87,27.38,25.67,-0.83,-0.64,-1.29,4.31,5.80,9.76,9.33,9.16,19.81,2.85,472.17,75,226497,48.36,13.62,4.54,Financials,2.57,1.69,6.77,0.35,0.21,0.39,0.82,5.51,Hybrid : Equity Savings,Nil upto 8% of investments and 1% for remaining investments on or before 90D Nil after 90D
Kotak ESG Exclusionary Strategy Fund-Reg(G),Mandar Pawar,EQ-THEM,Unrated,752.4,2.37,Open Ended,11-Dec-20,NIFTY100 ESG - TRI,16.08,17.93,15.27,-1.87,-7.72,-9.80,-4.45,0.80,9.58,7.57,-,22.06,3.38,22.61,46,270961,77.8,15.36,3.47,Financials,-,-,-,-0.19,0.12,0.20,0.95,12.85,Equity : Thematic,0.50% on or before 90D Nil after 90D
Kotak Flexicap Fund(G),Harsha Upadhyaya,EQ-FLEX,2,54838.6,1.42,Open Ended,11-Sep-09,NIFTY 500 - TRI,82.80,89.36,76.63,-0.80,-5.02,-5.68,-0.73,4.01,13.38,11.74,13.54,23.99,3.21,11.29,56,242864,74.8,19.13,3.37,Financials,-,-,-,-,0.19,0.34,0.95,13.45,Equity : Flexi Cap,Nil upto 10% of investment and 1% for remaining investment on or before 1Y Nil after 1Y
Kotak Floating Rate Fund-Reg(G),Deepak Agrawal,DT-FL,4,3329.3,0.63,Open Ended,14-May-19,NIFTY Ultra Short Duration Debt Index,1584.36,1587.03,1510.09,0.02,0.30,1.62,4.92,7.22,7.26,6.17,-,-,-,0,-,-,-,-,-,-,2.44,1.99,7.81,0.07,0.24,0.25,0.22,0.90,Debt : Floater,Nil
Kotak FMP-292-1735D(G),Deepak Agrawal,DT-FMP,Unrated,484.8,-,Closed Ended,13-Aug-21,CRISIL Composite Bond Index,13.12,13.12,12.48,0.40,1.23,2.61,5.69,6.89,6.82,-,-,-,-,-,-,-,-,-,-,-,-,-,-,0.02,0.16,0.12,0.21,0.57,Debt : FTP/FMP,null
Kotak FMP-292-1735D(IDCW),Deepak Agrawal,DT-FMP,Unrated,484.8,-,Closed Ended,13-Aug-21,NIFTY Medium to Long Duration Debt Index,13.12,13.12,12.48,0.40,1.23,2.61,5.69,6.89,6.82,-,-,-,-,-,-,-,-,-,-,-,-,-,-,0.02,0.16,0.12,0.21,0.57,Debt : FTP/FMP,null
Kotak FMP-300-1223D(G),Deepak Agrawal,DT-FMP,Unrated,262.0,-,Closed Ended,09-Dec-22,NIFTY Medium Duration Debt Index,12.54,12.54,11.96,0.49,1.30,2.72,6.00,7.03,6.99,-,-,-,-,-,-,-,-,-,-,-,-,-,-,0.04,0.25,0.20,0.24,0.66,Debt : FTP/FMP,null
Kotak FMP-304-3119D(G),Deepak Agrawal,DT-FMP,Unrated,119.0,-,Closed Ended,30-Dec-22,NIFTY Long Duration Debt Index,12.95,13.01,12.49,0.54,-0.38,1.00,1.99,7.30,7.11,-,-,-,-,-,-,-,-,-,-,-,-,-,-,0.08,0.09,0.21,1.27,2.59,Debt : FTP/FMP,null
Kotak FMP-305-1200D(G),Deepak Agrawal,DT-FMP,Unrated,36.7,-,Closed Ended,19-Jan-23,NIFTY Medium Duration Debt Index,12.47,12.47,11.88,0.45,1.22,2.60,5.67,6.81,6.71,-,-,-,-,-,-,-,-,-,-,-,-,-,-,0.02,0.14,0.10,0.21,0.60,Debt : FTP/FMP,null
Kotak FMP-308-1125D(G),Deepak Agarwal,DT-FMP,Unrated,103.0,-,Closed Ended,29-Mar-23,NIFTY Medium Duration Debt Index,12.54,12.54,11.85,0.54,1.59,3.08,6.78,7.78,7.59,-,-,-,-,-,-,-,-,-,-,-,-,-,-,0.09,0.64,0.33,0.17,0.49,Debt : FTP/FMP,null
Kotak FMP-310-1131D(G),Deepak Agrawal,DT-FMP,Unrated,136.9,-,Closed Ended,27-Mar-23,NIFTY Medium Duration Debt Index,12.29,12.29,11.72,0.45,1.25,2.62,5.68,6.85,6.71,-,-,-,-,-,-,-,-,-,-,-,-,-,-,0.02,0.13,0.10,0.22,0.62,Debt : FTP/FMP,null
Kotak Focused Fund-Reg(G),Shibani Kurian,EQ-FOC,Unrated,4081.5,1.90,Open Ended,16-Jul-19,NIFTY 500 - TRI,25.70,27.71,23.76,-0.95,-4.51,-4.44,5.50,6.94,14.52,12.54,-,28.67,3.89,22.65,29,248205,71.46,21.63,2,Financials,-,-,-,0.13,0.22,0.39,0.94,13.14,Equity : Focused,Nil upto 10% of investment and 1% for remaining investment on or before 1Y Nil after 1Y
Kotak Gilt Fund-PF&Trust(G),Abhishek Bisen,DT-GILT,3,2441.6,1.48,Open Ended,11-Nov-03,Nifty All Duration G-Sec Index,96.87,100.02,94.96,0.22,-1.01,0.26,-3.16,3.16,4.32,4.36,6.30,-,-,0,-,-,-,-,-,-,14.67,7.27,7.36,-0.12,-0.15,-0.25,1.14,3.64,Debt : Gilt,Nil
Kotak Gilt Fund-Reg(G),Abhishek Bisen,DT-GILT,3,2441.6,1.48,Open Ended,29-Dec-98,Nifty All Duration G-Sec Index,94.69,97.76,92.82,0.22,-1.01,0.26,-3.16,3.16,4.32,4.36,6.30,-,-,0,-,-,-,-,-,-,14.67,7.27,7.36,-0.12,-0.15,-0.25,1.14,3.64,Debt : Gilt,Nil
Kotak Global Emerging Market Overseas Equity Omni FOF(G),Arjun Khanna,FOF-OVR,Unrated,1540.3,1.47,Open Ended,26-Sep-07,MSCI Emerging Market Index,41.94,41.94,24.02,11.54,17.36,39.90,75.66,34.22,30.18,11.93,12.80,-,-,3.08,-,-,-,-,-,-,-,-,-,1.55,0.37,0.91,0.39,15.77,FoFs : Overseas,Nil upto 10% of units and 1% for remaining units on or before 1Y Nil after 1Y
Kotak Global Innovation Overseas Equity Omni FOF-Reg(G),Arjun Khanna,FOF-OVR,Unrated,776.2,1.53,Open Ended,29-Jul-21,MSCI AC World Index,14.87,14.87,10.37,6.75,16.83,17.27,43.07,24.30,23.80,-,-,-,-,1.95,-,-,-,-,-,-,-,-,-,1.31,0.31,0.60,0.47,16.57,FoFs : Overseas,1% on or before 1Y Nil after 1Y
Kotak Gold ETF,Abhishek Bisen,PM-ETF,Unrated,14339.5,0.52,Open Ended,27-Jul-07,Gold-India,129.76,145.71,80.28,3.33,-2.42,19.90,60.91,45.29,35.99,24.70,17.00,-,-,12.35,1,-,-,-,-,-,-,-,-,2.23,0.47,1.19,0.25,16.48,Metal : ETFs,Nil
Kotak Gold Fund(G),Abhishek Bisen,PM-MF,Unrated,6693.2,0.44,Open Ended,25-Mar-11,Gold-India,59.36,67.22,36.99,3.18,-3.16,19.44,59.45,44.08,35.10,24.04,16.90,-,-,0.51,1,-,-,-,-,-,-,-,-,2.15,0.45,1.14,0.29,16.47,Metal : MFs,1% on or before 15D Nil after 15D
Kotak Gold Silver Passive FOF-Reg(G),Rohit Tandon,FOF-DOM,Unrated,1039.3,0.53,Open Ended,28-Oct-25,Gold-India,16.50,20.98,10.00,6.56,-2.27,39.34,-,-,-,-,-,-,-,-,-,-,-,-,-,-,-,-,-,-,-,-,-,-,FoFs : Domestic,NIL
Kotak Healthcare Fund-Reg(G),Dhananjay Tikariha,EQ-PHRM,Unrated,496.0,2.45,Open Ended,11-Dec-23,Nifty Healthcare Index - TRI,14.87,15.18,12.59,5.37,8.02,9.31,14.43,16.06,-,-,-,42.13,5.53,26.22,33,53322,27.24,30.12,41.67,Healthcare,-,-,-,-0.08,0.22,0.45,1.01,-,Equity : Sectoral - Pharma,0.50% on or before 30D Nil after 30D
Kotak Income Plus Arbitrage Omni FOF-Reg(G),Abhishek Bisen,FOF-DOM,Unrated,7746.8,0.32,Open Ended,17-Nov-22,NIFTY Composite Debt Index,12.87,12.88,12.32,0.19,0.55,1.79,4.59,7.16,7.38,-,-,-,-,0,-,-,-,-,-,-,2.83,2.00,7.41,0.09,0.21,0.31,0.38,1.36,FoFs : Domestic,Nil
Kotak Infra & Eco Reform Fund(G),Nalin Rasik Bhatt,EQ-INFRA,3,2373.0,2.01,Open Ended,25-Feb-08,Nifty Infrastructure - TRI,66.99,68.23,58.13,-0.64,1.10,1.73,2.51,1.55,17.33,20.22,15.94,23.75,3.46,25.82,51,66382,44.53,14.88,39.99,Automobile and Ancillaries,-,-,-,-0.14,0.20,0.36,1.04,19.08,Equity : Sectoral - Infrastructure,0.50% on or before 90D Nil after 90D
Kotak International REIT Overseas Equity Omni FOF-Reg(G),Arjun Khanna,FOF-OVR,Unrated,104.5,1.31,Open Ended,29-Dec-20,S&P Asia Pacific ex Japan REIT - TRI,11.87,11.95,9.98,1.35,0.88,5.85,20.95,13.92,9.75,3.88,-,-,-,4.6,-,-,-,-,-,-,-,-,-,0.40,0.09,0.18,1.29,14.88,FoFs : Overseas,Nil upto 8% of units and 1% for remaining units on or before 1Y Nil after 1Y
Kotak Large & Midcap Fund(G),Harsha Upadhyaya,EQ-L&M,3,30251.0,1.58,Open Ended,09-Sep-04,NIFTY LargeMidcap 250 - TRI,334.29,361.92,312.34,-2.18,-6.11,-5.68,0.59,2.98,14.93,14.12,15.14,24.34,3.16,26.43,67,160208,55.93,35.84,6.45,Financials,-,-,-,-0.02,0.22,0.39,0.93,13.79,Equity : Large & Mid Cap,Nil upto 10% of investment and 1% for remaining investment on or before 1Y Nil after 1Y
Kotak Large Cap Fund(G),Rohit Tandon,EQ-LC,4,10599.3,1.74,Open Ended,04-Feb-03,NIFTY 100 - TRI,544.11,599.50,514.75,-1.97,-6.84,-9.10,-3.53,3.24,11.07,10.34,12.07,21.53,3.20,24.27,60,356374,84.55,9.27,2.7,Financials,-,-,-,0.03,0.15,0.27,0.97,12.58,Equity : Large Cap,Nil upto 10% of investment and 1% for remaining investment on or before 1Y Nil after 1Y
Kotak Liquid Fund-Reg(G),Deepak Agrawal,DT-LIQ,4,42388.8,0.33,Open Ended,04-Nov-03,Nifty Liquid Fund Index,5573.58,5573.58,5254.18,0.49,1.65,3.11,6.10,6.65,6.83,6.01,6.00,-,-,0,-,-,-,-,-,-,0.11,0.11,6.31,0.02,0.15,0.05,0.29,0.26,Debt : Liquid,0.007% for Day 1 0.0065% on Day 2 0.0060% on Day 3 0.0055% on Day 4 0.0050% on Day 5 0.0045% on Day 6 NIL on or after 7D
Kotak Long Duration Fund-Reg(G),Abhishek Bisen,DT-LD,Unrated,92.7,0.62,Open Ended,11-Mar-24,NIFTY Long Duration Debt Index,10.86,11.24,10.58,-0.04,-1.07,-0.06,-3.54,3.49,-,-,-,-,-,0,-,-,-,-,-,-,12.83,10.18,7.19,-0.14,-0.15,-0.27,1.36,-,Debt : Long Duration,Nil
Kotak Low Duration Fund(G),Dharmesh Thakar,DT-LOWD,5,16259.0,1.18,Open Ended,06-Mar-08,NIFTY Low Duration Debt Index,3501.21,3502.86,3335.69,0.09,0.89,1.97,5.02,6.47,6.56,5.72,6.60,-,-,0,-,-,-,-,-,-,1.25,0.94,7.60,0.02,0.04,0.03,0.80,0.60,Debt : Low Duration,Nil
Kotak Manufacture in India Fund-Reg(G),Harsha Upadhyaya,EQ-THEM,Unrated,2669.4,1.98,Open Ended,22-Feb-22,Nifty India Manufacturing - TRI,20.65,20.82,18.05,1.58,1.06,4.55,12.24,8.78,20.90,-,-,24.99,3.63,38.22,54,93007,53.89,21.49,22.74,Automobile and Ancillaries,-,-,-,-0.09,0.29,0.55,0.95,15.22,Equity : Thematic,0.50% on or before 90D Nil after 90D
Kotak Medium Term Fund(G),Deepak Agrawal,DT-MD,3,1840.4,1.63,Open Ended,21-Mar-14,CRISIL Medium Duration Debt Index,23.89,23.91,22.74,0.29,0.04,1.35,5.04,7.50,7.38,6.26,6.72,-,-,0,1,-,-,-,-,-,4.58,3.10,8.35,0.09,0.17,0.30,0.47,1.52,Debt : Medium Duration,Nil
Kotak Midcap Fund-Reg(G),Atul Bhole,EQ-MID,4,63539.5,1.38,Open Ended,30-Mar-07,Nifty Midcap 150 - TRI,138.27,142.25,121.48,-0.14,0.37,0.20,6.24,9.26,19.76,17.47,17.65,28.48,4.26,22.71,64,60937,16.46,68.01,14.72,Financials,-,-,-,-0.01,0.27,0.51,0.92,16.32,Equity : Mid Cap,Nil upto 10% of investment and 1% for remaining investment on or before 1Y Nil after 1Y
Kotak MNC Fund-Reg(G),Harsha Upadhyaya,EQ-MNC,Unrated,2047.9,2.06,Open Ended,28-Oct-24,NIFTY MNC - TRI,11.76,12.08,9.83,1.11,5.45,8.98,19.08,-,-,-,-,41.61,7.37,24.41,40,51112,38.18,25.48,31.74,FMCG,-,-,-,0.20,0.12,0.24,1.04,-,Equity : Thematic - MNC,0.50% on or before 90D Nil after 90D
Kotak Money Market Fund(G),Deepak Agrawal,DT-MM,3,33699.9,0.37,Open Ended,14-Jul-03,CRISIL Money Market Index,4737.35,4737.35,4478.64,0.25,1.21,2.59,5.85,6.94,7.10,6.31,6.52,-,-,0,-,-,-,-,-,-,0.68,0.68,7.11,0.06,0.34,0.19,0.66,0.49,Debt : Money Market,Nil
Kotak MSCI India ETF,Satish Dondapati,EQ-ETF,Unrated,1576.7,0.20,Open Ended,19-Feb-25,MSCI India,28.92,31.39,26.79,-1.49,-4.62,-7.06,-1.43,-,-,-,-,21.29,3.29,92.02,168,285393,81.73,17.75,-,Financials,-,-,-,0.35,0.09,0.15,1.01,-,Equity : ETFs,null
Kotak Multi Asset Active FOF-Reg(G),Devender Singhal,FOF-DOM,Unrated,64.9,-,Open Ended,27-Apr-26,NIFTY 50 - TRI,10.03,10.20,10.00,0.20,-,-,-,-,-,-,-,-,-,-,-,-,-,-,-,-,-,-,-,-,-,-,-,-,FoFs : Domestic,NIL upto 8% of units and 1% for remaining units on or before 6M Nil after 6M
Kotak Multi Asset Allocation Fund-Reg(G),Devender Singhal,HY-MULTI,Unrated,13447.4,1.66,Open Ended,22-Sep-23,NIFTY 500 - TRI,15.73,16.81,12.83,-0.16,-2.14,5.31,22.71,14.80,-,-,-,17.21,2.51,59.43,66,141674,46.85,13.52,12.14,Financials,9.00,3.64,7.08,0.73,0.35,0.67,0.61,-,Hybrid : Multi Asset Allocation,Nil upto 30% of investment and 1% for remaining investment on or before 1Y Nil after 1Y
Kotak Multi Asset Omni FOF(G),Devender Singhal,FOF-DOM,Unrated,2451.3,1.10,Open Ended,09-Aug-04,NIFTY 50 - TRI,251.50,276.25,230.36,0.34,-4.09,-1.11,9.02,10.72,16.37,15.86,14.93,-,-,40.43,-,-,-,-,-,-,-,-,-,0.64,0.34,0.61,0.67,9.22,FoFs : Domestic,Nil upto 8% of units and 1% for remaining units on or before 1Y Nil after 1Y
Kotak Multi Factor Passive FOF-Reg(G),Rohit Tandon,FOF-DOM,Unrated,36.8,0.68,Open Ended,20-Mar-26,NIFTY 500 - TRI,10.77,11.12,9.96,-0.97,-,-,-,-,-,-,-,-,-,-,-,-,-,-,-,-,-,-,-,-,-,-,-,-,FoFs : Domestic,NIL
Kotak Multicap Fund-Reg(G),Devender Singhal,EQ-MLC,Unrated,25768.7,1.60,Open Ended,29-Sep-21,Nifty500 Multicap 50:25:25 - TRI,19.37,20.36,17.47,-1.75,-2.24,-4.07,4.27,6.64,20.11,-,-,18.63,2.43,44.41,76,73714,44.93,24.63,28.53,Financials,-,-,-,0.32,0.29,0.53,1.02,15.65,Equity : Multi Cap,Nil upto 10% of investment and 1% for remaining investments on or before 1Y Nil after 1Y
Kotak Nifty 100 Equal Weight ETF,Satish Dondapati,EQ-ETF,Unrated,19.4,0.25,Open Ended,24-Feb-25,Nifty100 Equal Weight - TRI,34.03,34.76,29.98,0.25,-0.51,-0.58,5.39,-,-,-,-,19.60,3.30,62.72,104,188987,89.25,9.99,-,Financials,-,-,-,-0.04,0.19,0.35,1.00,-,Equity : ETFs,null
Kotak Nifty 100 Equal Weight Index Fund-Reg(G),Satish Dondapati,EQ-INDX,Unrated,41.7,0.72,Open Ended,23-Dec-24,Nifty100 Equal Weight - TRI,10.73,10.96,9.46,0.22,-0.61,-0.86,4.65,-,-,-,-,19.60,3.30,52.81,104,188709,89.26,10.11,-,Financials,-,-,-,-0.10,0.05,0.08,1.00,-,Equity : Index Funds,NIL
Kotak Nifty 100 Low Volatility 30 ETF,Devender Singhal,EQ-ETF,Unrated,184.0,0.09,Open Ended,23-Mar-22,Nifty100 Low Volatility 30 - TRI,20.32,22.29,19.12,-1.45,-5.47,-7.81,-0.59,5.25,12.52,-,-,28.39,4.52,48.74,30,334922,93.75,6.19,-,Financials,-,-,-,-0.01,0.19,0.35,1.00,12.45,Equity : ETFs,null
Kotak NIFTY 100 Low Volatility 30 Index Fund-Reg(G),Satish Dondapati,EQ-INDX,Unrated,121.0,0.83,Open Ended,07-Jun-24,Nifty100 Low Volatility 30 - TRI,10.34,11.39,9.74,-1.51,-5.77,-8.30,-1.59,-,-,-,-,28.39,4.52,58.9,30,334926,93.77,6.19,-,Financials,-,-,-,-0.10,-0.06,-0.10,1.00,-,Equity : Index Funds,Nil
Kotak Nifty 1D Rate Liquid ETF,Satish Dondapati,DT-LIQ,Unrated,1839.5,0.19,Open Ended,24-Jan-23,Nifty 1D Rate Index,1106.99,1106.99,1053.10,0.42,1.24,2.45,5.13,5.72,5.99,-,-,-,-,0,-,-,-,-,-,-,0.01,0.01,5.10,-0.02,-0.98,-0.26,0.85,0.19,Debt : Liquid,null
Kotak Nifty 200 Momentum 30 ETF,Satish Dondapati,EQ-ETF,Unrated,32.7,0.24,Open Ended,10-Oct-25,Nifty200 Momentum 30 - TRI,30.00,32.21,27.05,-0.44,-4.26,-6.62,-,-,-,-,-,26.08,3.75,59.08,30,179331,73.24,26.73,-,Financials,-,-,-,-,-,-,-,-,Equity : ETFs,null
Kotak Nifty 200 Momentum 30 Index Fund-Reg(G),Satish Dondapati,EQ-INDX,Unrated,526.4,0.66,Open Ended,15-Jun-23,Nifty200 Momentum 30 - TRI,14.12,15.20,12.73,-0.49,-4.40,-6.88,-2.04,-6.00,-,-,-,26.08,3.75,156.25,30,179308,73.3,26.75,-,Financials,-,-,-,-0.08,0.13,0.22,0.99,-,Equity : Index Funds,Nil
Kotak Nifty 200 Quality 30 Index Fund-Reg(G),Satish Dondapat,EQ-INDX,Unrated,16.0,0.60,Open Ended,14-Jul-25,NIFTY200 Quality 30 - TRI,9.79,10.46,8.80,-0.74,-0.68,-6.28,-,-,-,-,-,29.37,8.62,18.29,30,178874,73.49,23.84,2.55,FMCG,-,-,-,-,-,-,-,-,Equity : Index Funds,NIL
Kotak Nifty 50 Equal Weight Index Fund-Reg(G),Satish Dondapati,EQ-INDX,Unrated,59.2,0.72,Open Ended,23-Dec-24,NIFTY50 Equal Weight - TRI,10.91,11.42,9.99,-0.35,-2.98,-3.42,3.80,-,-,-,-,19.21,3.34,86.21,50,302634,97.99,1.91,-,Financials,-,-,-,-0.12,0.06,0.10,1.00,-,Equity : Index Funds,NIL
Kotak Nifty 50 ETF,Satish Dondapati,EQ-ETF,Unrated,3366.0,0.03,Open Ended,02-Feb-10,NIFTY 50 - TRI,259.23,289.78,246.07,-2.41,-6.96,-10.41,-4.53,3.15,9.31,9.71,12.38,19.99,3.02,26.81,50,532360,99.3,0.67,-,Financials,-,-,-,-,0.11,0.20,1.00,12.16,Equity : ETFs,Nil
Kotak Nifty 50 Index Fund-Reg(G),Satish Dondapati,EQ-INDX,Unrated,1104.1,0.32,Open Ended,21-Jun-21,NIFTY 50 - TRI,15.29,17.12,14.52,-2.44,-7.06,-10.59,-4.89,2.62,8.72,-,-,19.99,3.02,14.4,50,532359,99.42,0.67,-,Financials,2.83,-,-,-0.05,0.10,0.18,1.00,12.17,Equity : Index Funds,Nil
Kotak Nifty 50 Value 20 ETF,Satish Dondapati,EQ-ETF,Unrated,82.0,0.14,Open Ended,02-Dec-15,Nifty50 Value 20 - TRI,14.16,156.60,13.57,-2.28,-7.01,-8.70,-5.06,0.69,9.60,11.16,14.54,13.87,2.55,34.52,20,451747,99.93,-,-,Financials,-,-,-,-0.01,0.12,0.23,1.00,12.84,Equity : ETFs,null
Kotak Nifty AAA Bond Financial Services Mar 2028 Index Fund-Reg(G),Abhishek Bisen,DT-SD,Unrated,210.0,0.35,Open Ended,09-Jul-25,Nifty AAA Financial Services Bond Mar 2028 Index,10.42,10.42,10.00,0.17,0.52,1.54,-,-,-,-,-,-,-,0,-,-,-,-,-,-,1.77,1.57,7.73,-,-,-,-,-,Debt : Short Duration,NIL
Kotak Nifty Alpha 50 ETF,Satish Dondapati,EQ-ETF,Unrated,787.4,0.30,Open Ended,22-Dec-21,Nifty Alpha 50 - TRI,49.65,51.67,42.61,1.72,2.13,-1.00,0.86,-1.41,20.11,-,-,25.84,3.67,177.37,54,73515,35.34,49.74,13.52,Financials,-,-,-,-0.07,0.23,0.40,1.00,21.33,Equity : ETFs,null
Kotak Nifty Alpha 50 Index Fund-Reg(G),Satish Dondapati,EQ-INDX,Unrated,30.9,0.94,Open Ended,19-Aug-25,Nifty Alpha 50 - TRI,10.02,10.35,8.62,1.66,1.96,-1.45,-,-,-,-,-,25.84,3.67,131.26,54,73500,35.39,49.84,13.55,Financials,-,-,-,-,-,-,-,-,Equity : Index Funds,NIL
Kotak Nifty Alpha Low-Volatility 30 Index Fund-Reg(G),Devender Singhal,EQ-INDX,Unrated,-,-,Open Ended,-,NIFTY Alpha Low-Volatility 30 - TRI,-,-,-,-,-,-,-,-,-,-,-,-,-,-,-,-,-,-,-,-,-,-,-,-,-,-,-,-,Equity : Index Funds,NIL
Kotak Nifty Bank ETF,Satish Dondapati,EQ-ETF,Unrated,4736.7,0.15,Open Ended,04-Dec-14,NIFTY BANK - TRI,55.59,636.36,51.96,-2.07,-11.26,-10.07,-3.19,5.19,7.45,9.30,12.26,14.17,1.65,57.55,14,330019,76.16,23.83,-,Financials,-,-,-,-0.02,0.05,0.08,1.00,14.75,Equity : ETFs,Nil
Kotak Nifty Chemicals ETF,Satish Dondapati,EQ-ETF,Unrated,59.3,0.25,Open Ended,12-Nov-25,Nifty Chemicals - TRI,29.06,29.75,24.95,1.56,4.13,0.69,-,-,-,-,-,41.62,3.80,12.18,20,50623,22.75,42.88,34.35,Chemicals,-,-,-,-,-,-,-,-,Equity : ETFs,null
Kotak Nifty Commodities Index Fund-Reg(G),Satish Dondapati,EQ-THEM,Unrated,294.0,0.47,Open Ended,10-Mar-25,NIFTY COMMODITIES - TRI,12.71,13.06,10.61,-0.01,2.87,10.92,18.98,-,-,-,-,16.53,2.30,16.29,34,158605,81.21,15.37,-,Energy,-,-,-,-0.10,0.33,0.69,1.00,-,Equity : Thematic,Nil
Kotak Nifty Financial Services Ex-Bank Index Fund-Reg(G),Satish Dondapati,EQ-INDX,Unrated,97.0,0.73,Open Ended,14-Aug-23,Nifty Financial Services Ex-Bank - TRI,15.49,16.72,13.85,-1.15,-2.82,-5.64,3.96,14.55,-,-,-,24.23,3.27,57.66,30,147020,69,25.27,5.73,Financials,-,-,-,-0.13,0.21,0.41,1.00,-,Equity : Index Funds,Nil
Kotak Nifty G-Sec July 2033 Index Fund-Reg(G),Abhishek Bisen,DT-LD,Unrated,20.9,0.39,Open Ended,11-Oct-23,Nifty G-Sec July 2033 Index,12.10,12.17,11.74,0.48,-0.63,0.85,1.79,6.70,-,-,-,-,-,0,-,-,-,-,-,-,6.50,5.02,7.07,0.06,0.13,0.27,0.87,-,Debt : Long Duration,Nil
Kotak NIFTY India Consumption ETF,Satish Dondapati,EQ-ETF,Unrated,34.7,0.10,Open Ended,28-Jul-22,Nifty India Consumption - TRI,11.45,129.32,10.59,-2.84,-3.85,-10.94,-2.04,4.11,12.32,-,-,38.08,7.06,23.3,30,276185,91.34,8.64,-,FMCG,-,-,-,-0.01,0.18,0.30,1.00,14.35,Equity : ETFs,null
Kotak Nifty India Tourism Index Fund-Reg(G),Satish Dondapati,EQ-INDX,Unrated,33.2,0.96,Open Ended,23-Sep-24,Nifty India Tourism Index - TRI,7.75,10.15,6.96,-1.74,-7.75,-20.34,-19.78,-,-,-,-,52.56,7.92,97.28,15,56201,19.47,61.79,19.63,Travel,-,-,-,-0.10,-0.22,-0.35,1.00,-,Equity : Index Funds,Nil
Kotak Nifty IT ETF,Satish Dondapati,EQ-ETF,Unrated,233.0,0.09,Open Ended,02-Mar-21,NIFTY IT - TRI,34.44,43.24,30.18,2.07,-1.89,-19.64,-18.04,0.06,4.14,4.95,-,20.21,4.84,84.9,10,283995,82.16,17.5,-,Technology,-,-,-,-,0.02,0.04,1.00,22.68,Equity : ETFs,null
Kotak Nifty Midcap 150 ETF,Satish Dondapati,EQ-ETF,Unrated,11.9,0.10,Open Ended,21-Mar-25,Nifty Midcap 150 - TRI,22.63,23.21,19.70,1.24,1.94,-0.32,5.79,-,-,-,-,28.44,3.87,503.9,150,68105,11.58,84.84,3.55,Financials,-,-,-,0.01,0.22,0.43,1.00,-,Equity : ETFs,null
Kotak Nifty Midcap 150 Index Fund-Reg(G),Satish Dondapati,EQ-INDX,Unrated,30.7,0.63,Open Ended,21-Mar-25,Nifty Midcap 150 - TRI,11.38,11.68,9.93,1.18,1.69,-0.75,4.93,-,-,-,-,28.43,3.86,54.45,150,68112,11.74,86.01,3.59,Financials,-,-,-,-0.13,0.19,0.37,0.99,-,Equity : Index Funds,NIL
Kotak NIFTY Midcap 150 Momentum 50 Index Fund-Reg(G),Satish Dondapati,EQ-INDX,Unrated,393.2,0.93,Open Ended,08-Oct-24,Nifty Midcap150 Momentum 50 - TRI,9.30,9.62,8.15,1.87,0.79,-2.22,1.46,-,-,-,-,24.53,3.95,108.68,50,85466,32.62,67.15,0.34,Financials,-,-,6.29,-0.11,-0.08,-0.12,1.00,-,Equity : Index Funds,NIL
Kotak Nifty Midcap 50 ETF,Satish Dondapati,EQ-ETF,Unrated,191.0,0.50,Open Ended,28-Jan-22,Nifty Midcap 50 - TRI,17.63,178.62,15.29,2.36,3.04,-0.69,8.43,9.78,22.06,-,-,31.78,3.86,56.29,50,78930,14.41,85.57,-,Financials,-,-,-,-0.01,0.30,0.58,1.00,17.14,Equity : ETFs,null
Kotak NIFTY Midcap 50 Index Fund-Reg(G),Satish Dondapati,EQ-INDX,Unrated,75.4,0.86,Open Ended,16-Aug-24,Nifty Midcap 50 - TRI,10.50,10.79,9.12,2.27,2.80,-1.18,7.38,-,-,-,-,31.78,3.86,75.01,50,78930,14.4,85.52,-,Financials,-,-,-,-0.10,-0.01,-0.02,1.00,-,Equity : Index Funds,NIL
Kotak NIFTY MNC ETF,Satish Dondapati,EQ-ETF,Unrated,44.6,0.30,Open Ended,05-Aug-22,NIFTY MNC - TRI,32.56,33.65,28.48,-0.44,0.30,4.29,13.93,6.31,15.61,-,-,36.78,8.18,39.29,34,65456,60.62,26.7,5.92,FMCG,-,-,-,-0.03,0.23,0.40,1.00,14.50,Equity : ETFs,null
Kotak Nifty Next 50 ETF,Satish Dondapati,EQ-ETF,Unrated,15.5,0.07,Open Ended,07-Jan-26,NIFTY NEXT 50 - TRI,70.47,72.32,60.66,0.42,0.57,-,-,-,-,-,-,19.49,3.34,-,54,99786,84.43,12.14,-,Financials,-,-,-,-,-,-,-,-,Equity : ETFs,null
Kotak Nifty Next 50 Index Fund-Reg(G),Satish Dondapati,EQ-INDX,Unrated,1066.6,0.49,Open Ended,10-Mar-21,NIFTY NEXT 50 - TRI,19.99,20.52,17.21,0.38,0.44,1.13,5.08,2.09,18.30,12.99,-,19.50,3.34,30.52,54,99150,85.06,12.25,-,Financials,-,-,-,-0.06,0.23,0.42,1.00,17.84,Equity : Index Funds,Nil
Kotak Nifty PSU Bank ETF,Satish Dondapati,EQ-ETF,Unrated,2352.3,0.49,Open Ended,08-Nov-07,NIFTY PSU BANK - TRI,806.87,985.52,674.31,-5.08,-18.07,-5.81,14.93,4.59,25.51,27.12,13.07,8.34,1.21,25.82,12,227085,87.35,12.34,0.3,Financials,-,-,-,-0.04,0.25,0.53,1.00,23.16,Equity : ETFs,NIL
Kotak Nifty SDL Apr 2027 Top 12 Equal Weight Index Fund-Reg(G),Abhishek Bisen,DT-M&LD,Unrated,6742.4,0.35,Open Ended,11-Feb-22,Nifty SDL Apr 2027 Top 12 Equal Weight Index,12.93,12.93,12.27,0.29,1.19,2.66,5.50,7.32,7.09,-,-,-,-,0,-,-,-,-,-,-,0.84,0.79,6.07,0.06,0.22,0.24,0.27,0.87,Debt : Medium to Long Duration,0.15% on or before 30D Nil after 30D
Kotak Nifty SDL Apr 2032 Top 12 Equal Weight Index Fund-Reg(G),Abhishek Bisen,DT-LD,Unrated,3427.7,0.36,Open Ended,11-Feb-22,Nifty SDL Apr 2032 Top 12 Equal Weight Index,13.00,13.14,12.62,-0.06,-0.82,0.59,0.99,6.28,6.42,-,-,-,-,0,-,-,-,-,-,-,5.68,4.48,7.57,0.04,0.02,0.03,0.81,2.65,Debt : Long Duration,Nil
Kotak Nifty SDL Jul 2026 Index Fund-Reg(G),Abhishek Bisen,DT-M&LD,Unrated,96.5,0.41,Open Ended,22-Dec-22,Nifty SDL Jul 2026 Index,12.61,12.61,11.96,0.42,1.29,2.64,5.53,6.94,6.80,-,-,-,-,0,-,-,-,-,-,-,0.19,0.19,5.46,0.03,0.16,0.12,0.19,0.61,Debt : Medium to Long Duration,Nil
Kotak Nifty SDL Jul 2033 Index Fund-Reg(G),Abhishek Bisen,DT-LD,Unrated,192.2,0.43,Open Ended,15-Feb-23,Nifty SDL Jul 2033 Index,12.51,12.61,12.17,0.16,-0.41,0.22,0.51,6.01,6.20,-,-,-,-,0,-,-,-,-,-,-,6.59,4.97,7.64,0.02,-0.01,-0.03,0.84,2.57,Debt : Long Duration,Nil
Kotak Nifty SDL Plus AAA PSU Bond Jul 2028 60:40 Index Fund-Reg(G),Abhishek Bisen,DT-M&LD,Unrated,523.5,0.40,Open Ended,13-Oct-22,Nifty SDL Plus AAA PSU Bond Jul 2028 60:40 Index,12.90,12.91,12.39,0.14,0.28,1.48,3.99,7.06,6.85,-,-,-,-,0,-,-,-,-,-,-,1.91,1.70,7.17,0.05,0.09,0.15,0.45,1.33,Debt : Medium to Long Duration,Nil
Kotak Nifty Smallcap 250 Index Fund-Reg(G),Satish Dondapati,EQ-INDX,Unrated,54.4,0.63,Open Ended,27-Jan-25,Nifty Smallcap 250 - TRI,10.93,11.66,9.19,0.72,6.00,0.28,-0.17,-,-,-,-,29.87,3.11,47.78,250,19945,-,7.05,92.57,Financials,-,-,-,-0.08,0.09,0.19,1.00,-,Equity : Index Funds,NIL
Kotak Nifty Smallcap 50 Index Fund-Reg(G),Satish Dondapati,EQ-INDX,Unrated,200.1,0.78,Open Ended,10-Apr-23,Nifty Smallcap 50 - TRI,20.34,21.30,16.95,1.02,6.44,1.02,2.98,6.62,22.56,-,-,29.77,2.89,81.82,50,25634,-,15.62,84.4,Financials,0.01,0.01,6.78,-0.12,0.26,0.51,0.99,21.24,Equity : Index Funds,Nil
Kotak Nifty Top 10 Equal Weight Index Fund-Reg(G),Satish Dondapati,EQ-INDX,Unrated,38.8,0.92,Open Ended,28-Apr-25,Nifty Top 10 Equal Weight - TRI,8.94,10.61,8.59,-3.13,-8.92,-15.78,-12.95,-,-,-,-,19.96,3.14,34.28,10,707293,99.96,-,-,Financials,-,-,-,-0.09,-0.35,-0.47,1.00,-,Equity : Index Funds,NIL
Kotak Nifty200 Quality 30 ETF,Satish Dondapati,EQ-ETF,Unrated,2.6,0.25,Open Ended,14-Jul-25,NIFTY200 Quality 30 - TRI,20.48,21.84,18.40,-0.71,-0.55,-6.04,-,-,-,-,-,29.37,8.62,206.73,30,178779,73.38,23.85,2.56,FMCG,-,-,-,-,-,-,-,-,Equity : ETFs,null
Kotak Nifty200 Value 30 Index Fund-Reg(G),Satish Dondapati,EQ-INDX,Unrated,32.2,0.52,Open Ended,05-Feb-26,Nifty200 Value 30 - TRI,9.87,10.49,9.07,-1.14,-4.84,-,-,-,-,-,-,7.86,1.45,4.48,34,116473,78.84,16.45,1.08,Energy,-,-,-,-,-,-,-,-,Equity : Index Funds,NIL
Kotak Nifty500 Momentum 50 Index Fund-Reg(G),Satish Dondapati,EQ-INDX,Unrated,21.7,0.52,Open Ended,11-Dec-25,Nifty500 Momentum 50 - TRI,9.85,10.18,8.66,0.86,-0.37,-,-,-,-,-,-,28.77,4.07,75.09,50,138443,62.44,30.22,7.95,Financials,-,-,-,-,-,-,-,-,Equity : Index Funds,NIL
Kotak Overnight Fund-Reg(G),Deepak Agrawal,DT-ON,3,7487.1,0.18,Open Ended,15-Jan-19,Nifty 1D Rate Index,1439.99,1439.99,1368.03,0.43,1.28,2.54,5.28,5.85,6.13,5.49,-,-,-,0,-,-,-,-,-,-,0.01,0.01,5.31,-0.01,-0.79,-0.20,0.85,0.19,Debt : Overnight,Nil
Kotak Pioneer Fund-Reg(G),Harish Bihani,EQ-THEM,Unrated,3495.3,1.86,Open Ended,31-Oct-19,NIFTY 500 - TRI,32.90,33.37,28.44,3.60,6.68,2.66,10.36,11.97,19.85,15.32,-,45.01,5.49,13.49,48,83650,30.33,27.1,17.98,Retail and Other Services,-,-,-,0.51,0.30,0.59,0.96,14.47,Equity : Thematic,0.50% on or before 90D Nil after 90D
Kotak Quality Overseas Equity Omni FOF-Reg(G),Arjun Khanna,FOF-OVR,Unrated,342.6,1.12,Open Ended,25-Mar-26,MSCI World,11.07,11.07,10.00,5.30,-,-,-,-,-,-,-,-,-,-,-,-,-,-,-,-,-,-,-,-,-,-,-,-,FoFs : Overseas,1% on or before 90D NIL after 90D
Kotak Quant Fund-Reg(G),Harsha Upadhyaya,EQ-THEM,Unrated,506.8,1.80,Open Ended,02-Aug-23,NIFTY 200 - TRI,14.69,15.76,13.52,-0.29,-5.18,-3.97,2.66,0.86,-,-,-,23.35,3.48,151.18,56,111639,54.25,40.49,3.5,Financials,-,-,-,0.25,0.18,0.33,1.08,-,Equity : Thematic,0.50% on or before 90D Nil after 90D
Kotak Rural Opportunities Fund-Reg(G),Arjun Khanna,EQ-THEM,Unrated,827.8,2.33,Open Ended,27-Nov-25,Nifty Rural - TRI,9.32,10.56,9.04,-4.96,-9.36,-6.79,-,-,-,-,-,24.76,3.80,7.08,49,145481,67.49,12.11,17.99,Automobile and Ancillaries,-,-,-,-,-,-,-,-,Equity : Thematic,0.50% on or before 90D Nil after 90D
Kotak Savings Fund(G),Deepak Agrawal,DT-USD,3,16823.9,0.82,Open Ended,13-Aug-04,NIFTY Ultra Short Duration Debt Index,45.09,45.09,42.71,0.20,1.22,2.51,5.64,6.51,6.65,5.86,6.30,-,-,0,-,-,-,-,-,-,0.52,0.46,7.34,0.02,0.11,0.05,0.52,0.39,Debt : Ultra Short Duration,Nil
Kotak Services Fund-Reg(G),Rohit Tandon,EQ-THEM,Unrated,743.7,2.37,Open Ended,25-Feb-26,Nifty Services Sector - TRI,9.81,10.54,9.56,-3.35,-2.12,-,-,-,-,-,-,19.12,2.91,-,31,356394,70.88,6.08,8.16,Financials,-,-,-,-,-,-,-,-,Equity : Thematic,0.50% on or before 90D Nil after 90D
Kotak Silver ETF,Jeetu Valechha Sonar,PM-ETF,Unrated,3512.7,0.35,Open Ended,12-Dec-22,Silver,25.52,364.56,20.22,9.72,-1.08,49.17,165.12,67.06,52.34,-,-,-,-,76.33,-,-,-,-,-,-,-,-,-,3.83,0.35,0.99,-0.10,37.80,Metal : ETFs,null
Kotak Silver ETF FoF-Reg(G),Jeetu Valechha Sonar,FOF-DOM,Unrated,944.9,0.64,Open Ended,31-Mar-23,Silver,34.60,48.57,13.50,9.68,-1.82,49.07,161.69,65.70,50.59,-,-,-,-,20.84,-,-,-,-,-,-,-,-,-,3.57,0.34,0.96,-2.42,36.62,FoFs : Domestic,0.5% on or before 30D Nil after 30D
Kotak Small Cap Fund(G),Harish Bihani,EQ-SML,4,17416.5,1.67,Open Ended,24-Feb-05,Nifty Smallcap 250 - TRI,253.37,270.97,217.85,1.00,3.13,-0.48,-2.44,2.40,13.27,13.52,16.52,33.27,3.84,23.94,76,19029,6.92,17.35,74.18,Healthcare,-,-,-,-0.29,0.16,0.30,0.84,17.92,Equity : Small Cap,Nil upto 10% of investment and 1% for remaining investment on or before 1Y Nil after 1Y
Kotak Special Opportunities Fund-Reg(G),Devender Singhal,EQ-THEM,Unrated,1428.9,2.14,Open Ended,29-Jun-24,NIFTY 500 - TRI,10.22,10.38,8.52,1.10,5.78,0.64,7.02,-,-,-,-,28.51,2.68,34.68,35,23786,11.93,28.45,59.59,Financials,-,-,-,0.12,-0.05,-0.08,1.14,-,Equity : Thematic,0.50% on or before 90D Nil after 90D
Kotak Technology Fund-Reg(G),Shibani Kurian,EQ-TECH,Unrated,525.8,2.44,Open Ended,04-Mar-24,BSE TECk Index - TRI,9.77,12.23,9.31,0.64,-1.84,-17.32,-14.02,-1.24,-,-,-,28.66,5.58,18.6,25,234358,65.42,23.49,5.99,Technology,-,-,-,-0.22,-0.05,-0.08,1.07,-,Equity : Sectoral - Technology,0.50% on or before 30D Nil after 30D
Kotak Transportation & Logistics Fund-Reg(G),Nalin Rasik Bhatt,EQ-AUTO,Unrated,499.5,2.45,Open Ended,16-Dec-24,Nifty Transportation & Logistics - TRI,10.64,11.88,9.82,-2.73,-7.80,-10.27,5.24,-,-,-,-,29.47,4.37,29.6,31,66703,48.56,12.29,37.92,Automobile and Ancillaries,-,-,-,0.08,0.06,0.10,0.90,-,Equity : Sectoral - Auto,0.50% on or before 90D Nil after 90D
Kotak US Specific Equity Passive FOF-Reg(G),Arjun Khanna,FOF-OVR,Unrated,4214.6,0.61,Open Ended,02-Feb-21,Nasdaq-100 - TRI,28.78,28.80,18.45,11.32,27.28,26.95,58.42,34.43,34.14,23.39,-,-,-,1.12,-,-,-,-,-,-,-,-,-,2.19,0.44,0.91,0.44,18.63,FoFs : Overseas,Nil
LIC MF Aggressive Hybrid Fund(G),Sumit Bhatnagar,HY-AGR,3,508.8,2.42,Open Ended,01-Jan-91,CRISIL Hybrid 35+65 - Aggressive Index,191.39,203.11,177.45,-0.68,-2.49,-5.29,-2.16,3.79,10.31,8.60,9.20,28.36,3.74,44,48,146101,39.61,13.96,13.38,Financials,0.74,0.16,3.91,-0.04,0.15,0.27,1.20,11.11,Hybrid : Aggressive Hybrid,Nil upto 12% on units and 1% on remaining units on or before 3M Nil after 3M
LIC MF Arbitrage Fund-Reg(G),Sumit Bhatnagar,HY-ARB,Unrated,244.5,0.87,Open Ended,25-Jan-19,Nifty 50 Arbitrage,14.51,14.52,13.75,0.42,1.36,2.83,5.64,6.12,6.48,5.61,-,22.25,2.77,135,42,458806,59.75,5.81,0.48,Financials,-,-,-,-0.04,-0.09,-0.05,0.45,0.40,Hybrid : Arbitrage,0.25% on or before 1M Nil after 1M
LIC MF Balanced Advantage Fund-Reg(G),Sudhanshu Asthana,HY-DYN,Unrated,681.0,2.34,Open Ended,12-Nov-21,NIFTY 50,13.07,14.00,12.55,-0.87,-2.83,-5.02,-5.08,3.31,6.42,-,-,19.12,2.89,53,78,203370,52.24,9.88,13.51,Financials,5.54,4.07,6.82,-0.13,0.05,0.10,0.60,7.88,Hybrid : Dynamic Asset Allocation,Nil upto 12% of units and 1% on remaining units on or before 3M Nil after 3M
LIC MF Banking & Financial Services Fund-Reg(G),Sudhanshu Asthana,EQ-FIN,Unrated,262.1,2.41,Open Ended,27-Mar-15,Nifty Financial Services - TRI,20.09,22.82,19.04,-3.06,-8.59,-10.48,-2.38,3.54,7.26,8.79,9.20,17.04,2.30,41,36,170757,55.83,14.32,24.31,Financials,-,-,-,-0.09,0.07,0.12,0.95,14.76,Equity : Sectoral - Financial Services,Nil upto 12% of units and 1% on remaining units on or before 90D Nil after 90D
LIC MF Banking & PSU Fund-Reg(G),Pratik Shroff,DT-B&PSU,2,1847.9,0.64,Open Ended,30-May-07,NIFTY Banking and PSU Debt Index,36.13,36.16,34.90,0.20,0.38,1.08,3.25,6.54,6.45,5.50,6.47,-,-,0,-,-,-,-,-,-,3.29,2.19,7.25,0.01,-0.01,-0.01,0.45,1.38,Debt : Banking & PSU,NIL
LIC MF BSE Sensex ETF,Nikhil Kapoor,EQ-ETF,Unrated,712.0,0.11,Open Ended,30-Nov-15,BSE SENSEX - TRI,839.13,961.77,807.29,-3.28,-8.47,-13.07,-7.95,1.41,7.11,8.70,12.12,21.37,3.11,8,30,648856,99.95,-,-,Financials,-,-,-,-0.18,0.06,0.11,1.00,12.26,Equity : ETFs,null
LIC MF BSE Sensex Index Fund-Reg(G),Nikhil Kapoor,EQ-INDX,Unrated,91.0,1.05,Open Ended,28-Nov-02,BSE SENSEX - TRI,139.36,160.27,134.33,-3.36,-8.58,-13.40,-8.79,0.43,6.08,7.68,10.88,21.36,3.11,8,30,649848,99.79,-,-,Financials,-,-,-,-0.26,0.04,0.07,1.00,12.23,Equity : Index Funds,0.25% on or before 7D Nil after 7D
LIC MF Childrens Fund-Reg(G),Mahesh Bendre,EQ-FLEX,Unrated,14.8,2.39,Open Ended,16-Oct-01,CRISIL Hybrid 35+65 - Aggressive Index,31.96,33.33,28.70,0.90,1.31,-3.34,0.27,2.51,8.99,7.95,7.87,-,-,66,58,79745,36.12,17.53,28.58,Financials,2.39,1.73,-,-0.16,0.11,0.18,1.34,13.65,Equity : Flexi Cap,Nil
LIC MF Conservative Hybrid Fund(G),Pratik Shroff,HY-CON,Unrated,46.6,2.14,Open Ended,01-Apr-98,CRISIL Hybrid 85+15 - Conservative Index,82.06,83.87,80.77,-0.31,-2.00,-1.97,0.17,4.47,5.22,5.06,6.02,20.96,2.85,0,10,562950,14.56,2.25,0.02,Financials,4.23,3.50,6.82,-0.14,-0.05,-0.10,1.01,3.43,Hybrid : Conservative Hybrid,Nil upto 12% of units and 1% on remaining units on or before 90D Nil after 90D
LIC MF Consumption Fund-Reg(G),Sumit Bhatnagar,EQ-CONS,Unrated,472.3,4.31,Open Ended,21-Nov-25,Nifty India Consumption - TRI,9.25,10.02,8.49,-0.98,-3.07,-7.84,-,-,-,-,-,26.50,5.85,-,54,65692,39.37,26.43,26.92,FMCG,-,-,-,-,-,-,-,-,Equity : Thematic - Consumption,Nil upto 12% of units and 1% for remaining units on or before 90D Nil after 90D
LIC MF Dividend Yield Fund-Reg(G),Dikshit Mittal,EQ-DIV,Unrated,661.3,2.54,Open Ended,21-Dec-18,NIFTY 500 - TRI,30.79,31.87,26.62,2.19,1.11,-2.09,0.70,6.13,19.55,15.63,-,24.09,3.59,58,61,74999,45.16,15.78,35.48,Financials,-,-,-,0.35,0.26,0.49,1.16,16.49,Equity : Thematic - Dividend Yield,Nil upto 12% of units and 1% for remaining units on or before 12M Nil after 12M
LIC MF ELSS Tax Saver-Reg(G),Sumit Bhatnagar,EQ-ELSS,2,993.8,2.21,Open Ended,31-Mar-98,NIFTY 500 - TRI,139.30,156.35,130.31,-2.06,-6.08,-9.83,-7.51,1.53,9.28,10.04,11.62,24.33,3.53,12,53,157284,59.6,15.02,20.11,Financials,-,-,-,-0.20,0.13,0.23,0.92,13.45,Equity : Tax Saving (ELSS),Nil
LIC MF Equity Savings Fund(G),Sumit Bhatnagar,HY-EQS,Unrated,33.9,2.26,Open Ended,07-Mar-11,NIFTY 50 Equity Savings Index,27.96,28.39,26.66,0.20,1.45,-0.61,1.68,5.99,8.75,7.06,6.70,25.99,3.88,59,57,160779,46.58,13.64,6.29,Financials,0.07,0.05,6.79,0.28,0.14,0.28,0.87,6.28,Hybrid : Equity Savings,Nil upto 12% of units and 1% for remaining units on or before 3M Nil after 3M
LIC MF Flexi Cap Fund-Reg(G),Sudhanshu Asthana,EQ-FLEX,2,973.3,3.50,Open Ended,31-Mar-98,NIFTY 500 - TRI,95.96,104.56,86.80,1.50,-1.14,-7.07,3.12,2.89,10.87,9.86,10.09,31.28,3.87,131,40,109208,46.6,27.65,17.73,Financials,-,-,-,-0.17,0.14,0.23,1.03,15.11,Equity : Flexi Cap,Nil upto 12% on units and 1% on remaining units on or before 3M Nil after 3M
LIC MF Focused Fund-Reg(G),Mahesh Bendre,EQ-FOC,3,157.7,5.58,Open Ended,17-Nov-17,NIFTY 500 - TRI,20.37,22.38,18.44,2.83,-1.51,-5.24,-5.41,3.59,8.57,9.22,-,16.10,3.40,148,25,90589,55.87,12.62,25.06,Automobile and Ancillaries,-,-,-,-0.40,0.08,0.14,0.95,14.13,Equity : Focused,Nil upto 12% of units and 1% for remaining units on or before 12M Nil after 12M
LIC MF Gilt Fund-PF(G),Pratik Shroff,DT-GILT,Unrated,44.6,1.10,Open Ended,29-Dec-03,Nifty All Duration G-Sec Index,33.85,34.98,32.94,0.05,-1.56,-0.21,-3.36,3.09,4.09,3.84,5.99,-,-,0,-,-,-,-,-,-,26.73,10.82,7.60,-0.14,-0.17,-0.29,1.17,3.57,Debt : Gilt,0.25% on or before 30D
LIC MF Gilt Fund-Reg(G),Pratik Shroff,DT-GILT,Unrated,44.6,1.10,Open Ended,29-Nov-99,Nifty All Duration G-Sec Index,58.60,60.57,57.03,0.05,-1.56,-0.21,-3.35,3.09,4.09,3.84,5.98,-,-,0,-,-,-,-,-,-,26.73,10.82,7.60,-0.14,-0.17,-0.29,1.17,3.57,Debt : Gilt,0.25% on or before 30D
LIC MF Gold ETF,Sumit Bhatnagar,PM-ETF,Unrated,1405.0,0.45,Open Ended,09-Nov-11,Gold-India,140.06,15263.20,121.78,3.32,-3.48,19.43,61.26,45.57,36.32,25.10,17.33,-,-,-,-,-,-,-,-,-,-,-,-,2.23,0.46,1.13,0.76,16.79,Metal : ETFs,Nil
LIC MF Gold ETF FoF(G),Sumit Bhatnagar,FOF-DOM,Unrated,779.5,0.62,Open Ended,14-Aug-12,Gold-India,40.06,45.99,25.08,3.54,-3.07,19.58,59.55,43.96,35.13,24.44,16.10,-,-,-,-,-,-,-,-,-,-,-,-,2.13,0.43,1.10,0.56,16.95,FoFs : Domestic,1% on or before 15D Nil after 15D
LIC MF Healthcare Fund-Reg(G),Sudhanshu Asthana,EQ-PHRM,Unrated,84.5,2.44,Open Ended,28-Feb-19,BSE Health Care - TRI,30.33,31.46,26.94,3.58,5.92,2.34,8.04,13.05,21.52,10.31,-,48.04,5.40,23,26,58268,32.01,28.91,35.21,Healthcare,-,-,-,1.15,0.33,0.75,0.61,14.52,Equity : Sectoral - Pharma,Nil upto 12% of units and 1% for remaining units on or before 90D Nil after 90D
LIC MF Infra Fund-Reg(G),Mahesh Bendre,EQ-INFRA,Unrated,1046.7,2.18,Open Ended,24-Mar-08,Nifty Infrastructure - TRI,52.80,54.31,45.19,2.25,4.91,6.96,7.80,8.02,27.26,23.23,17.27,15.72,3.45,88,55,64881,44.61,16.42,31.48,Automobile and Ancillaries,-,-,-,0.59,0.31,0.59,1.04,20.90,Equity : Sectoral - Infrastructure,Nil upto 12% of units and 1% on remaining units on or before 90D Nil after 90D
LIC MF Large & Midcap Fund-Reg(G),Sudhanshu Asthana,EQ-L&M,2,2958.5,3.54,Open Ended,25-Feb-15,NIFTY LargeMidcap 250 - TRI,36.64,39.68,33.92,-0.63,-4.01,-6.31,-4.34,2.92,14.30,12.27,14.30,35.53,5.64,94,48,165016,51.31,39.14,3.13,Financials,-,-,-,-0.10,0.20,0.38,1.00,14.97,Equity : Large & Mid Cap,Nil upto 12% on units and 1% on remaining units on or before 3M Nil after 3M
LIC MF Large Cap Fund-Reg(G),Sumit Bhatnagar,EQ-LC,2,1352.1,3.56,Open Ended,31-Mar-98,NIFTY 100 - TRI,51.01,57.86,48.34,-2.37,-7.39,-11.66,-8.31,0.21,7.42,7.33,9.99,17.39,3.29,50,41,382415,83.85,6.81,2.37,Financials,-,-,-,-0.25,0.08,0.13,1.00,13.13,Equity : Large Cap,Nil upto 12% on units and 1% on remaining units on or before 3M Nil after 3M
LIC MF Liquid Fund-Reg(G),Rahul Singh,DT-LIQ,3,15638.3,0.20,Open Ended,13-Mar-02,CRISIL Liquid Debt Index,4985.64,4985.64,4699.36,0.49,1.67,3.14,6.12,6.65,6.84,6.01,6.02,-,-,0,-,-,-,-,-,-,0.09,0.09,6.03,-,0.18,0.05,1.11,0.25,Debt : Liquid,0.007% for Day 1 0.0065% on Day 2 0.0060% on Day 3 0.0055% on Day 4 0.0050% on Day 5 0.0045% on Day 6 NIL on or after 7D
LIC MF Low Duration Fund(G),Rahul Singh,DT-LOWD,3,1692.2,0.47,Open Ended,04-Jun-03,CRISIL Low Duration Debt Index,41.48,41.48,39.44,0.25,1.14,2.23,5.21,6.44,6.47,5.62,5.89,-,-,0,-,-,-,-,-,-,0.92,0.86,7.06,-0.04,-0.02,-0.01,1.15,0.53,Debt : Low Duration,Nil
LIC MF Manufacturing Fund-Reg(G),Mahesh Bendre,EQ-THEM,Unrated,750.9,2.29,Open Ended,11-Oct-24,Nifty India Manufacturing - TRI,10.88,11.19,9.17,2.49,6.30,7.87,11.58,-,-,-,-,19.43,4.63,86,48,50899,37.56,15.47,41.18,Automobile and Ancillaries,-,-,-,0.08,0.05,0.10,1.17,-,Equity : Thematic,Nil upto 12% of units and 1% for remaining units on or before 90D Nil after 90D
LIC MF Medium to Long Duration Fund-Reg(G),Pratik Shroff,DT-M&LD,2,187.1,0.61,Open Ended,15-Sep-99,CRISIL Medium to Long Term Debt Index,73.91,74.12,71.99,0.18,-0.21,0.81,1.05,5.91,5.83,5.19,6.07,-,-,0,-,-,-,-,-,-,10.69,5.31,7.16,-0.02,-0.07,-0.15,0.82,2.26,Debt : Medium to Long Duration,0.25% on or before 15D Nil after 15D
LIC MF Midcap Fund-Reg(G),Dikshit Mittal,EQ-MID,2,346.6,2.44,Open Ended,25-Jan-17,Nifty Midcap 150 - TRI,29.22,29.90,25.09,1.67,2.82,-1.38,1.31,5.40,18.12,14.04,-,34.72,4.75,34,65,48564,11.71,62.91,20.79,Financials,-,-,-,-0.21,0.24,0.46,0.99,17.10,Equity : Mid Cap,Nil upto 12% of units and 1% for remaining units on or before 12M Nil after 12M
LIC MF Money Market Fund-Reg(G),Rahul Singh,DT-MM,Unrated,5439.2,0.38,Open Ended,01-Aug-22,Nifty Money Market Index,1253.79,1253.79,1185.24,0.30,1.28,2.60,5.86,6.14,6.23,-,-,-,-,0,-,-,-,-,-,-,0.52,0.52,6.89,-0.02,-0.21,-0.10,0.37,0.38,Debt : Money Market,Nil
LIC MF Multi Asset Allocation Fund-Reg(G),Sumit Bhatnagar,HY-MULTI,Unrated,940.5,3.82,Open Ended,14-Feb-25,NIFTY 500 - TRI,11.92,12.54,10.82,0.71,-2.56,-1.48,8.59,-,-,-,-,17.15,3.58,58,50,151382,41.83,13.03,11.24,Financials,-,-,-,0.58,0.28,0.47,0.75,-,Hybrid : Multi Asset Allocation,1% on or before 3M Nil after 3M
LIC MF Multi Cap Fund-Reg(G),Dikshit Mittal,EQ-MLC,Unrated,1849.3,3.13,Open Ended,31-Oct-22,Nifty500 Multicap 50:25:25 - TRI,17.13,17.73,15.01,2.14,0.61,-2.38,2.36,7.79,17.85,-,-,30.59,4.20,43,67,79142,38,27.44,28.17,Financials,-,-,-,0.14,0.24,0.44,1.01,15.89,Equity : Multi Cap,Nil upto 12% of units and 1% for remaining units on or before 12M Nil after 12M
LIC MF Nifty 100 ETF,Nikhil Kapoor,EQ-ETF,Unrated,727.1,0.28,Open Ended,17-Mar-16,NIFTY 100 - TRI,267.21,293.28,249.43,-1.92,-5.71,-8.57,-3.02,2.79,10.64,10.00,12.54,19.68,3.00,7,104,395163,96.55,2.78,0.15,Financials,-,-,-,-0.03,0.14,0.25,1.00,12.76,Equity : ETFs,null
LIC MF Nifty 50 ETF,Nikhil Kapoor,EQ-ETF,Unrated,858.5,0.08,Open Ended,20-Nov-15,NIFTY 50 - TRI,262.14,293.15,248.95,-2.41,-6.99,-10.43,-4.59,3.10,9.24,9.70,12.41,19.98,3.02,5,50,532706,99.26,0.67,-,Financials,-,-,-,-0.01,0.11,0.20,1.00,12.16,Equity : ETFs,null
LIC MF Nifty 50 Index Fund(G),Nikhil Kapoor,EQ-INDX,Unrated,360.1,1.06,Open Ended,28-Nov-02,NIFTY 50 - TRI,129.44,145.29,123.09,-2.49,-7.17,-10.84,-5.53,2.08,8.18,8.62,11.13,19.98,3.02,8,50,533068,99.17,0.67,-,Financials,-,-,-,-0.09,0.09,0.16,1.00,12.13,Equity : Index Funds,0.25% on or before 7D Nil after 7D
LIC MF Nifty 8-13 yr G-Sec ETF,Pratik Shroff,DT-ETF,Unrated,1867.9,0.20,Open Ended,24-Dec-14,Nifty 8-13 yr G-Sec,28.80,29.04,28.07,0.65,-0.54,0.41,1.20,6.47,6.50,5.37,6.66,-,-,0,-,-,-,-,-,-,8.91,6.67,7.11,-0.01,0.02,0.05,0.99,2.44,Debt : ETFs,Nil
LIC MF Nifty Midcap 100 ETF,Nikhil Kapoor,EQ-ETF,Unrated,637.3,0.15,Open Ended,14-Feb-24,Nifty Midcap 100 - TRI,61.25,62.87,52.93,1.76,2.88,-0.24,6.32,8.86,-,-,-,28.93,3.86,28,100,72410,13.53,84.54,1.85,Financials,-,-,-,-0.01,0.11,0.21,1.00,-,Equity : ETFs,null
LIC MF Nifty Next 50 Index Fund(G),Nikhil Kapoor,EQ-INDX,Unrated,103.4,1.05,Open Ended,20-Sep-10,NIFTY NEXT 50 - TRI,51.96,53.33,44.79,0.35,0.36,0.97,4.99,1.82,18.04,12.70,13.36,18.37,2.92,26,54,104086,83.99,12.19,0.84,Financials,-,-,-,-0.08,0.23,0.42,1.00,17.81,Equity : Index Funds,Nil
LIC MF Overnight Fund-Reg(G),Rahul Singh,DT-ON,2,529.8,0.17,Open Ended,18-Jul-19,Nifty 1D Rate Index,1396.80,1396.80,1326.97,0.44,1.29,2.55,5.28,5.83,6.10,5.48,-,-,-,0,-,-,-,-,-,-,0.01,0.01,5.33,-0.02,-0.87,-0.21,0.81,0.18,Debt : Overnight,Nil
LIC MF Short Duration Fund-Reg(G),Pratik Shroff,DT-SD,2,138.1,1.42,Open Ended,01-Feb-19,CRISIL Short Duration Debt Index,15.10,15.11,14.60,0.14,0.15,1.10,3.33,6.21,6.16,5.03,-,-,-,0,-,-,-,-,-,-,3.15,2.63,7.19,-0.01,-0.07,-0.11,0.41,1.21,Debt : Short Duration,Nil
LIC MF Small Cap Fund-Reg(G),Dikshit Mittal,EQ-SML,2,660.0,2.81,Open Ended,21-Jun-17,Nifty Smallcap 250 - TRI,31.43,32.38,25.84,2.36,10.29,6.05,5.64,5.28,17.05,17.61,-,33.25,3.96,82,60,12093,1.87,4.05,89.18,Capital Goods,-,-,-,-0.11,0.20,0.35,0.95,20.44,Equity : Small Cap,Nil upto 12% of units and 1% for remaining units on or before 12M Nil after 12M
LIC MF Technology Fund-Reg(G),Sumit Bhatnagar,EQ-TECH,Unrated,82.2,2.21,Open Ended,13-Mar-26,BSE TECk Index - TRI,10.86,10.86,9.95,2.83,-,-,-,-,-,-,-,35.51,6.99,-,29,140089,38.82,34.38,8.97,Technology,-,-,-,-,-,-,-,-,Equity : Sectoral - Technology,NIL upto 12% of units and 1% for remaining units on or before 90D Nil after 90D
LIC MF ULIS,Dikshit Mittal,HY-AGR,3,428.9,2.39,Open Ended,19-Jun-89,CRISIL Hybrid 35+65 - Aggressive Index,34.57,37.91,32.40,-1.45,-3.46,-6.35,-7.17,2.36,7.35,8.04,9.54,-,-,2,44,162669,50.72,6.48,19.5,Financials,-,-,-,-0.25,0.07,0.14,1.10,10.21,Hybrid : Aggressive Hybrid,Nil
LIC MF Ultra Short Duration Fund-Reg(G),Rahul Singh,DT-USD,Unrated,341.8,1.37,Open Ended,27-Nov-19,CRISIL Ultra Short Term Debt Index,1387.32,1387.32,1316.39,0.29,1.31,2.51,5.44,6.25,6.27,5.49,-,-,-,0,-,-,-,-,-,-,0.34,0.34,6.68,-0.05,-0.20,-0.09,0.97,0.38,Debt : Ultra Short Duration,Nil
LIC MF Value Fund-Reg(G),Mahesh Bendre,EQ-VAL,2,207.8,3.13,Open Ended,20-Aug-18,NIFTY 500 - TRI,26.14,26.66,22.57,2.14,3.57,5.02,11.09,8.10,16.05,13.13,-,16.42,3.43,192,54,70636,47.56,14.93,35.39,Automobile and Ancillaries,-,-,-,0.13,0.20,0.34,1.11,17.10,Equity : Value / Contra,Nil upto 12% of units and 1% for remaining units on or before 12M Nil after 12M
Magnum Hybrid Long Short Fund-Reg(G),Gaurav Mehta,HY-LS,Unrated,3462.0,2.02,Open Ended,23-Oct-25,NIFTY 50 Hybrid Composite Debt 50:50 Index,10.22,10.30,9.96,-,-,-,-,-,-,-,-,23.25,2.93,0,28,283140,58.46,4.84,3.72,Financials,1.90,1.66,7.07,-,-,-,-,-,Hybrid : Long - Short,0.50% on or before 15D 0.25% after 15D but on on or before 30D Nil after 30D
Mahindra Manulife Aggressive Hybrid Fund-Reg(G),Fatema Pacha,HY-AGR,Unrated,2264.3,1.73,Open Ended,19-Jul-19,CRISIL Hybrid 35+65 - Aggressive Index,26.05,28.14,24.88,-1.84,-4.89,-7.14,-2.95,4.94,12.65,11.83,-,25.57,3.43,68,67,249465,57.34,14.17,5.56,Financials,4.20,2.58,7.35,0.15,0.21,0.40,1.15,10.44,Hybrid : Aggressive Hybrid,Nil upto 10% of units and 1% for remaining units on or before 3M Nil after 3M
Mahindra Manulife Arbitrage Fund-Reg(G),Mitul Doshi,HY-ARB,Unrated,112.3,0.97,Open Ended,24-Aug-20,Nifty 50 Arbitrage,12.90,12.92,12.28,0.32,1.15,2.50,5.22,5.33,5.57,4.78,-,21.14,2.55,888,24,388509,67.39,0.69,-,Financials,0.01,0.01,5.23,-0.12,-0.67,-0.41,0.47,0.41,Hybrid : Arbitrage,0.25% on or before 30D Nil after 30D
Mahindra Manulife Asia Pacific REITs FOF-Reg(G),Krishna Sanghavi,FOF-OVR,Unrated,42.2,1.18,Open Ended,20-Oct-21,FTSE EPRA Nareit Asia ex Japan REITs Index,10.70,10.98,8.66,-0.02,0.15,7.04,24.98,16.82,7.80,-,-,-,-,-,-,-,-,-,-,-,-,-,-,0.04,0.06,0.11,0.50,15.23,FoFs : Overseas,Nil upto 10% of units and 1% for remaining units on or before 12M Nil after 12M
Mahindra Manulife Balanced Advantage Fund-Reg(G),Neelesh Dhamnaskar,HY-DYN,Unrated,887.0,1.97,Open Ended,30-Dec-21,NIFTY 50 Hybrid Composite Debt 50:50 Index,14.23,14.87,13.39,-0.65,-2.41,-3.39,-0.22,3.62,10.89,-,-,25.09,3.20,127,59,180573,45.14,18.98,6.81,Financials,4.22,2.67,7.23,0.21,0.18,0.34,0.71,9.53,Hybrid : Dynamic Asset Allocation,Nil upto 10% of units and 1% for remaining units on or before 3M Nil after 3M
Mahindra Manulife Banking & Financial Services Fund-Reg(G),Vishal Jajoo,EQ-FIN,Unrated,427.2,2.10,Open Ended,18-Jul-25,Nifty Financial Services - TRI,10.02,11.04,9.29,-2.04,-7.45,-5.17,-,-,-,-,-,19.19,2.35,-,30,188710,60.24,18.88,15.81,Financials,-,-,-,-,-,-,-,-,Equity : Sectoral - Financial Services,0.50% on or before 3M Nil after 3M
Mahindra Manulife Business Cycle Fund-Reg(G),Krishna Sanghavi,EQ-THEM,Unrated,1306.4,1.85,Open Ended,11-Sep-23,NIFTY 500 - TRI,15.32,15.72,13.89,-0.46,-0.77,-0.25,6.18,6.03,-,-,-,20.42,2.65,91,70,90627,47.57,23.04,25.78,Financials,-,-,-,0.43,0.22,0.42,1.06,-,Equity : Thematic,1% on or before 3M Nil after 3M
Mahindra Manulife Consumption Fund-Reg(G),Navin Matta,EQ-CONS,Unrated,503.7,2.10,Open Ended,13-Nov-18,Nifty India Consumption - TRI,20.72,23.73,19.32,-2.87,-4.47,-10.91,-5.88,-0.24,9.08,10.28,-,33.41,6.52,38,48,127402,63.81,16.25,15.86,FMCG,-,-,-,-0.24,0.12,0.20,0.97,14.38,Equity : Thematic - Consumption,1% on or before 3M Nil after 3M
Mahindra Manulife Dynamic Bond Fund-Reg(G),Rahul Pal,DT-CR,Unrated,52.2,1.35,Open Ended,20-Aug-18,CRISIL Dynamic Bond Index,14.65,14.66,14.29,0.17,0.25,0.86,1.65,5.52,5.75,4.58,-,-,-,0,-,-,-,-,-,-,5.16,2.88,7.54,-0.03,-0.08,-0.20,0.95,2.10,Debt : Credit Risk,Nil
Mahindra Manulife ELSS Tax Saver Fund-Reg(G),Fatema Pacha,EQ-ELSS,4,888.5,1.96,Open Ended,18-Oct-16,NIFTY 500 - TRI,26.41,29.61,25.16,-2.78,-6.99,-10.35,-6.46,0.64,9.37,10.42,-,23.15,3.38,64,60,263103,74.43,14.45,7.79,Financials,-,-,-,-0.24,0.12,0.22,0.92,12.77,Equity : Tax Saving (ELSS),Nil
Mahindra Manulife Equity Savings Fund-Reg(G),Renjith Sivaram,HY-EQS,3,531.1,2.08,Open Ended,01-Feb-17,NIFTY 50 Equity Savings Index - TRI,20.91,21.42,20.20,-0.62,-1.41,-1.39,3.29,4.97,8.90,7.76,-,21.85,2.79,419,61,243495,52.11,3.99,8.45,Financials,2.38,1.90,7.14,0.28,0.18,0.37,0.63,5.08,Hybrid : Equity Savings,Nil upto 10% of units and 1% for remaining units on or before 15D Nil after 15D
Mahindra Manulife Flexi Cap Fund-Reg(G),Fatema Pacha,EQ-FLEX,Unrated,1542.0,1.81,Open Ended,23-Aug-21,NIFTY 500 - TRI,15.31,16.83,14.28,-2.09,-5.24,-8.81,-4.37,2.14,11.39,-,-,24.57,3.45,80,71,191358,64.61,21.44,12.21,Financials,-,-,-,-0.11,0.16,0.29,0.96,13.28,Equity : Flexi Cap,1% on or before 3M Nil after 3M
Mahindra Manulife Focused Fund-Reg(G),Krishna Sanghavi,EQ-FOC,Unrated,2207.8,1.74,Open Ended,17-Nov-20,NIFTY 500 - TRI,26.39,27.81,24.55,-0.79,-3.32,-3.57,1.03,3.64,16.52,14.99,-,17.77,2.53,49,30,325756,88.25,4.84,3.77,Financials,-,-,-,0.26,0.25,0.47,0.91,13.06,Equity : Focused,1% on or before 3M Nil after 3M
Mahindra Manulife Income Plus Arbitrage Active FOF-Reg(G),Amit Garg,FOF-DOM,Unrated,18.6,0.55,Open Ended,05-Dec-25,CRISIL Composite Bond Index,10.20,10.20,10.00,0.27,0.89,-,-,-,-,-,-,-,-,-,-,-,-,-,-,-,-,-,-,-,-,-,-,-,FoFs : Domestic,NIL
Mahindra Manulife Innovation Opportunities Fund-Reg(G),Kirti Dalvi,EQ-THEM,Unrated,181.4,2.10,Open Ended,30-Jan-26,NIFTY 500 - TRI,10.41,10.59,9.18,2.17,3.02,-,-,-,-,-,-,33.61,4.87,-,44,119179,45.98,34.01,17.43,Financials,-,-,-,-,-,-,-,-,Equity : Thematic,0.50% on or before 3M Nil after 3M
Mahindra Manulife Large & Mid Cap Fund-Reg(G),Neelesh Dhamnaskar,EQ-L&M,Unrated,2688.1,1.69,Open Ended,30-Dec-19,NIFTY LargeMidcap 250 - TRI,26.21,27.90,23.98,0.03,-2.35,-4.74,-1.20,0.86,13.52,12.95,-,28.68,3.42,96,66,139805,51.3,34.98,9.81,Financials,-,-,-,-0.16,0.19,0.35,0.99,14.74,Equity : Large & Mid Cap,1% on or before 3M Nil after 3M
Mahindra Manulife Large Cap Fund-Reg(G),Fatema Pacha,EQ-LC,3,700.9,2.04,Open Ended,15-Mar-19,NIFTY 100 - TRI,21.37,24.17,20.56,-2.80,-8.14,-10.72,-6.74,1.01,9.64,8.73,-,20.51,3.18,58,41,422682,90.75,6.19,-,Financials,-,-,-,-0.07,0.12,0.22,0.96,12.50,Equity : Large Cap,1% on or before 3M Nil after 3M
Mahindra Manulife Liquid Fund-Reg(G),Rahul Pal,DT-LIQ,5,1058.9,0.22,Open Ended,04-Jul-16,CRISIL Liquid Debt Index,1794.88,1794.88,1691.46,0.49,1.64,3.12,6.14,6.68,6.87,6.07,-,-,-,0,-,-,-,-,-,-,0.13,0.12,6.26,-,0.23,0.06,1.06,0.23,Debt : Liquid,0.007% for Day 1 0.0065% on Day 2 0.0060% on Day 3 0.0055% on Day 4 0.0050% on Day 5 0.0045% on Day 6 NIL on or after 7D
Mahindra Manulife Low Duration Fund-Reg(G),Rahul Pal,DT-LOWD,2,561.0,0.94,Open Ended,15-Feb-17,CRISIL Low Duration Debt Index,1714.31,1714.31,1629.84,0.24,1.04,2.18,5.24,6.46,6.55,5.61,-,-,-,0,-,-,-,-,-,-,1.02,0.91,7.40,-0.04,0.03,0.02,1.14,0.53,Debt : Low Duration,Nil
Mahindra Manulife Manufacturing Fund-Reg(G),Renjith Sivaram,EQ-THEM,Unrated,675.0,2.05,Open Ended,24-Jun-24,Nifty India Manufacturing - TRI,10.08,10.39,9.01,-0.65,0.79,0.61,4.65,-,-,-,-,33.94,3.97,24,44,65347,43.08,12.9,36.2,Automobile and Ancillaries,-,-,-,-0.36,-0.06,-0.11,0.97,-,Equity : Thematic,0.50% on or before 3M Nil after 3M
Mahindra Manulife Mid Cap Fund-Reg(G),Kirti Dalvi,EQ-MID,3,4687.7,1.61,Open Ended,30-Jan-18,Nifty Midcap 150 - TRI,35.22,35.90,30.69,1.06,2.79,3.50,8.10,7.80,22.53,18.75,-,32.09,3.53,61,59,57626,10.01,74.43,12.46,Financials,-,-,-,0.13,0.32,0.60,0.95,16.15,Equity : Mid Cap,1% on or before 3M Nil after 3M
Mahindra Manulife Multi Asset Allocation Fund-Reg(G),Renjith Sivaram,HY-MULTI,Unrated,1097.6,1.64,Open Ended,13-Mar-24,NIFTY 500 - TRI,13.37,13.94,11.70,-0.46,-2.10,0.95,13.96,12.23,-,-,-,24.08,3.13,48,55,177143,37.74,5.72,11.49,Financials,3.08,2.11,7.35,0.60,0.29,0.56,0.50,-,Hybrid : Multi Asset Allocation,0.50% on or before 3M Nil after 3M
Mahindra Manulife Multi Cap Fund-Reg(G),Vishal Jajoo,EQ-MLC,5,6438.6,1.56,Open Ended,11-May-17,Nifty500 Multicap 50:25:25 - TRI,36.62,37.25,32.13,1.35,2.29,0.95,6.43,7.07,18.70,16.10,-,26.38,3.77,112,82,64283,38.95,27.8,30.49,Financials,-,-,-,0.19,0.26,0.50,1.02,15.54,Equity : Multi Cap,1% on or before 3M Nil after 3M
Mahindra Manulife Overnight Fund-Reg(G),Rahul Pal,DT-ON,2,128.1,0.17,Open Ended,23-Jul-19,CRISIL Liquid Overnight Index,1396.59,1396.59,1327.29,0.42,1.26,2.51,5.24,5.82,6.10,5.49,-,-,-,0,-,-,-,-,-,-,0.01,0.01,5.38,0.01,-0.83,-0.21,0.98,0.19,Debt : Overnight,Nil
Mahindra Manulife Short Duration Fund-Reg(G),Rahul Pal,DT-SD,1,86.0,1.09,Open Ended,23-Feb-21,CRISIL Short Duration Debt Index,13.26,13.27,12.74,0.17,0.52,1.49,3.99,6.48,6.44,5.46,-,-,-,0,-,-,-,-,-,-,2.84,2.13,7.64,0.03,-0.01,-0.01,1.32,1.02,Debt : Short Duration,Nil
Mahindra Manulife Small Cap Fund-Reg(G),Vishal Jajoo,EQ-SML,Unrated,4461.5,1.62,Open Ended,12-Dec-22,BSE 250 Small Cap - TRI,19.98,20.51,16.98,0.59,7.23,1.73,7.16,5.72,21.70,-,-,24.75,3.33,90,72,19593,4.56,20.26,68.67,Financials,-,-,-,1.02,0.27,0.52,1.12,18.66,Equity : Small Cap,1% on or before 3M Nil after 3M
Mahindra Manulife Ultra Short Duration Fund-Reg(G),Rahul Pal,DT-USD,2,211.9,0.62,Open Ended,17-Oct-19,CRISIL Ultra Short Term Debt Index,1449.65,1449.65,1370.13,0.34,1.48,2.73,5.85,6.67,6.78,5.92,-,-,-,0,-,-,-,-,-,-,0.50,0.45,6.96,-0.01,0.19,0.09,1.00,0.38,Debt : Ultra Short Duration,Nil
Mahindra Manulife Value Fund-Reg(G),Krishna Sanghavi,EQ-VAL,Unrated,777.1,2.02,Open Ended,03-Mar-25,NIFTY 500 - TRI,12.20,12.35,10.83,0.12,0.77,2.48,8.69,-,-,-,-,19.85,2.47,-,73,72544,39.34,29.82,28.96,Financials,-,-,-,0.52,0.22,0.40,0.95,-,Equity : Value / Contra,0.50% on or before 3M Nil after 3M
Mirae Asset Aggressive Hybrid Fund-Reg(G),Harshad Borawake,HY-AGR,4,9363.5,1.51,Open Ended,29-Jul-15,CRISIL Hybrid 35+65 - Aggressive Index,32.24,33.80,30.33,-1.56,-3.55,-3.38,1.78,6.21,11.31,10.07,12.17,21.38,3.02,92,80,225417,55.9,10.12,8.8,Financials,4.62,2.65,7.53,0.05,0.18,0.34,1.13,10.12,Hybrid : Aggressive Hybrid,1% on or before 1Y(365D) Nil after 1Y(365D)
Mirae Asset Arbitrage Fund-Reg(G),Jignesh Rao,HY-ARB,Unrated,3460.8,0.79,Open Ended,19-Jun-20,Nifty 50 Arbitrage,13.66,13.69,12.96,0.38,1.22,2.76,5.68,6.12,6.62,5.76,-,21.32,3.24,1730,180,127145,45.51,28.73,5.47,Financials,0.01,0.01,5.34,-0.04,0.03,0.02,0.53,0.46,Hybrid : Arbitrage,0.25% on or before 15D Nil after 15D
Mirae Asset Balanced Advantage Fund-Reg(G),Harshad Borawake,HY-DYN,Unrated,2067.5,1.75,Open Ended,11-Aug-22,NIFTY 50 Hybrid Composite Debt 50:50 Index,14.22,14.68,13.61,-0.99,-2.38,-2.19,1.96,5.83,10.13,-,-,20.05,3.07,240,112,216187,51.4,8.04,8.4,Financials,4.37,3.11,6.72,0.16,0.19,0.36,0.57,7.20,Hybrid : Dynamic Asset Allocation,1% on or before 6M (180D) Nil after 6M (180D)
Mirae Asset Banking and Financial Services Fund-Reg(G),Abhijith Vara,EQ-FIN,Unrated,2173.9,1.74,Open Ended,11-Dec-20,Nifty Financial Services - TRI,20.07,22.64,19.04,-3.03,-9.42,-8.89,-0.52,8.27,12.39,11.39,-,17.63,2.30,26,32,226746,63,15.51,18.06,Financials,-,-,-,0.27,0.16,0.29,0.94,14.34,Equity : Sectoral - Financial Services,1% on or before 1Y Nil after 1Y
Mirae Asset Banking and PSU Fund-Reg(G),Kruti Chheta,DT-B&PSU,1,41.7,0.69,Open Ended,24-Jul-20,CRISIL Banking and PSU Debt Index,13.38,13.39,12.97,0.25,0.08,0.83,2.71,6.10,6.13,5.32,-,-,-,0,-,-,-,-,-,-,3.93,2.70,7.32,-,-0.06,-0.13,1.06,1.39,Debt : Banking & PSU,Nil
Mirae Asset BSE 200 Equal Weight ETF,Ekta Gala,EQ-ETF,Unrated,19.1,0.28,Open Ended,10-Mar-25,BSE 200 Equal Weight - TRI,13.34,13.68,11.82,-0.06,-0.70,-1.39,3.63,-,-,-,-,22.07,3.40,-,200,116100,47.53,52.39,-,Financials,-,-,-,0.56,0.15,0.28,1.06,-,Equity : ETFs,null
Mirae Asset BSE 200 Equal Weight ETF FoF-Reg(G),Ekta Gala,FOF-DOM,Unrated,6.5,0.53,Open Ended,18-Mar-25,BSE 200 Equal Weight - TRI,11.35,11.68,10.09,-0.11,-0.80,-1.85,2.00,-,-,-,-,-,-,-,-,-,-,-,-,-,-,-,-,0.71,0.12,0.22,1.03,-,FoFs : Domestic,0.05% on or before 15D Nil after 15D
Mirae Asset BSE 500 Dividend Leaders 50 ETF,Ekta Gala,EQ-ETF,Unrated,9.9,0.17,Open Ended,15-Dec-25,BSE 500 Dividend Leaders 50 TRI,36.39,37.76,33.30,-1.87,-1.70,-,-,-,-,-,-,11.44,2.10,-,50,141913,66.82,22.63,10.43,Energy,-,-,-,-,-,-,-,-,Equity : ETFs,null
Mirae Asset BSE India Defence ETF,Ekta Gala,EQ-ETF,Unrated,76.4,0.28,Open Ended,13-Feb-26,BSE India Defence - TRI,75.11,77.25,58.98,0.66,10.26,-,-,-,-,-,-,45.32,8.08,-,33,99466,53.39,21.54,25.09,Capital Goods,-,-,-,-,-,-,-,-,Equity : ETFs,null
Mirae Asset BSE India Defence ETF FOF-Reg(G),Ekta Gala,FOF-DOM,Unrated,46.0,0.56,Open Ended,23-Feb-26,BSE India Defence - TRI,11.09,11.43,8.84,0.59,10.02,-,-,-,-,-,-,-,-,-,-,-,-,-,-,-,-,-,-,-,-,-,-,-,FoFs : Domestic,0.05% on or before 15D Nil after 15D
Mirae Asset BSE Select IPO ETF,Ekta Gala,EQ-ETF,Unrated,19.0,0.28,Open Ended,10-Mar-25,BSE Select IPO Index - TRI,42.95,50.57,38.12,-0.99,1.47,-11.02,-10.32,-,-,-,-,47.13,4.36,-,73,61154,22.16,48.26,29.66,Financials,-,-,-,-1.01,0.01,0.02,0.91,-,Equity : ETFs,null
Mirae Asset BSE Select IPO ETF FoF-Reg(G),Ekta Gala,FOF-DOM,Unrated,7.6,0.53,Open Ended,18-Mar-25,BSE Select IPO Index - TRI,10.52,12.40,9.37,-1.17,1.32,-11.22,-11.30,-,-,-,-,-,-,-,-,-,-,-,-,-,-,-,-,-1.20,-0.03,-0.05,0.89,-,FoFs : Domestic,0.05% on or before 15D Nil after 15D
Mirae Asset BSE Sensex ETF,Ekta Gala,EQ-ETF,Unrated,42.9,0.05,Open Ended,29-Sep-23,BSE SENSEX - TRI,76.66,87.85,73.75,-3.28,-8.46,-13.07,-7.90,1.46,-,-,-,21.37,3.11,-,30,648954,99.97,-,-,Financials,9.99,6.91,6.88,0.09,0.03,0.06,1.00,-,Equity : ETFs,null
Mirae Asset Corp Bond Fund-Reg(G),Kruti Chheta,DT-CORP,Unrated,46.3,0.58,Open Ended,17-Mar-21,CRISIL Corporate Bond Index,13.22,13.23,12.78,0.24,0.09,0.92,3.07,6.38,6.29,5.42,-,-,-,0,-,-,-,-,-,-,4.21,2.83,7.50,-,-0.03,-0.06,0.47,1.36,Debt : Corporate Bond,Nil
Mirae Asset CRISIL IBX Gilt Index - April 2033 Index Fund-Reg(G),Pranavi Kulkarni,DT-GILT,Unrated,217.6,0.39,Open Ended,20-Oct-22,CRISIL IBX Gilt Index - April 2033,13.00,13.11,12.65,0.40,-0.90,0.48,1.43,6.61,6.50,-,-,-,-,0,-,-,-,-,-,-,6.40,4.98,7.06,0.05,0.03,0.06,0.93,2.41,Debt : Gilt,Nil
Mirae Asset CRISIL-IBX Financial Services 9-12 Months Debt Index Fund-Reg(G),Pranavi Kulkarni,DT-LOWD,Unrated,110.9,0.24,Open Ended,25-Jun-25,CRISIL-IBX Financial Services 9-12 Months Debt Index,10.51,10.51,10.00,0.22,1.15,2.29,-,-,-,-,-,-,-,0,-,-,-,-,-,-,0.74,0.69,7.09,-,-,-,-,-,Debt : Low Duration,NIL
Mirae Asset Diversified Equity Allocator Passive FOF-Reg(G),Siddharth Srivastava,FOF-DOM,Unrated,988.8,0.08,Open Ended,21-Sep-20,NIFTY 200 - TRI,24.34,26.19,22.35,-1.20,-3.96,-6.36,-0.88,3.75,12.56,11.58,-,-,-,-,-,-,-,-,-,-,-,-,-,-0.01,0.18,0.32,1.00,13.24,FoFs : Domestic,0.05% on or before 5D Nil after 5D
Mirae Asset Dynamic Bond Fund-Reg(G),Basant Bafna,DT-DYN,3,116.2,0.87,Open Ended,24-Mar-17,CRISIL Dynamic Bond Index,16.89,16.89,16.15,0.22,0.97,2.04,4.64,6.45,6.16,4.91,-,-,-,0,-,-,-,-,-,-,0.80,0.74,6.61,-0.02,-0.10,-0.12,0.32,0.83,Debt : Dynamic Bond,Nil
Mirae Asset ELSS Tax Saver Fund-Reg(G),Neelesh Surana,EQ-ELSS,4,25266.7,1.38,Open Ended,28-Dec-15,NIFTY 500 - TRI,48.26,51.42,43.57,-0.05,-3.12,-5.85,1.07,6.11,14.11,11.96,16.61,23.09,3.08,116,69,136937,55.7,20.78,20.38,Financials,-,-,-,0.02,0.19,0.35,1.00,13.77,Equity : Tax Saving (ELSS),Nil
Mirae Asset Equity Savings Fund-Reg(G),Harshad Borawake,HY-EQS,3,1918.4,1.16,Open Ended,17-Dec-18,NIFTY 50 Equity Savings Index,20.70,21.10,19.96,-0.54,-1.30,-0.74,3.48,6.95,9.77,8.68,-,20.41,3.01,405,130,198018,48.08,11.73,6.7,Financials,3.57,2.50,6.25,0.36,0.20,0.41,0.89,5.56,Hybrid : Equity Savings,1% on or before 90D Nil after 90D
Mirae Asset Flexi Cap Fund-Reg(G),Varun Goel,EQ-FLEX,Unrated,3959.7,1.63,Open Ended,24-Feb-23,NIFTY 500 - TRI,15.52,16.62,14.30,-1.10,-3.43,-6.22,1.38,5.71,13.03,-,-,24.40,3.66,27,92,162905,62.51,20.44,14.33,Financials,-,-,-,0.01,0.19,0.35,0.94,13.13,Equity : Flexi Cap,1% on or before 365D Nil after 365D
Mirae Asset Focused Fund-Reg(G),Gaurav Misra,EQ-FOC,Unrated,6596.4,1.55,Open Ended,14-May-19,NIFTY 500 - TRI,23.21,26.57,20.86,-0.06,-3.28,-11.54,-8.62,2.74,6.54,6.87,-,28.55,3.66,46,29,113766,49.51,17.86,27.72,Financials,-,-,-,-0.54,0.05,0.08,0.97,14.31,Equity : Focused,1% on or before 1Y(365D) Nil after 1Y(365D)
Mirae Asset Global Electric & Autonomous Vehicles Equity Passive FOF-Reg(G),Siddharth Srivastava,FOF-OVR,Unrated,74.9,0.36,Open Ended,07-Sep-22,Solactive Autonomous & Electric Vehicles Index - TRI,19.22,19.46,9.32,6.38,26.85,44.62,106.08,38.78,24.56,-,-,-,-,-,-,-,-,-,-,-,-,-,-,1.54,0.24,0.49,0.40,24.32,FoFs : Overseas,1% on or before 1Y(365D) Nil after 1Y(365D)
Mirae Asset Global X Artificial Intelligence & Technology ETF FoF-Reg(G),Siddharth Srivastava,FOF-OVR,Unrated,430.7,0.22,Open Ended,07-Sep-22,Indxx Artificial Intelligence & Big Data Index - TRI,38.46,38.46,20.50,23.71,43.90,46.17,90.61,46.94,44.07,-,-,-,-,-,-,-,-,-,-,-,-,-,-,2.62,0.41,0.92,0.53,23.84,FoFs : Overseas,1% on or before 1Y(365D) Nil after 1Y(365D)
Mirae Asset Gold ETF,Ritesh Patel,PM-ETF,Unrated,3203.2,0.33,Open Ended,20-Feb-23,Gold-India,151.07,169.40,93.58,3.32,-2.37,19.84,60.73,45.20,36.02,-,-,-,-,-,-,-,-,-,-,-,-,-,-,2.23,0.47,1.21,0.59,16.19,Metal : ETFs,null
Mirae Asset Gold ETF FoF-Reg(G),Ritesh Patel,FOF-DOM,Unrated,507.1,0.57,Open Ended,25-Oct-24,Gold-India,19.42,22.12,12.16,3.37,-3.13,19.20,58.84,-,-,-,-,-,-,-,-,-,-,-,-,-,-,-,-,3.70,0.65,1.44,1.88,-,FoFs : Domestic,0.05% on or before 15D Nil after 15D
Mirae Asset Gold Silver Passive FoF-Reg(G),Ritesh Patel,FOF-DOM,Unrated,1306.4,0.57,Open Ended,29-Aug-25,Gold-India,18.04,22.43,10.00,5.28,-2.42,32.25,-,-,-,-,-,-,-,-,-,-,-,-,-,-,-,-,-,-,-,-,-,-,FoFs : Domestic,0.05% on or before 15D Nil after 15D
Mirae Asset Great Consumer Fund-Reg(G),Siddhant Chhabria,EQ-CONS,3,4455.5,1.62,Open Ended,29-Mar-11,Nifty India Consumption - TRI,86.52,98.57,78.88,-2.28,-3.25,-10.26,-4.36,2.16,10.55,12.75,14.91,46.06,7.07,45,38,121740,67.73,9.57,22.23,Retail and Other Services,-,-,-,-0.19,0.13,0.22,1.03,15.32,Equity : Thematic - Consumption,1% on or before 1Y(365D) Nil after 1Y(365D)
Mirae Asset Hang Seng TECH ETF,Siddharth Srivastava,EQ-ETF,Unrated,383.0,0.50,Open Ended,07-Dec-21,Hang Seng TECH TRI,21.17,25.31,18.60,1.97,0.92,-7.21,6.95,26.93,16.56,-,-,-,-,-,30,-,-,-,-,-,-,-,-,0.49,0.12,0.28,1.38,33.23,Equity : ETFs,null
Mirae Asset Hang Seng TECH ETF FoF-Reg(G),Ekta Gala,FOF-OVR,Unrated,80.4,0.40,Open Ended,08-Dec-21,Hang Seng TECH TRI,12.09,17.39,10.89,2.91,-1.56,-6.88,7.33,29.66,19.82,-,-,-,-,-,-,-,-,-,-,-,-,-,-,1.56,0.14,0.41,-0.22,36.92,FoFs : Overseas,0.50% on or before 3M Nil after 3M
Mirae Asset Healthcare Fund-Reg(G),Vrijesh Kasera,EQ-PHRM,4,2939.2,1.68,Open Ended,02-Jul-18,BSE Health Care - TRI,41.24,42.96,36.01,3.18,5.56,7.54,12.24,15.38,23.95,13.88,-,43.75,5.38,34,32,73872,33.99,41.37,24.6,Healthcare,-,-,-,0.04,0.37,0.85,0.96,14.71,Equity : Sectoral - Pharma,1% on or before 1Y(365D) Nil after 1Y(365D)
Mirae Asset Income plus Arbitrage Active FOF-Reg(G),Basant Bafna,FOF-DOM,Unrated,21.7,0.28,Open Ended,04-Jul-25,Nifty Short Duration Debt Index,10.44,10.45,10.00,0.31,0.70,2.00,-,-,-,-,-,-,-,-,-,-,-,-,-,-,-,-,-,-,-,-,-,-,FoFs : Domestic,0.25% on or before 15D Nil after 15D
Mirae Asset Infrastructure Fund-Reg(G),Bharti Sawant,EQ-INFRA,Unrated,398.4,2.10,Open Ended,05-Dec-25,BSE India Infrastructure Index - TRI,10.72,10.97,9.14,0.77,3.84,-,-,-,-,-,-,27.17,3.78,-,41,129328,56.38,20.58,18.68,Capital Goods,-,-,-,-,-,-,-,-,Equity : Sectoral - Infrastructure,Nil upto 15% of units and 1% for remaining units on or before 365D Nil after 365
Mirae Asset Large & Midcap Fund-Reg(G),Neelesh Surana,EQ-L&M,5,42337.7,1.28,Open Ended,09-Jul-10,NIFTY LargeMidcap 250 - TRI,149.94,158.99,135.72,-0.23,-2.85,-5.26,2.54,5.24,14.58,12.01,16.79,22.52,3.18,105,86,126521,47.05,38.62,11.37,Financials,-,-,-,-0.13,0.20,0.37,0.99,14.22,Equity : Large & Mid Cap,1% on or before 1Y(365D) Nil after 1Y(365D)
Mirae Asset Large Cap Fund-Reg(G),Gaurav Misra,EQ-LC,4,38239.2,1.30,Open Ended,04-Apr-08,NIFTY 100 - TRI,107.18,118.56,99.68,-1.70,-5.78,-9.55,-3.66,4.06,9.42,9.10,12.53,23.64,3.33,39,81,303133,84.69,9.39,4.44,Financials,-,-,-,-0.11,0.11,0.20,0.96,12.50,Equity : Large Cap,1% on or before 1Y(365D) Nil after 1Y(365D)
Mirae Asset Liquid Fund-Reg(G),Pranavi Kulkarni,DT-LIQ,3,13590.3,0.16,Open Ended,12-Jan-09,Nifty Liquid Fund Index,2891.04,2891.04,2725.90,0.47,1.62,3.09,6.09,6.65,6.84,6.04,6.02,-,-,0,-,-,-,-,-,-,0.12,0.11,6.11,0.02,0.20,0.06,0.29,0.25,Debt : Liquid,0.007% for Day 1 0.0065% on Day 2 0.0060% on Day 3 0.0055% on Day 4 0.0050% on Day 5 0.0045% on Day 6 NIL on or after 7D
Mirae Asset Long Duration Fund-Reg(G),Kruti Chheta,DT-LD,Unrated,16.9,0.61,Open Ended,06-Dec-24,CRISIL Long Duration Debt Index,10.19,10.52,9.93,0.01,-1.64,-0.36,-3.23,-,-,-,-,-,-,0,-,-,-,-,-,-,28.52,11.02,7.61,-0.17,-0.31,-0.53,1.32,-,Debt : Long Duration,NIL
Mirae Asset Low Duration Fund-Reg Savings Plan(G),Basant Bafna,DT-LOWD,2,2313.7,0.74,Open Ended,05-Mar-08,NIFTY Low Duration Debt Index,2368.31,2368.31,2252.57,0.20,0.95,2.06,5.18,6.55,6.62,5.70,5.85,-,-,0,-,-,-,-,-,-,1.04,0.93,7.18,0.01,0.06,0.04,0.14,0.56,Debt : Low Duration,Nil
Mirae Asset Midcap Fund-Reg(G),Ankit Jain,EQ-MID,Unrated,18387.7,1.42,Open Ended,29-Jul-19,Nifty Midcap 150 - TRI,37.74,38.55,32.87,1.44,1.64,-1.41,9.00,8.29,19.33,16.19,-,36.45,3.62,108,64,56672,9.19,72.41,15.41,Financials,-,-,-,-0.12,0.26,0.49,0.98,16.51,Equity : Mid Cap,1% on or before 365D Nil after 365D
Mirae Asset Money Market Fund-Reg(G),Pranavi Kulkarni,DT-MM,Unrated,4016.1,0.35,Open Ended,11-Aug-21,Nifty Money Market Index,1325.99,1325.99,1256.51,0.24,1.16,2.42,5.61,6.77,6.89,-,-,-,-,0,-,-,-,-,-,-,0.69,0.65,7.01,0.05,0.22,0.13,0.67,0.50,Debt : Money Market,NIL
Mirae Asset Multi Asset Allocation Fund-Reg(G),Harshad Borawake,HY-MULTI,Unrated,3341.6,1.64,Open Ended,31-Jan-24,NIFTY 500 - TRI,13.24,13.71,11.91,-0.47,-2.38,1.62,10.93,12.00,-,-,-,22.13,3.18,240,129,207207,48.95,9.23,8.93,Financials,2.51,1.90,6.38,0.52,0.27,0.49,0.51,-,Hybrid : Multi Asset Allocation,1% on or before 6M (180D) Nil after 6M (180D)
Mirae Asset Multi Factor Passive FOF-Reg(G),Ritesh Patel,FOF-DOM,Unrated,23.7,0.50,Open Ended,29-Aug-25,NIFTY 500 - TRI,10.52,10.79,9.42,0.15,-1.03,-1.20,-,-,-,-,-,-,-,-,-,-,-,-,-,-,-,-,-,-,-,-,-,-,FoFs : Domestic,0.05% on or before 5D Nil after 5D
Mirae Asset Multicap Fund-Reg(G),Ankit Jain,EQ-MLC,Unrated,4954.3,1.61,Open Ended,21-Aug-23,Nifty500 Multicap 50:25:25 - TRI,14.05,14.89,12.65,-0.49,-2.19,-5.50,1.14,6.37,-,-,-,25.02,3.43,93,81,71972,35.51,31.28,31.67,Financials,-,-,-,-0.03,0.14,0.25,0.97,-,Equity : Multi Cap,1% on or before 365D Nil after 365D
Mirae Asset Nifty 100 ESG Sector Leaders ETF,Ekta Gala,EQ-ETF,Unrated,98.6,0.35,Open Ended,18-Nov-20,Nifty100 ESG Sector Leaders - TRI,40.19,44.99,37.81,-2.11,-5.63,-10.04,-4.69,3.18,10.13,8.67,-,22.25,3.15,-,64,464962,96.35,3.65,-,Financials,-,-,-,-0.05,0.13,0.23,1.00,12.54,Equity : ETFs,null
Mirae Asset Nifty 100 ESG Sector Leaders FoF-Reg(G),Ekta Gala,FOF-DOM,Unrated,84.2,0.40,Open Ended,18-Nov-20,Nifty100 ESG Sector Leaders - TRI,17.47,19.55,16.45,-2.10,-5.74,-10.18,-5.23,2.82,9.66,8.18,-,-,-,-,1,-,-,-,-,-,-,-,-,-0.09,0.12,0.21,0.99,12.48,FoFs : Domestic,0.05% on or before 15D Nil after 15D
Mirae Asset Nifty 100 Low Volatility 30 ETF,Ekta Gala,EQ-ETF,Unrated,46.5,0.29,Open Ended,24-Mar-23,Nifty100 Low Volatility 30 - TRI,198.97,218.48,187.28,-1.47,-5.54,-7.93,-0.85,5.08,12.31,-,-,28.39,4.52,-,30,334926,93.82,6.19,-,Financials,-,-,-,-0.03,0.19,0.34,1.00,12.46,Equity : ETFs,null
Mirae Asset Nifty 1D Rate Liquid ETF(G),Krishnpal Yadav,DT-ETF,Unrated,768.9,0.14,Open Ended,07-Nov-24,Nifty 1D Rate Index,1088.00,1088.00,1035.16,0.42,1.23,2.44,5.12,-,-,-,-,-,-,0,-,-,-,-,-,-,0.01,0.01,5.14,-0.03,-2.02,-0.47,0.85,-,Debt : ETFs,null
Mirae Asset Nifty 1D Rate Liquid ETF(IDCW),Krishnpal Yadav,DT-ETF,Unrated,587.8,0.25,Open Ended,27-Jul-23,Nifty 1D Rate Index,1000.00,1000.00,1000.00,0.41,1.18,2.37,4.98,5.56,-,-,-,-,-,0,-,-,-,-,-,-,0.01,0.01,5.14,-0.03,-1.14,-0.32,0.89,-,Debt : ETFs,null
Mirae Asset Nifty 200 Alpha 30 ETF,Ekta Gala,EQ-ETF,Unrated,406.0,0.38,Open Ended,20-Oct-23,Nifty200 Alpha 30 - TRI,25.41,26.35,22.02,2.10,0.14,-1.79,4.44,-0.63,-,-,-,22.74,3.54,-,34,85728,45.74,52.21,-,Financials,-,-,-,-0.05,0.17,0.30,1.00,-,Equity : ETFs,null
Mirae Asset Nifty 50 ETF,Ekta Gala,EQ-ETF,Unrated,5235.7,0.04,Open Ended,20-Nov-18,NIFTY 50 - TRI,254.15,284.12,241.25,-2.41,-6.96,-10.42,-4.55,3.14,9.33,9.75,-,19.99,3.02,-,50,532359,99.32,0.67,-,Financials,-,-,-,-,0.11,0.20,1.00,12.16,Equity : ETFs,null
Mirae Asset Nifty 50 Index Fund-Reg(G),Ekta Gala,EQ-INDX,Unrated,61.1,0.59,Open Ended,24-Oct-24,NIFTY 50 - TRI,9.65,10.82,9.18,-2.47,-7.20,-10.76,-5.28,-,-,-,-,19.99,3.02,-,50,532363,99.39,0.67,-,Financials,-,-,-,-0.08,-0.12,-0.18,1.00,-,Equity : Index Funds,NIL
Mirae Asset Nifty 500 Healthcare ETF,Ekta Gala,EQ-ETF,Unrated,9.2,0.12,Open Ended,10-Feb-26,Nifty500 Healthcare Index - TRI,19.62,20.40,17.63,3.92,4.69,-,-,-,-,-,-,40.03,5.03,-,49,78284,39.57,40.82,19.54,Healthcare,-,-,-,-,-,-,-,-,Equity : ETFs,null
Mirae Asset Nifty 500 Value 50 ETF,Ekta Gala,EQ-ETF,Unrated,11.8,0.18,Open Ended,20-Mar-26,NIFTY500 Value 50 - TRI,16.57,16.96,14.89,-0.22,-,-,-,-,-,-,-,8.45,1.51,-,54,93707,68.08,18.5,9.71,Energy,-,-,-,-,-,-,-,-,Equity : ETFs,null
Mirae Asset Nifty 8-13 yr G-Sec ETF,Pranavi Kulkarni,DT-ETF,Unrated,93.5,0.09,Open Ended,31-Mar-23,Nifty 8-13 yr G-Sec,29.77,29.98,28.89,0.70,-0.23,0.86,1.70,6.70,6.67,-,-,-,-,0,-,-,-,-,-,-,8.83,6.45,7.07,-,0.04,0.09,0.97,2.38,Debt : ETFs,null
Mirae Asset Nifty AAA PSU Bond Plus SDL Apr 2026 50:50 Index Fund-Reg(G),Pranavi Kulkarni,DT-B&PSU,Unrated,72.6,0.36,Open Ended,20-Oct-22,Nifty AAA Bond Plus SDL Apr 2026 50:50 Index,12.71,12.71,12.07,0.55,1.51,2.86,6.14,7.08,6.89,-,-,-,-,0,-,-,-,-,-,-,0.01,0.01,5.14,0.03,0.22,0.13,0.14,0.50,Debt : Banking & PSU,Nil
Mirae Asset Nifty Bank ETF,Ekta Gala,EQ-ETF,Unrated,297.1,0.09,Open Ended,20-Jul-23,NIFTY BANK - TRI,545.71,624.51,510.02,-2.07,-11.25,-10.04,-3.14,5.25,-,-,-,14.17,1.65,-,14,330019,76.18,23.83,-,Financials,-,-,-,-0.01,0.03,0.06,1.00,-,Equity : ETFs,null
Mirae Asset Nifty Energy ETF,Ekta Gala,EQ-ETF,Unrated,313.1,0.18,Open Ended,07-Nov-25,NIFTY ENERGY - TRI,40.32,41.67,33.10,-1.30,8.63,13.63,-,-,-,-,-,16.80,2.43,-,40,186046,67.64,26.65,4.9,Energy,-,-,-,-,-,-,-,-,Equity : ETFs,null
Mirae Asset Nifty EV and New Age Automotive ETF,Ekta Gala,EQ-ETF,Unrated,160.0,0.35,Open Ended,10-Jul-24,Nifty EV and New Age Automotive - TRI,30.71,32.14,26.39,1.02,-2.00,-3.72,4.29,-,-,-,-,24.16,4.33,-,38,90457,44.51,29.7,25.83,Automobile and Ancillaries,-,-,-,-0.03,-0.11,-0.18,1.00,-,Equity : ETFs,null
Mirae Asset Nifty Financial Services ETF,Ekta Gala,EQ-ETF,Unrated,431.8,0.11,Open Ended,30-Jul-21,Nifty Financial Services - TRI,25.73,29.40,24.30,-2.37,-10.11,-9.98,-4.85,7.65,9.45,-,-,17.61,2.33,-,20,446970,94.46,4.78,0.77,Financials,-,-,-,-0.01,0.09,0.16,1.00,14.37,Equity : ETFs,null
Mirae Asset Nifty India Infrastructure & Logistics ETF,Ekta Gala,EQ-ETF,Unrated,9.1,0.18,Open Ended,12-Feb-26,Nifty India Infrastructure & Logistics Index - TRI,11.98,12.36,10.19,0.23,4.76,-,-,-,-,-,-,29.86,4.22,-,100,145125,64.01,24.09,11.54,Energy,-,-,-,-,-,-,-,-,Equity : ETFs,null
Mirae Asset Nifty India Internet ETF,Ekta Gala,EQ-ETF,Unrated,27.0,0.21,Open Ended,01-Jul-25,Nifty India Internet & E-Commerce - TRI,12.04,15.01,10.76,-0.82,1.50,-17.76,-,-,-,-,-,82.87,4.85,-,27,66632,22.21,59.26,18.55,Retail and Other Services,-,-,-,-,-,-,-,-,Equity : ETFs,null
Mirae Asset Nifty India Manufacturing ETF,Ekta Gala,EQ-ETF,Unrated,246.7,0.36,Open Ended,27-Jan-22,Nifty India Manufacturing - TRI,159.75,163.88,141.60,1.08,-0.31,2.53,11.37,7.49,21.81,-,-,20.51,3.99,-,80,129857,68.5,27.02,2.37,Automobile and Ancillaries,-,-,-,-0.04,0.31,0.60,1.00,15.38,Equity : ETFs,null
Mirae Asset Nifty India Manufacturing ETF FoF-Reg(G),Ekta Gala,FOF-DOM,Unrated,118.3,0.37,Open Ended,31-Jan-22,Nifty India Manufacturing - TRI,19.70,20.20,17.56,1.29,-0.18,2.64,11.05,6.85,21.22,-,-,-,-,-,-,-,-,-,-,-,-,-,-,-0.08,0.31,0.59,1.00,15.30,FoFs : Domestic,0.05% on or before 15D Nil after 15D
Mirae Asset Nifty India New Age Consumption ETF,Ekta Gala,EQ-ETF,Unrated,50.5,0.25,Open Ended,26-Dec-24,Nifty India New Age Consumption - TRI,10.87,12.44,9.72,-1.23,-3.07,-10.81,-4.26,-,-,-,-,25.77,5.73,-,75,119589,55.57,34.27,10.19,Automobile and Ancillaries,-,-,-,-0.64,-0.11,-0.18,1.00,-,Equity : ETFs,null
Mirae Asset Nifty India New Age Consumption ETF FoF-Reg(G),Ekta Gala,FOF-DOM,Unrated,19.2,0.47,Open Ended,02-Jan-25,Nifty India New Age Consumption - TRI,8.91,10.22,7.97,-1.32,-3.52,-11.19,-5.14,-,-,-,-,-,-,-,-,-,-,-,-,-,-,-,-,-0.57,-0.09,-0.15,0.99,-,FoFs : Domestic,0.05% on or before 15D Nil after 15D
Mirae Asset Nifty IT ETF,Ekta Gala,EQ-ETF,Unrated,97.6,0.09,Open Ended,20-Oct-23,NIFTY IT - TRI,32.89,41.32,28.83,2.03,-1.94,-19.69,-18.18,-0.01,-,-,-,20.21,4.84,-,10,283998,82.29,17.52,-,Technology,-,-,-,-0.01,-0.02,-0.03,1.00,-,Equity : ETFs,null
Mirae Asset Nifty LargeMidcap 250 Index Fund-Reg(G),Ekta Gala,EQ-INDX,Unrated,38.0,0.78,Open Ended,24-Oct-24,NIFTY LargeMidcap 250 - TRI,10.14,10.71,9.15,-0.36,-2.07,-4.83,0.61,-,-,-,-,23.50,3.43,-,254,160375,53.31,44.71,1.81,Financials,-,-,-,-0.09,-0.03,-0.05,1.00,-,Equity : Index Funds,NIL
Mirae Asset Nifty Metal ETF,Ekta Gala,EQ-ETF,Unrated,504.5,0.30,Open Ended,03-Oct-24,NIFTY METAL - TRI,13.64,13.81,9.05,5.24,10.55,30.71,47.78,-,-,-,-,19.48,2.88,-,19,58847,68.35,20.91,1.8,Metals,-,-,-,-0.02,0.26,0.54,1.00,-,Equity : ETFs,null
Mirae Asset Nifty Metal ETF FOF-Reg(G),Ekta Gala,FOF-DOM,Unrated,69.1,0.59,Open Ended,26-Feb-26,NIFTY METAL - TRI,10.90,11.04,8.73,5.23,10.32,-,-,-,-,-,-,-,-,-,-,-,-,-,-,-,-,-,-,-,-,-,-,-,FoFs : Domestic,0.05% on or before 15D NIL after 15D
Mirae Asset Nifty Midcap 150 ETF,Ekta Gala,EQ-ETF,Unrated,1690.2,0.05,Open Ended,09-Mar-22,Nifty Midcap 150 - TRI,22.76,23.35,19.81,1.25,1.96,-0.27,6.00,8.01,21.24,-,-,28.44,3.87,-,150,68101,11.58,84.87,3.55,Financials,-,-,-,-,0.29,0.55,1.00,16.68,Equity : ETFs,null
Mirae Asset Nifty MidSmallcap400 Momentum Quality 100 ETF,Ekta Gala,EQ-ETF,Unrated,446.2,0.37,Open Ended,22-May-24,Nifty MidSmallcap400 Momentum Quality 100 - TRI,50.26,51.65,42.63,1.29,6.36,1.56,1.21,1.91,-,-,-,27.90,5.07,-,100,62203,27.03,51.75,21.23,Financials,-,-,-,-0.04,-0.03,-0.06,1.00,-,Equity : ETFs,null
Mirae Asset Nifty MidSmallcap400 Momentum Quality 100 ETF FoF-Reg(G),Ekta Gala,FOF-DOM,Unrated,266.3,0.52,Open Ended,30-May-24,Nifty MidSmallcap400 Momentum Quality 100 - TRI,10.04,10.36,8.52,1.23,6.40,1.21,0.53,0.92,-,-,-,-,-,-,-,-,-,-,-,-,-,-,-,-0.15,-0.05,-0.10,0.99,-,FoFs : Domestic,0.05% on or before 15D Nil after 15D
Mirae Asset Nifty Next 50 ETF,Ekta Gala,EQ-ETF,Unrated,1258.5,0.05,Open Ended,24-Jan-20,NIFTY NEXT 50 - TRI,721.91,740.83,620.95,0.43,0.56,1.39,5.71,2.69,19.07,13.57,-,19.51,3.34,-,54,98965,84.47,12.16,-,Financials,-,-,-,-,0.24,0.44,1.00,17.92,Equity : ETFs,null
Mirae Asset Nifty PSU Bank ETF,Ekta Gala,EQ-ETF,Unrated,55.9,0.17,Open Ended,01-Oct-24,NIFTY PSU BANK - TRI,81.24,99.17,67.69,-5.06,-18.02,-5.67,15.30,-,-,-,-,8.34,1.21,-,12,227086,87.38,12.34,0.3,Financials,-,-,-,-0.02,0.14,0.24,1.00,-,Equity : ETFs,null
Mirae Asset Nifty SDL Jun 2027 Index Fund-Reg(G),Pranavi Kulkarni,DT-M&LD,Unrated,477.4,0.33,Open Ended,30-Mar-22,Nifty SDL Jun 2027 Index,12.92,12.92,12.29,0.31,1.02,2.45,5.24,7.31,7.09,-,-,-,-,0,-,-,-,-,-,-,1.03,0.95,6.36,0.06,0.20,0.24,0.30,0.94,Debt : Medium to Long Duration,Nil
Mirae Asset Nifty SDL June 2028 Index Fund-Reg(G),Pranavi Kulkarni,DT-M&LD,Unrated,69.1,0.48,Open Ended,31-Mar-23,Nifty SDL June 2028 Index,12.43,12.43,11.97,0.15,0.13,1.50,3.66,6.98,6.81,-,-,-,-,0,-,-,-,-,-,-,2.00,1.78,7.00,0.05,0.07,0.13,0.49,1.46,Debt : Medium to Long Duration,Nil
Mirae Asset Nifty Smallcap 250 ETF,Ekta Gala,EQ-ETF,Unrated,66.5,0.14,Open Ended,07-Nov-25,Nifty Smallcap 250 - TRI,16.97,17.45,14.24,0.78,6.23,0.67,-,-,-,-,-,29.87,3.11,-,250,19945,-,7.05,92.53,Financials,-,-,-,-,-,-,-,-,Equity : ETFs,null
Mirae Asset Nifty Smallcap 250 Momentum Quality 100 ETF,Ekta Gala,EQ-ETF,Unrated,938.9,0.39,Open Ended,23-Feb-24,Nifty Smallcap250 Momentum Quality 100 - TRI,44.89,48.58,37.56,1.38,6.88,-0.14,-2.43,-1.53,-,-,-,26.96,4.14,-,100,22564,-,14.18,85.87,Financials,-,-,-,-0.05,-0.01,-0.02,1.00,-,Equity : ETFs,null
Mirae Asset Nifty Smallcap 250 Momentum Quality 100 ETF FoF-Reg(G),Ekta Gala,FOF-DOM,Unrated,226.6,0.50,Open Ended,01-Mar-24,Nifty Smallcap250 Momentum Quality 100 - TRI,9.87,10.72,8.25,1.31,6.70,-0.48,-3.30,-2.47,-,-,-,-,-,-,-,-,-,-,-,-,-,-,-,-0.15,-0.02,-0.03,0.99,-,FoFs : Domestic,0.05% on or before 15D Nil after 15D
Mirae Asset Nifty Top 20 Equal Weight ETF,Ritesh Patel,EQ-ETF,Unrated,11.9,0.08,Open Ended,15-Dec-25,Nifty Top 20 Equal Weight - TRI,8.45,9.72,8.17,-3.71,-9.57,-,-,-,-,-,-,22.48,3.55,-,20,556494,99.89,-,-,Financials,-,-,-,-,-,-,-,-,Equity : ETFs,null
Mirae Asset Nifty Total Market Index Fund-Reg(G),Ekta Gala,EQ-INDX,Unrated,50.2,0.80,Open Ended,28-Oct-24,Nifty Total Market - TRI,9.94,10.60,9.02,-0.94,-2.79,-6.12,-1.61,-,-,-,-,22.09,3.18,-,755,178130,66.57,18.99,13.77,Financials,-,-,-,-0.08,-0.07,-0.12,1.00,-,Equity : Index Funds,Nil
Mirae Asset Nifty200 Alpha 30 ETF FoF-Reg(G),Ekta Gala,FOF-DOM,Unrated,186.7,0.52,Open Ended,26-Jul-24,Nifty200 Alpha 30 - TRI,8.81,9.12,7.63,2.18,-0.26,-2.51,3.48,-,-,-,-,-,-,-,-,-,-,-,-,-,-,-,-,-0.16,-0.14,-0.22,0.99,-,FoFs : Domestic,0.05% on or before 15D Nil after 15D
Mirae Asset Nifty50 Equal Weight ETF,Ekta Gala,EQ-ETF,Unrated,148.0,0.10,Open Ended,09-May-25,NIFTY50 Equal Weight - TRI,324.68,339.96,297.70,-0.59,-3.04,-3.28,4.56,-,-,-,-,19.21,3.34,-,50,302635,98.07,1.91,-,Financials,-,-,-,-0.03,0.02,0.02,1.00,-,Equity : ETFs,null
Mirae Asset Nifty500 Multicap 50:25:25 ETF,Ekta Gala,EQ-ETF,Unrated,83.7,0.13,Open Ended,30-Aug-24,Nifty500 Multicap 50:25:25 - TRI,16.01,16.75,14.30,-0.40,-0.81,-4.16,0.25,-,-,-,-,23.79,3.25,-,504,114964,49.68,24.56,25.25,Financials,-,-,-,-0.01,-0.11,-0.19,1.00,-,Equity : ETFs,null
Mirae Asset NYSE FANG+ ETF,Siddharth Srivastava,EQ-ETF,Unrated,3748.7,0.55,Open Ended,06-May-21,NYSE FANG+ TRI,173.65,173.65,118.36,14.56,34.45,18.83,49.31,37.95,42.45,28.99,-,-,-,-,10,-,-,-,-,-,-,-,-,2.19,0.41,0.87,1.03,24.77,Equity : ETFs,null
Mirae Asset NYSE FANG+ETF FoF-Reg(G),Ekta Gala,FOF-OVR,Unrated,2370.5,0.35,Open Ended,10-May-21,NYSE FANG+ TRI,41.93,41.93,27.86,11.52,29.30,15.76,47.17,41.29,50.22,32.18,-,-,-,-,-,-,-,-,-,-,-,-,-,3.39,0.42,1.00,0.48,28.10,FoFs : Overseas,0.50% on or before 3M Nil after 3M
Mirae Asset Overnight Fund-Reg(G),Krishnpal Yadav,DT-ON,2,1389.3,0.15,Open Ended,15-Oct-19,Nifty 1D Rate Index,1385.11,1385.11,1315.81,0.43,1.27,2.54,5.28,5.85,6.14,5.52,-,-,-,0,-,-,-,-,-,-,0.01,0.01,5.33,-0.01,-0.77,-0.19,0.85,0.19,Debt : Overnight,Nil
Mirae Asset S&P 500 Top 50 ETF,Siddharth Srivastava,EQ-ETF,Unrated,1096.4,0.54,Open Ended,20-Sep-21,S&P 500 Top 50 TRI,68.66,68.99,47.61,5.60,18.00,15.08,45.52,29.50,30.50,-,-,-,-,-,51,-,-,-,-,-,-,-,-,1.87,0.43,0.83,0.36,15.83,Equity : ETFs,null
Mirae Asset S&P 500 Top 50 ETF FoF-Reg(G),Ekta Gala,FOF-OVR,Unrated,816.8,0.36,Open Ended,22-Sep-21,S&P 500 Top 50 TRI,28.69,28.95,18.88,6.39,16.39,14.96,50.74,36.39,38.29,-,-,-,-,-,-,-,-,-,-,-,-,-,-,2.48,0.40,0.77,0.34,22.11,FoFs : Overseas,0.50% on or before 3M Nil after 3M
Mirae Asset Short Duration Fund-Reg(G),Basant Bafna,DT-SD,2,574.8,0.92,Open Ended,16-Mar-18,CRISIL Short Duration Debt Index,16.29,16.30,15.76,0.18,0.00,0.78,3.23,6.25,6.22,5.38,-,-,-,0,-,-,-,-,-,-,5.90,2.72,7.46,-0.01,-0.06,-0.10,0.41,1.18,Debt : Short Duration,Nil
Mirae Asset Silver ETF,Ritesh Patel,PM-ETF,Unrated,971.6,0.31,Open Ended,09-Jun-23,Silver,255.90,365.28,98.77,9.63,-1.12,48.89,164.61,66.90,-,-,-,-,-,-,-,-,-,-,-,-,-,-,-,4.01,0.37,1.03,-0.03,-,Metal : ETFs,null
Mirae Asset Silver ETF FOF-Reg(G),Ritesh Patel,FOF-DOM,Unrated,10.4,0.59,Open Ended,24-Mar-26,Silver,11.70,12.60,9.97,8.56,-,-,-,-,-,-,-,-,-,-,-,-,-,-,-,-,-,-,-,-,-,-,-,-,FoFs : Domestic,0.05% on or before 15D Nil after 15D
Mirae Asset Small Cap Fund-Reg(G),Varun Goel,EQ-SML,Unrated,4123.4,1.63,Open Ended,31-Jan-25,Nifty Smallcap 250 - TRI,11.36,11.96,10.10,-0.85,1.47,-2.56,4.64,-,-,-,-,30.62,4.43,18,79,24988,8.23,14.56,74.56,Financials,-,-,-,0.41,0.20,0.41,0.79,-,Equity : Small Cap,1% on or before 365D Nil after 365D
Mirae Asset Ultra Short Duration Fund-Reg(G),Basant Bafna,DT-USD,1,1419.7,0.40,Open Ended,07-Oct-20,NIFTY Ultra Short Duration Debt Index,1380.64,1380.64,1302.35,0.36,1.43,2.73,6.08,6.93,7.05,6.19,-,-,-,0,-,-,-,-,-,-,0.46,0.43,6.76,0.05,0.38,0.17,0.52,0.40,Debt : Ultra Short Duration,Nil
Motilal Oswal 5 Year G-Sec FoF-Reg(G),Rakesh Shetty,FOF-DOM,Unrated,55.6,0.27,Open Ended,06-Oct-21,Nifty 5 yr Benchmark G-Sec Index TRI,12.85,13.17,12.50,-0.35,-1.00,0.78,1.97,6.47,6.37,-,-,-,-,-,-,-,-,-,-,-,-,-,-,-,-0.01,-0.03,0.80,2.64,FoFs : Domestic,1% on or before 15D Nil after 15D
Motilal Oswal Active Momentum Fund-Reg(G),Ajay Khandelwal,EQ-THEM,Unrated,395.6,2.47,Open Ended,17-Mar-25,NIFTY 500 - TRI,13.20,13.22,10.68,5.94,10.46,4.25,21.52,-,-,-,-,44.30,6.19,323,26,56671,31.72,30.36,36.51,Financials,-,-,-,1.39,0.34,0.73,1.09,-,Equity : Thematic,1% on or before 90D Nil after 90D
Motilal Oswal Arbitrage Fund-Reg(G),Vishal Ashar,HY-ARB,Unrated,2433.0,1.63,Open Ended,23-Dec-24,Nifty 50 Arbitrage - TRI,10.90,10.91,10.28,0.34,1.25,2.83,6.16,-,-,-,-,23.32,2.71,1106,97,219129,50,14.92,6.65,Financials,0.22,0.21,6.06,-0.02,-0.23,-0.14,0.14,-,Hybrid : Arbitrage,0.25% on or before 15D Nil after 15D
Motilal Oswal Asset Allocation Passive FoF-Aggressive-Reg(G),Swapnil P Mayekar,FOF-DOM,Unrated,159.7,0.52,Open Ended,12-Mar-21,NIFTY 500 - TRI,19.26,19.56,17.27,0.48,-0.44,1.19,11.82,12.35,16.58,12.85,-,-,-,-,-,-,-,-,-,-,-,-,-,0.45,0.36,0.70,0.57,8.41,FoFs : Domestic,1% on or before 15D Nil after 15D
Motilal Oswal Asset Allocation Passive FoF-Conservative-Reg(G),Swapnil P Mayekar,FOF-DOM,Unrated,76.0,0.55,Open Ended,12-Mar-21,Nifty 5 yr Benchmark G-Sec Index TRI,17.17,17.40,15.64,0.38,-0.74,1.90,10.03,11.40,13.49,10.48,-,-,-,-,-,-,-,-,-,-,-,-,-,0.33,0.38,0.72,0.35,5.50,FoFs : Domestic,1% on or before 15D Nil after 15D
Motilal Oswal Balanced Advantage Fund-Reg(G),Atul Mehra,HY-DYN,2,734.4,2.39,Open Ended,27-Sep-16,CRISIL Hybrid 50+50 - Moderate Index,18.06,20.90,16.77,0.91,1.12,-10.88,-5.35,-4.70,4.91,4.12,-,32.05,3.36,307,18,172628,47.38,11.79,7.79,Financials,1.40,1.19,6.88,-0.26,0.02,0.03,0.81,14.63,Hybrid : Dynamic Asset Allocation,1% on or before 365D Nil after 365D
Motilal Oswal BSE 1000 Index Fund-Reg(G),Swapnil P Mayekar,EQ-INDX,Unrated,60.1,1.06,Open Ended,25-Jun-25,BSE 1000 - TRI,9.64,10.30,8.75,-1.02,-2.93,-6.33,-,-,-,-,-,21.86,3.10,10,1001,176413,65.66,18.71,15.42,Financials,-,-,-,-,-,-,-,-,Equity : Index Funds,1% on or before 15D Nil after 15D
Motilal Oswal BSE Clean Environment Index Fund-Reg(G),Swapnil P Mayekar,EQ-INDX,Unrated,-,-,Open Ended,-,BSE Clean Environment - TRI,-,-,-,-,-,-,-,-,-,-,-,-,-,-,-,-,-,-,-,-,-,-,-,-,-,-,-,-,Equity : Index Funds,1% on or before 15D Nil after 15D
Motilal Oswal BSE Enhanced Value ETF,Swapnil P Mayekar,EQ-ETF,Unrated,164.3,0.48,Open Ended,22-Aug-22,BSE Enhanced Value Index - TRI,116.43,127.83,98.65,-0.92,-8.50,2.68,13.69,7.28,31.12,-,-,6.01,1.24,81,30,164038,77.93,17.85,4.25,Energy,-,-,-,1.53,0.35,0.72,1.24,19.85,Equity : ETFs,null
Motilal Oswal BSE Enhanced Value Index Fund-Reg(G),Swapnil P Mayekar,EQ-INDX,Unrated,2101.9,1.30,Open Ended,22-Aug-22,BSE Enhanced Value Index - TRI,27.51,30.26,23.48,-0.98,-8.66,2.28,12.66,6.38,29.69,-,-,6.01,1.24,46,30,164038,78.22,17.92,4.27,Energy,-,-,-,1.43,0.34,0.68,1.24,19.76,Equity : Index Funds,1% on or before 15D Nil after 15D
Motilal Oswal BSE Financials ex Bank 30 Index Fund-Reg(G),Swapnil P Mayekar,EQ-INDX,Unrated,30.6,1.31,Open Ended,29-Jul-22,BSE Financials ex Bank 30 - TRI,16.15,18.18,14.92,-2.52,-7.64,-9.03,-1.22,8.02,15.37,-,-,22.41,2.94,35,30,148902,65.56,32.69,1.79,Financials,-,-,-,0.58,0.23,0.43,1.12,15.60,Equity : Index Funds,1% on or before 15D Nil after 15D
Motilal Oswal BSE Healthcare ETF,Swapnil P Mayekar,EQ-ETF,Unrated,41.9,0.26,Open Ended,29-Jul-22,BSE Health Care - TRI,46.85,48.44,41.39,4.14,5.75,4.22,9.37,15.44,24.73,-,-,38.61,4.86,24,126,68843,39.41,35.01,25.47,Healthcare,-,-,-,1.33,0.37,0.83,0.72,15.00,Equity : ETFs,null
Motilal Oswal BSE India Infrastructure ETF,Swapnil P Mayekar,EQ-ETF,Unrated,2.9,0.53,Open Ended,16-May-25,BSE India Infrastructure Index - TRI,61.90,64.92,54.83,-2.81,1.44,2.76,4.13,-,-,-,-,17.76,2.35,222,30,148124,66.34,16.09,16.94,Energy,-,-,-,0.26,-,-,1.01,-,Equity : ETFs,null
Motilal Oswal BSE Low Volatility ETF,Swapnil P Mayekar,EQ-ETF,Unrated,67.1,0.39,Open Ended,23-Mar-22,BSE Low Volatility Index - TRI,35.83,39.56,34.08,-2.04,-6.52,-8.18,-3.79,1.00,11.01,-,-,27.59,4.05,65,30,268768,83.88,12.76,3.38,FMCG,-,-,-,0.24,0.17,0.30,0.92,12.38,Equity : ETFs,null
Motilal Oswal BSE Low Volatility Index Fund-Reg(G),Swapnil P Mayekar,EQ-INDX,Unrated,91.9,1.08,Open Ended,23-Mar-22,BSE Low Volatility Index - TRI,15.41,17.08,14.68,-2.10,-6.73,-8.55,-4.49,0.17,9.94,-,-,27.59,4.05,55,30,268757,83.91,12.77,3.38,FMCG,-,-,-,0.15,0.15,0.25,0.91,12.34,Equity : Index Funds,1% on or before 15D Nil after 15D
Motilal Oswal BSE Midcap 150 Momentum 30 Index Fund-Reg(G),Swapnil P Mayekar,EQ-INDX,Unrated,-,-,Open Ended,-,BSE Midcap 150 Momentum 30 - TRI,-,-,-,-,-,-,-,-,-,-,-,-,-,-,-,-,-,-,-,-,-,-,-,-,-,-,-,-,Equity : Index Funds,1% on or before 15D Nil after 15D
Motilal Oswal BSE Quality ETF,Swapnil P Mayekar,EQ-ETF,Unrated,24.1,0.40,Open Ended,22-Aug-22,BSE Quality Index - TRI,201.37,206.88,177.44,-1.35,3.16,0.82,3.87,2.24,16.29,-,-,30.00,9.92,70,30,153329,59.68,37.33,2.93,FMCG,-,-,-,0.60,0.22,0.47,1.09,15.94,Equity : ETFs,null
Motilal Oswal BSE Quality Index Fund-Reg(G),Swapnil P Mayekar,EQ-INDX,Unrated,61.2,1.08,Open Ended,22-Aug-22,BSE Quality Index - TRI,17.21,17.69,15.18,-1.41,2.94,0.41,3.07,1.51,15.35,-,-,30.00,9.92,77,30,153350,59.72,37.35,2.93,FMCG,-,-,-,0.52,0.21,0.44,1.08,15.85,Equity : Index Funds,1% on or before 15D Nil after 15D
Motilal Oswal BSE Select IPO ETF,Swapnil P Mayekar,EQ-ETF,Unrated,5.4,0.53,Open Ended,17-Nov-25,BSE Select IPO Index - TRI,43.00,48.94,38.17,-1.01,1.45,-11.06,-,-,-,-,-,47.12,4.37,103,73,61149,22.14,48.22,29.65,Financials,-,-,-,-,-,-,-,-,Equity : ETFs,null
Motilal Oswal BSE Top 10 Banks ETF,Swapnil P Mayekar,EQ-ETF,Unrated,5.6,0.12,Open Ended,06-Apr-26,BSE Top 10 Banks Index - TRI,15.89,17.13,15.79,-2.66,-,-,-,-,-,-,-,16.01,1.91,-,10,533722,84.81,15.2,-,Financials,-,-,-,-,-,-,-,-,Equity : ETFs,null
Motilal Oswal Business Cycle Fund-Reg(G),Atul Mehra,EQ-THEM,Unrated,1570.5,2.13,Open Ended,27-Aug-24,NIFTY 500 - TRI,11.12,13.31,9.94,0.20,0.32,-15.89,-10.58,-,-,-,-,38.03,3.93,197,22,75372,38.03,35.01,21.7,Financials,-,-,-,0.46,-0.02,-0.03,1.09,-,Equity : Thematic,1% on or before 365D Nil after 365D
Motilal Oswal Consumption Fund-Reg(G),Varun Sharma,EQ-CONS,Unrated,1028.6,2.26,Open Ended,23-Oct-25,Nifty India Consumption - TRI,9.40,10.07,8.03,2.15,5.35,-5.20,-,-,-,-,-,47.48,7.39,46,26,50403,35.26,18.56,44.81,Retail and Other Services,-,-,-,-,-,-,-,-,Equity : Thematic - Consumption,1% on or before 90D Nil after 90D
Motilal Oswal Contra Fund-Reg(G),Ankit Agarwal,EQ-VAL,Unrated,-,-,Open Ended,-,NIFTY 500 - TRI,-,-,-,-,-,-,-,-,-,-,-,-,-,-,-,-,-,-,-,-,-,-,-,-,-,-,-,-,Equity : Value / Contra,1% on or before 365D Nil after 365D
Motilal Oswal Developed Market Ex US ETFs Overseas Equity Passive FOF-Reg(G),Swapnil P Mayekar,FOF-OVR,Unrated,37.3,0.57,Open Ended,21-Sep-23,S&P Developed Ex-U.S. BMI Total Return Index,18.05,18.26,13.27,2.74,4.17,19.98,36.14,24.65,-,-,-,-,-,-,-,-,-,-,-,-,-,-,-,1.46,0.42,0.86,0.38,-,FoFs : Overseas,1% on or before 15D Nil after 15D
Motilal Oswal Digital India Fund-Reg(G),Varun Sharma,EQ-TECH,Unrated,753.7,2.72,Open Ended,04-Nov-24,BSE TECk Index - TRI,8.98,10.75,7.46,4.46,5.77,-17.51,-10.78,-,-,-,-,31.02,3.60,89,23,21630,8.02,29.03,61.03,Technology,-,-,-,-0.40,-0.12,-0.20,1.40,-,Equity : Sectoral - Technology,1% on or before 90D Nil after 90D
Motilal Oswal Diversified Equity Flexicap Passive FoF-Reg(G),Swapnil P Mayekar,FOF-DOM,Unrated,35.0,0.75,Open Ended,22-Jan-26,NIFTY 500 - TRI,10.24,10.52,9.04,0.27,1.01,-,-,-,-,-,-,-,-,-,-,-,-,-,-,-,-,-,-,-,-,-,-,-,FoFs : Domestic,1% on or before 15D Nil after 15D
Motilal Oswal ELSS Tax Saver Fund-Reg(G),Ajay Khandelwal,EQ-ELSS,3,4658.5,1.99,Open Ended,21-Jan-15,NIFTY 500 - TRI,53.54,55.40,45.82,-0.85,9.90,2.57,2.51,9.54,22.39,17.89,16.76,47.74,5.75,60,27,46658,17.54,41.43,39.66,Financials,-,-,-,0.58,0.26,0.46,1.24,20.21,Equity : Tax Saving (ELSS),Nil
Motilal Oswal Financial Services Fund-Reg(G),Ajay Khandelwal,EQ-FIN,Unrated,181.2,2.99,Open Ended,16-Feb-26,Nifty Financial Services - TRI,9.59,10.23,8.85,-2.31,-2.89,-,-,-,-,-,-,21.42,2.47,-,28,167662,56.69,22.89,16.99,Financials,-,-,-,-,-,-,-,-,Equity : Sectoral - Financial Services,1% on or before 90D Nil after 90D
Motilal Oswal Flexi Cap Fund-Reg(G),Ajay Khandelwal,EQ-FLEX,1,12770.1,1.91,Open Ended,28-Apr-14,NIFTY 500 - TRI,56.88,64.32,51.02,1.24,0.05,-9.52,-6.03,6.34,17.88,11.75,12.33,39.25,4.45,133,29,120670,50.09,37.91,10.3,Financials,-,-,-,0.30,0.23,0.42,1.06,16.65,Equity : Flexi Cap,1% on or before 365D Nil after 365D
Motilal Oswal Focused Fund-Reg(G),Atul Mehra,EQ-FOC,2,1509.3,3.99,Open Ended,13-May-13,NIFTY 500 - TRI,46.58,46.58,39.35,3.21,7.60,4.50,6.51,4.44,10.73,8.34,11.64,43.32,5.07,158,30,91046,46.08,16.36,30.82,Financials,-,-,-,-0.31,0.10,0.18,1.10,17.70,Equity : Focused,1% on or before 365D Nil after 365D
Motilal Oswal Gold and Silver Passive FoF-Reg(G),Swapnil P Mayekar,FOF-DOM,Unrated,2652.4,0.46,Open Ended,13-Oct-22,Gold-India,32.57,40.90,17.82,5.65,-2.62,28.94,85.01,50.13,39.65,-,-,-,-,-,-,-,-,-,-,-,-,-,-,2.54,0.41,1.10,-0.37,21.44,FoFs : Domestic,Nil
Motilal Oswal Gold ETF,Dishant Mehta,PM-ETF,Unrated,1739.1,0.59,Open Ended,28-Jul-25,Gold-India,153.72,172.46,97.77,3.28,-2.41,19.61,-,-,-,-,-,-,-,29,-,-,-,-,-,-,-,-,-,-,-,-,-,-,Metal : ETFs,null
Motilal Oswal Infrastructure Fund-Reg(G),Ajay Khandelwal,EQ-INFRA,Unrated,131.0,2.47,Open Ended,13-May-25,Nifty Infrastructure - TRI,12.69,13.10,11.00,-0.81,4.13,2.76,15.64,-,-,-,-,29.19,4.71,154,24,171976,54.12,25.69,16.88,Capital Goods,-,-,-,1.15,0.27,0.62,0.81,-,Equity : Sectoral - Infrastructure,1% on or before 3M Nil after 3M
Motilal Oswal Innovation Opportunities Fund-Reg(G),Atul Mehra,EQ-THEM,Unrated,525.1,2.60,Open Ended,18-Feb-25,NIFTY 500 - TRI,12.94,13.33,10.67,3.04,8.34,-2.51,8.63,-,-,-,-,41.61,5.02,100,28,22031,10.53,12.55,68.69,Capital Goods,-,-,-,0.77,0.25,0.54,1.22,-,Equity : Thematic,1% on or before 90D Nil after 90D
Motilal Oswal Large & Midcap Fund-Reg(G),Ajay Khandelwal,EQ-L&M,Unrated,16776.6,1.91,Open Ended,17-Oct-19,NIFTY LargeMidcap 250 - TRI,34.80,35.70,29.53,0.26,6.87,0.37,2.99,12.82,23.68,19.69,-,49.63,6.61,54,29,73441,40,31.72,25.65,Capital Goods,-,-,-,0.38,0.27,0.50,1.22,20.01,Equity : Large & Mid Cap,1% on or before 365D Nil after 365D
Motilal Oswal Large Cap Fund-Reg(G),Ajay Khandelwal,EQ-LC,Unrated,3170.8,1.97,Open Ended,06-Feb-24,NIFTY 100 - TRI,13.08,14.43,12.11,-2.26,-4.77,-9.17,-3.80,9.96,-,-,-,22.03,3.06,61,50,228382,78.13,1.06,17.5,Financials,-,-,-,0.59,0.16,0.30,1.02,-,Equity : Large Cap,1% on or before 365D Nil after 365D
Motilal Oswal Liquid Fund-Reg(G),Rakesh Shetty,DT-LIQ,1,974.4,0.41,Open Ended,19-Dec-18,CRISIL Liquid Debt Index,14.52,14.52,13.74,0.46,1.49,2.89,5.70,6.20,6.40,5.61,-,-,-,0,-,-,-,-,-,-,0.09,0.09,5.88,-0.03,-0.30,-0.08,0.97,0.21,Debt : Liquid,0.007% for Day 1 0.0065% on Day 2 0.0060% on Day 3 0.0055% on Day 4 0.0050% on Day 5 0.0045% on Day 6 NIL on or after 7D
Motilal Oswal Manufacturing Fund-Reg(G),Ajay Khandelwal,EQ-THEM,Unrated,679.3,2.41,Open Ended,08-Aug-24,Nifty India Manufacturing - TRI,11.28,12.09,9.83,2.52,3.66,-1.82,-0.88,-,-,-,-,36.21,5.92,165,32,69747,43.97,22.98,27.02,Capital Goods,-,-,-,0.22,0.04,0.07,1.14,-,Equity : Thematic,1% on or before 90D Nil after 90D
Motilal Oswal Midcap Fund-Reg(G),Ajay Khandelwal,EQ-MID,2,35735.0,1.61,Open Ended,24-Feb-14,Nifty Midcap 150 - TRI,91.58,106.81,80.70,-0.01,2.17,-12.10,-8.76,4.84,17.48,21.56,16.44,44.30,5.19,84,27,100323,30.69,65.31,-,Financials,-,-,-,-0.18,0.22,0.40,1.00,19.19,Equity : Mid Cap,1% on or before 365D Nil after 365D
Motilal Oswal Multi Cap Fund-Reg(G),Atul Mehra,EQ-MLC,Unrated,3993.9,3.24,Open Ended,18-Jun-24,Nifty500 Multicap 50:25:25 - TRI,12.70,14.29,10.78,2.50,6.60,-8.90,-5.48,-,-,-,-,38.94,4.00,192,37,74244,39.32,24.81,30.86,Financials,-,-,-,0.86,0.10,0.19,1.15,-,Equity : Multi Cap,1% on or before 365D Nil after 365D
Motilal Oswal Multi Factor Passive FoF-Reg(G),Swapnil P Mayekar,FOF-DOM,Unrated,21.4,0.76,Open Ended,12-Mar-26,NIFTY 500 - TRI,10.26,10.58,9.32,-0.64,-,-,-,-,-,-,-,-,-,-,-,-,-,-,-,-,-,-,-,-,-,-,-,-,FoFs : Domestic,1% on or before 15D Nil after 15D
Motilal Oswal Nasdaq 100 ETF,Swapnil P Mayekar,EQ-ETF,Unrated,12815.0,0.59,Open Ended,29-Mar-11,Nasdaq-100,282.80,282.80,180.55,11.25,27.52,27.72,58.63,33.90,34.86,23.84,25.01,-,-,15,101,-,-,-,-,-,-,-,-,0.44,0.43,0.87,1.01,18.61,Equity : ETFs,Nil
Motilal Oswal Nasdaq 100 FOF-Reg(G),Swapnil P Mayekar,FOF-OVR,Unrated,7690.8,0.47,Open Ended,29-Nov-18,Nasdaq-100,69.18,69.18,37.03,12.22,49.00,43.64,86.46,48.25,41.74,26.97,-,-,-,-,1,-,-,-,-,-,-,-,-,0.97,0.39,0.99,1.04,25.54,FoFs : Overseas,1% on or before 15D Nil after 15D
Motilal Oswal NASDAQ Q 50 ETF,Swapnil P Mayekar,EQ-ETF,Unrated,154.3,0.47,Open Ended,23-Dec-21,NASDAQ Q-50-TRI,120.78,120.78,71.55,14.88,31.41,40.17,71.84,38.37,32.74,-,-,-,-,106,51,-,-,-,-,-,-,-,-,1.75,0.36,0.76,0.41,18.33,Equity : ETFs,null
Motilal Oswal Nifty 100 ETF,Swapnil P Mayekar,EQ-ETF,Unrated,13.2,1.24,Open Ended,13-Oct-25,NIFTY 100 - TRI,24.56,26.98,22.93,-1.94,-5.76,-8.64,-,-,-,-,-,19.89,3.07,73,104,391688,96.61,2.76,-,Financials,-,-,-,-,-,-,-,-,Equity : ETFs,null
Motilal Oswal Nifty 200 Momentum 30 ETF,Swapnil P Mayekar,EQ-ETF,Unrated,154.3,0.36,Open Ended,10-Feb-22,Nifty200 Momentum 30 - TRI,60.70,65.37,54.72,-0.45,-4.26,-6.89,-2.01,-6.16,13.61,-,-,26.08,3.75,152,30,179308,73.26,26.74,-,Financials,-,-,-,-0.04,0.16,0.28,1.00,18.99,Equity : ETFs,null
Motilal Oswal Nifty 200 Momentum 30 Index Fund-Reg(G),Swapnil P Mayekar,EQ-INDX,Unrated,948.7,1.09,Open Ended,10-Feb-22,Nifty200 Momentum 30 - TRI,14.54,15.72,13.12,-0.52,-4.48,-7.27,-2.78,-6.78,12.81,-,-,26.08,3.75,152,30,179309,73.23,26.73,-,Financials,-,-,-,-0.10,0.15,0.26,1.00,18.91,Equity : Index Funds,1% on or before 15D Nil after 15D
Motilal Oswal Nifty 5 Year Benchmark G-Sec ETF,Rakesh Shetty,DT-ETF,Unrated,165.0,0.53,Open Ended,10-Dec-20,Nifty 5 yr Benchmark G-Sec Index TRI,63.67,63.93,61.65,0.27,-0.16,1.38,2.88,7.06,6.78,5.68,-,-,-,224,-,-,-,-,-,-,4.81,3.96,6.76,0.05,0.07,0.13,0.89,1.89,Debt : ETFs,null
Motilal Oswal Nifty 50 Equal Weight ETF,Swapnil P Mayekar,EQ-ETF,Unrated,128.8,0.16,Open Ended,02-May-25,NIFTY50 Equal Weight - TRI,32.59,34.02,29.79,-0.28,-2.74,-2.97,4.80,-,-,-,-,19.21,3.34,39,50,302633,98.07,1.91,-,Financials,-,-,-,-0.01,0.03,0.05,1.00,-,Equity : ETFs,null
Motilal Oswal Nifty 50 ETF,Swapnil P Mayekar,EQ-ETF,Unrated,56.1,0.06,Open Ended,28-Jul-10,NIFTY 50 - TRI,244.64,273.49,232.23,-2.41,-6.96,-10.39,-4.54,3.14,9.33,9.75,12.08,19.99,3.02,17,50,532348,99.29,0.67,-,Financials,-,-,-,-,0.11,0.20,1.00,12.16,Equity : ETFs,Nil
Motilal Oswal Nifty 50 Index Fund-Reg(G),Swapnil P Mayekar,EQ-INDX,Unrated,869.7,0.66,Open Ended,23-Dec-19,NIFTY 50 - TRI,19.86,22.25,18.87,-2.45,-7.09,-10.62,-5.02,2.61,8.77,9.14,-,19.99,3.02,9,50,532360,99.46,0.67,-,Financials,-,-,-,-0.05,0.10,0.18,1.00,12.16,Equity : Index Funds,Nil
Motilal Oswal Nifty 500 ETF,Swapnil P Mayekar,EQ-ETF,Unrated,273.3,0.23,Open Ended,29-Sep-23,NIFTY 500 - TRI,22.96,24.51,20.90,-0.99,-3.04,-6.01,-0.84,4.05,-,-,-,21.99,3.21,11,504,202239,69.48,19.82,10.24,Financials,-,-,-,-0.01,0.14,0.25,1.00,-,Equity : ETFs,null
Motilal Oswal Nifty 500 Index Fund-Reg(G),Swapnil P Mayekar,EQ-INDX,Unrated,2970.7,0.97,Open Ended,06-Sep-19,NIFTY 500 - TRI,25.05,26.82,22.84,-1.04,-3.21,-6.33,-1.52,3.30,12.44,11.12,-,21.99,3.21,9,504,202244,69.51,19.83,10.24,Financials,-,-,-,-0.08,0.17,0.31,1.00,13.62,Equity : Index Funds,1% on or before 15D Nil after 15D
Motilal Oswal Nifty 500 Momentum 50 ETF,Swapnil P Mayekar,EQ-ETF,Unrated,349.4,0.66,Open Ended,24-Sep-24,Nifty500 Momentum 50 - TRI,51.66,55.02,45.43,0.89,-0.30,-4.81,-1.17,-,-,-,-,28.77,4.07,150,50,138416,62.07,30.04,7.91,Financials,-,-,-,-0.07,-0.20,-0.30,1.00,-,Equity : ETFs,null
Motilal Oswal Nifty 500 Momentum 50 Index Fund-Reg(G),Swapnil P Mayekar,EQ-INDX,Unrated,756.3,1.13,Open Ended,24-Sep-24,Nifty500 Momentum 50 - TRI,8.00,8.56,7.04,0.83,-0.48,-5.15,-1.59,-,-,-,-,28.77,4.07,157,50,138418,62.1,30.06,7.92,Financials,-,-,-,-0.11,-0.20,-0.30,1.00,-,Equity : Index Funds,1% on or before 15D Nil after 15D
Motilal Oswal Nifty Alpha 50 ETF,Swapnil P Mayekar,EQ-ETF,Unrated,6.4,0.53,Open Ended,07-Jul-25,Nifty Alpha 50 - TRI,51.56,53.27,44.26,1.70,1.97,-1.26,-,-,-,-,-,25.85,3.67,118,54,73468,35.35,49.74,13.52,Financials,-,-,-,-,-,-,-,-,Equity : ETFs,null
Motilal Oswal Nifty Bank Index Fund-Reg(G),Swapnil P Mayekar,EQ-INDX,Unrated,640.0,1.10,Open Ended,06-Sep-19,NIFTY BANK - TRI,18.98,21.78,17.77,-2.15,-11.48,-10.47,-4.03,4.35,6.60,8.46,-,14.17,1.65,29,14,330019,76.24,23.85,-,Financials,-,-,-,-0.08,0.04,0.06,1.00,14.75,Equity : Index Funds,1% on or before 15D Nil after 15D
Motilal Oswal Nifty Capital Market ETF,Swapnil P Mayekar,EQ-ETF,Unrated,183.7,1.05,Open Ended,07-Mar-25,Nifty Capital Markets Index - TRI,53.60,56.93,41.06,2.49,16.58,11.97,26.39,-,-,-,-,44.27,11.20,130,17,64380,40.58,31.35,28.08,Financials,-,-,-,0.19,0.48,1.49,1.00,-,Equity : ETFs,null
Motilal Oswal Nifty Capital Market Index Fund-Reg(G),Swapnil P Mayekar,EQ-INDX,Unrated,461.4,1.50,Open Ended,16-Dec-24,Nifty Capital Markets Index - TRI,12.57,13.35,9.68,2.45,16.38,11.62,25.59,-,-,-,-,44.25,11.20,43,17,64339,40.67,31.5,28.19,Financials,-,-,-,-1.79,0.21,0.46,1.00,-,Equity : Index Funds,1% on or before 15D Nil after 15D
Motilal Oswal Nifty Energy ETF,Swapnil P Mayekar,EQ-ETF,Unrated,73.3,0.53,Open Ended,13-Oct-25,NIFTY ENERGY - TRI,40.27,41.62,33.11,-1.34,8.52,13.37,-,-,-,-,-,16.80,2.43,34,40,186046,67.65,26.65,4.9,Energy,-,-,-,-,-,-,-,-,Equity : ETFs,null
Motilal Oswal Nifty India Defence ETF,Swapnil P Mayekar,EQ-ETF,Unrated,1367.9,0.49,Open Ended,21-Aug-24,Nifty India Defence - TRI,98.70,103.45,79.25,-0.58,9.79,11.37,2.83,-,-,-,-,55.78,10.11,91,19,96116,48.57,28.86,22.61,Capital Goods,-,-,-,-0.03,0.15,0.36,1.00,-,Equity : ETFs,null
Motilal Oswal Nifty India Defence Index Fund-Reg(G),Swapnil P Mayekar,EQ-INDX,Unrated,4690.2,1.09,Open Ended,03-Jul-24,Nifty India Defence - TRI,11.63,12.19,9.35,-0.64,9.58,10.97,2.14,-,-,-,-,55.78,10.11,27,19,96106,48.59,28.88,22.63,Capital Goods,-,-,-,-0.02,0.08,0.19,0.99,-,Equity : Index Funds,1% on or before 15D Nil after 15D
Motilal Oswal Nifty India Manufacturing ETF,Swapnil P Mayekar,EQ-ETF,Unrated,1.6,0.53,Open Ended,23-May-25,Nifty India Manufacturing - TRI,156.77,160.82,139.08,1.08,-0.32,2.50,11.24,-,-,-,-,20.47,3.98,293,80,129833,68.28,26.87,2.38,Automobile and Ancillaries,-,-,-,-0.05,0.14,0.24,0.99,-,Equity : ETFs,null
Motilal Oswal Nifty India Tourism ETF,Swapnil P Mayekar,EQ-ETF,Unrated,18.8,0.53,Open Ended,09-Jun-25,Nifty India Tourism Index - TRI,72.21,94.23,64.80,-1.71,-7.62,-20.12,-,-,-,-,-,52.56,7.92,114,15,56199,19.3,61.26,19.47,Travel,-,-,-,-,-,-,-,-,Equity : ETFs,null
Motilal Oswal Nifty Microcap 250 Index Fund-Reg(G),Swapnil P Mayekar,EQ-INDX,Unrated,2344.6,1.11,Open Ended,05-Jul-23,Nifty Microcap 250 - TRI,16.94,17.95,13.56,1.71,9.37,0.71,-1.69,5.49,-,-,-,25.02,2.65,62,251,8301,-,-,99.65,Capital Goods,-,-,-,-0.13,0.18,0.35,1.00,-,Equity : Index Funds,1% on or before 15D Nil after 15D
Motilal Oswal Nifty Midcap 100 ETF,Swapnil P Mayekar,EQ-ETF,Unrated,833.1,0.23,Open Ended,31-Jan-11,Nifty Midcap 100 - TRI,65.66,67.39,56.69,1.79,2.92,-0.18,6.46,9.09,22.15,19.16,16.96,28.96,3.86,37,100,72412,13.54,84.64,1.85,Financials,-,-,-,-,0.30,0.57,1.00,17.27,Equity : ETFs,Nil
Motilal Oswal Nifty Midcap 150 Index Fund-Reg(G),Swapnil P Mayekar,EQ-INDX,Unrated,3408.1,1.13,Open Ended,06-Sep-19,Nifty Midcap 150 - TRI,38.47,39.47,33.55,1.17,1.71,-0.71,5.03,7.10,20.24,17.47,-,28.44,3.87,24,150,68100,11.59,84.99,3.55,Financials,-,-,-,-0.07,0.28,0.53,1.00,16.63,Equity : Index Funds,1% on or before 15D Nil after 15D
Motilal Oswal Nifty Midcap150 Momentum 50 ETF,Swapnil P Mayekar,EQ-ETF,Unrated,38.8,0.80,Open Ended,30-Jun-25,Nifty Midcap150 Momentum 50 - TRI,63.04,65.01,55.19,1.91,0.93,-2.12,-,-,-,-,-,24.53,3.95,60,50,85472,32.58,67.05,0.34,Financials,-,-,-,-,-,-,-,-,Equity : ETFs,null
Motilal Oswal Nifty MidSmall Financial Services Index Fund-Reg(G),Swapnil P Mayekar,EQ-INDX,Unrated,89.8,1.21,Open Ended,19-Nov-24,Nifty MidSmall Financial Services - TRI,13.94,14.67,11.43,1.67,4.65,2.80,20.67,-,-,-,-,27.39,2.72,109,30,67792,18.72,64.64,16.44,Financials,-,-,-,-0.10,0.23,0.49,0.99,-,Equity : Index Funds,1% on or before 15D Nil after 15D
Motilal Oswal Nifty MidSmall Healthcare Index Fund-Reg(G),Swapnil P Mayekar,EQ-INDX,Unrated,30.6,1.06,Open Ended,19-Nov-24,Nifty MidSmall Healthcare - TRI,11.32,11.73,9.84,5.67,7.92,7.35,14.51,-,-,-,-,40.62,4.69,47,30,46942,-,69.01,31.03,Healthcare,-,-,-,-0.09,0.05,0.10,1.00,-,Equity : Index Funds,1% on or before 15D Nil after 15D
Motilal Oswal Nifty MidSmall India Consumption Index Fund-Reg(G),Swapnil P Mayekar,EQ-INDX,Unrated,23.1,1.06,Open Ended,19-Nov-24,Nifty MidSmall India Consumption - TRI,9.09,10.57,8.27,-2.20,-4.23,-10.64,-8.81,-,-,-,-,31.34,5.99,82,30,63516,10.92,87.1,2.02,FMCG,-,-,-,-0.09,-0.21,-0.33,1.00,-,Equity : Index Funds,1% on or before 15D Nil after 15D
Motilal Oswal Nifty MidSmall IT and Telecom Index Fund-Reg(G),Swapnil P Mayekar,EQ-INDX,Unrated,36.5,1.28,Open Ended,19-Nov-24,Nifty MidSmall IT & Telecom - TRI,9.41,10.17,7.48,12.44,12.70,-7.10,-3.73,-,-,-,-,17.20,4.25,57,20,48974,22.33,52.81,25.23,Technology,-,-,-,-0.10,-0.17,-0.27,0.99,-,Equity : Index Funds,1% on or before 15D Nil after 15D
Motilal Oswal Nifty MNC ETF,Swapnil P Mayekar,EQ-ETF,Unrated,2.4,0.53,Open Ended,01-Dec-25,NIFTY MNC - TRI,31.59,32.64,27.66,-0.47,0.24,4.06,-,-,-,-,-,36.78,8.18,147,34,65512,60.74,26.67,5.93,FMCG,-,-,-,-,-,-,-,-,Equity : ETFs,null
Motilal Oswal Nifty Next 50 ETF,Swapnil P Mayekar,EQ-ETF,Unrated,3.6,0.21,Open Ended,09-May-25,NIFTY NEXT 50 - TRI,69.80,71.63,60.09,0.41,0.43,1.21,5.21,-,-,-,-,19.50,3.34,247,54,98901,84.35,12.12,-,Financials,-,-,-,-0.01,0.04,0.08,1.00,-,Equity : ETFs,null
Motilal Oswal Nifty Next 50 Index Fund-Reg(G),Swapnil P Mayekar,EQ-INDX,Unrated,451.3,1.06,Open Ended,23-Dec-19,NIFTY NEXT 50 - TRI,24.07,24.70,20.74,0.35,0.29,0.86,4.70,1.72,17.98,12.56,-,19.50,3.34,30,54,98917,84.52,12.16,-,Financials,-,-,-,-0.08,0.23,0.42,1.00,17.86,Equity : Index Funds,1% on or before 15D Nil after 15D
Motilal Oswal Nifty PSE ETF,Swapnil P Mayekar,EQ-ETF,Unrated,1.9,0.53,Open Ended,02-Jun-25,NIFTY PSE - TRI,102.33,109.31,92.53,-4.53,-2.80,4.51,-,-,-,-,-,11.28,1.95,280,20,211971,79.39,20.37,-,Energy,-,-,-,-0.05,0.05,0.10,0.99,-,Equity : ETFs,null
Motilal Oswal Nifty Realty ETF,Swapnil P Mayekar,EQ-ETF,Unrated,301.4,0.52,Open Ended,15-Mar-24,NIFTY REALTY - TRI,77.20,103.83,65.04,-3.21,-1.68,-14.21,-19.12,-12.93,-,-,-,35.42,3.58,82,10,60966,18.9,64.78,16.35,Construction,-,-,-,-0.03,-0.07,-0.13,1.00,-,Equity : ETFs,null
Motilal Oswal Nifty Services Sector ETF,Swapnil P Mayekar,EQ-ETF,Unrated,5.2,0.53,Open Ended,24-Nov-25,Nifty Services Sector - TRI,29.68,34.10,28.36,-2.30,-8.62,-12.91,-,-,-,-,-,20.09,2.84,1,30,537897,97.31,2.55,-,Financials,-,-,-,-,-,-,-,-,Equity : ETFs,null
Motilal Oswal Nifty Smallcap 250 ETF,Swapnil P Mayekar,EQ-ETF,Unrated,218.2,0.35,Open Ended,15-Mar-24,Nifty Smallcap 250 - TRI,17.00,18.05,14.29,0.77,6.06,0.48,0.43,4.22,-,-,-,29.87,3.11,69,250,19945,-,7.05,92.57,Financials,-,-,-,-0.03,0.05,0.10,1.00,-,Equity : ETFs,null
Motilal Oswal Nifty Smallcap 250 Index Fund-Reg(G),Swapnil P Mayekar,EQ-INDX,Unrated,1117.0,1.13,Open Ended,06-Sep-19,Nifty Smallcap 250 - TRI,36.18,38.68,30.45,0.71,5.85,0.08,-0.38,3.59,18.42,15.40,-,29.87,3.11,31,250,19945,-,7.06,92.61,Financials,-,-,-,-0.08,0.21,0.40,1.00,20.37,Equity : Index Funds,1% on or before 15D Nil after 15D
Motilal Oswal Quant Fund-Reg(G),Ajay Khandelwal,EQ-THEM,Unrated,246.7,0.94,Open Ended,06-Jun-24,NIFTY 200 - TRI,9.64,10.12,8.70,-1.39,-0.96,-1.65,-1.14,-,-,-,-,15.39,3.41,251,34,69798,41.36,54.04,-,Financials,-,-,-,-0.17,-0.07,-0.12,1.12,-,Equity : Thematic,1% on or before 15D Nil after 15D
Motilal Oswal S&P 500 Index Fund-Reg(G),Swapnil P Mayekar,EQ-INTL,Unrated,4365.1,1.06,Open Ended,28-Apr-20,S&P 500 - TRI,32.14,32.14,22.76,5.48,15.16,18.18,42.28,27.17,27.55,18.44,-,-,-,4,504,-,-,-,-,-,-,-,-,1.53,0.43,0.83,0.36,13.45,Equity : International,1% on or before 7D Nil after 7D
Motilal Oswal Services Fund-Reg(G),Ajay Khandelwal,EQ-THEM,Unrated,110.4,2.47,Open Ended,09-Jun-25,Nifty Services Sector - TRI,10.54,11.05,9.11,1.49,3.58,-5.03,-,-,-,-,-,33.55,4.26,92,40,38333,18.2,33.69,46.12,Financials,-,-,-,-,-,-,-,-,Equity : Thematic,1% on or before 90D Nil after 90D
Motilal Oswal Silver ETF,Dishant Mehta,PM-ETF,Unrated,1052.9,0.59,Open Ended,11-Aug-25,Silver,259.66,370.06,110.89,9.56,-1.14,48.63,-,-,-,-,-,-,-,26,-,-,-,-,-,-,-,-,-,-,-,-,-,-,Metal : ETFs,null
Motilal Oswal Small Cap Fund-Reg(G),Ajay Khandelwal,EQ-SML,Unrated,6206.1,2.13,Open Ended,26-Dec-23,Nifty Smallcap 250 - TRI,15.11,15.11,12.15,3.98,10.97,4.47,8.48,16.30,-,-,-,32.74,4.39,60,54,14369,-,8.77,83.23,Financials,-,-,-,0.71,0.18,0.33,0.91,-,Equity : Small Cap,1% on or before 365D Nil after 365D
Motilal Oswal Special Opportunities Fund-Reg(G),Ajay Khandelwal,EQ-THEM,Unrated,69.7,2.47,Open Ended,14-Aug-25,NIFTY 500 - TRI,11.37,11.42,9.38,4.02,8.45,4.82,-,-,-,-,-,42.68,5.86,106,24,45177,29.87,19.77,47.58,Financials,-,-,-,-,-,-,-,-,Equity : Thematic,1% on or before 3M Nil after 3M
Motilal Oswal Ultra Short Term Fund-Reg(G),Rakesh Shetty,DT-USD,Unrated,427.7,1.18,Open Ended,06-Sep-13,CRISIL Ultra Short Term Debt Index,17.23,17.23,16.42,0.30,1.28,2.37,4.96,5.46,5.62,4.85,3.60,-,-,57,-,-,-,-,-,-,0.31,0.29,6.15,-0.09,-0.93,-0.35,0.65,0.27,Debt : Ultra Short Duration,Nil
Navi Aggressive Hybrid Fund-Reg(G),Ashutosh Shirwaikar,HY-AGR,Unrated,110.8,2.10,Open Ended,30-Apr-18,CRISIL Hybrid 35+65 - Aggressive Index,20.80,21.34,18.75,0.78,0.26,-2.01,3.88,6.40,10.91,10.30,-,20.27,3.02,62,57,46973,25.72,9.06,38.82,Financials,0.04,0.04,6.01,0.02,0.16,0.30,1.11,10.51,Hybrid : Aggressive Hybrid,Nil
Navi BSE Sensex Index Fund-Reg(G),Ashutosh Shirwaikar,EQ-INDX,Unrated,19.6,0.89,Open Ended,04-Sep-23,BSE SENSEX - TRI,11.38,13.09,10.97,-3.37,-8.67,-13.32,-8.60,0.66,-,-,-,21.37,3.11,18,30,648944,99.86,-,-,Financials,-,-,-,0.01,-,-,1.00,-,Equity : Index Funds,Nil
Navi ELSS Tax Saver Fund-Reg(G),Ashutosh Shirwaikar,EQ-ELSS,Unrated,43.7,2.25,Open Ended,30-Dec-15,NIFTY 500 - TRI,27.30,30.01,25.43,-1.24,-6.77,-4.18,5.63,1.75,10.89,9.54,-,22.80,3.03,16,43,139065,49.63,36.58,13.75,Financials,-,-,-,-0.30,0.11,0.20,0.94,12.95,Equity : Tax Saving (ELSS),Nil
Navi ELSS Tax Saver Nifty 50 Index Fund-Reg(G),Ashutosh Shirwaikar,EQ-ELSS,Unrated,155.5,0.90,Open Ended,20-Mar-23,NIFTY 50 - TRI,13.79,15.48,13.11,-2.50,-7.21,-10.87,-5.49,2.08,8.06,-,-,19.99,3.02,4,50,532363,99.42,0.67,-,Financials,-,-,-,-0.10,0.09,0.15,1.00,12.11,Equity : Tax Saving (ELSS),Nil
Navi Flexi Cap Fund-Reg(G),Ashutosh Shirwaikar,EQ-FLEX,2,260.3,2.10,Open Ended,09-Jul-18,NIFTY 500 - TRI,23.49,23.90,20.77,0.73,-0.45,-1.30,5.18,5.97,11.17,11.09,-,22.50,3.43,57,67,64932,41.83,11.85,38.06,Financials,-,-,-,-0.14,0.15,0.27,0.94,13.37,Equity : Flexi Cap,Nil
Navi Large & Midcap Fund-Reg(G),Ashutosh Shirwaikar,EQ-L&M,2,300.3,2.10,Open Ended,07-Dec-15,NIFTY LargeMidcap 250 - TRI,34.93,36.34,30.84,0.28,-1.39,-3.93,-0.28,5.30,10.20,11.30,12.74,23.43,3.30,67,82,84241,36.86,39.5,18.8,Financials,-,-,-,-0.45,0.12,0.23,0.98,14.58,Equity : Large & Mid Cap,Nil
Navi Liquid Fund-Reg(G),Tanmay Sethi,DT-LIQ,Unrated,75.9,0.20,Open Ended,19-Feb-10,CRISIL Liquid Debt Index,29.86,29.86,28.26,0.44,1.43,2.80,5.66,6.24,6.44,5.86,5.90,-,-,0,-,-,-,-,-,-,0.07,0.07,5.73,-0.03,-0.31,-0.08,0.92,0.21,Debt : Liquid,0.007% for Day 1 0.0065% on Day 2 0.0060% on Day 3 0.0055% on Day 4 0.0050% on Day 5 0.0045% on Day 6 NIL on or after 7D
Navi Nasdaq100 US Specific Equity Passive FOF-Reg(G),Ashutosh Shirwaikar,FOF-OVR,Unrated,1179.1,0.30,Open Ended,23-Mar-22,Nasdaq-100,25.66,25.66,16.39,11.29,27.66,27.58,58.66,35.37,34.54,-,-,-,-,-,-,-,-,-,-,-,-,-,-,0.43,0.41,0.84,1.00,18.78,FoFs : Overseas,Nil
Navi Nifty 50 Index Fund-Reg(G),Ashutosh Shirwaikar,EQ-INDX,Unrated,3919.8,0.26,Open Ended,15-Jul-21,NIFTY 50 - TRI,15.27,17.09,14.50,-2.43,-7.04,-10.54,-4.82,2.82,8.97,-,-,19.99,3.02,7,50,532358,99.31,0.67,-,Financials,-,-,-,-0.03,0.11,0.19,1.00,12.15,Equity : Index Funds,Nil
Navi Nifty 500 Multicap 50:25:25 Index Fund-Reg(G),Ashutosh Shirwaikar,EQ-INDX,Unrated,26.7,0.90,Open Ended,01-Aug-24,Nifty500 Multicap 50:25:25 - TRI,9.68,10.16,8.67,-0.47,-1.05,-4.47,-0.51,-,-,-,-,23.78,3.25,38,504,114975,49.06,24.24,24.93,Financials,-,-,-,-0.11,-0.09,-0.15,0.98,-,Equity : Index Funds,Nil
Navi Nifty Bank Index Fund-Reg(G),Ashutosh Shirwaikar,EQ-INDX,Unrated,611.4,0.90,Open Ended,04-Feb-22,NIFTY BANK - TRI,13.68,15.71,12.81,-2.17,-11.50,-10.51,-4.07,4.33,6.55,-,-,14.17,1.65,37,14,330019,76.33,23.88,-,Financials,-,-,-,-0.08,0.04,0.06,1.00,14.77,Equity : Index Funds,Nil
Navi Nifty India Manufacturing Index Fund-Reg(G),Ashutosh Shirwaikar,EQ-INDX,Unrated,75.7,0.90,Open Ended,26-Aug-22,Nifty India Manufacturing - TRI,18.57,19.05,16.51,1.02,-0.33,2.37,10.92,6.75,21.00,-,-,20.51,3.99,33,80,129842,68.43,27.01,2.37,Automobile and Ancillaries,-,-,-,-0.09,0.31,0.59,1.00,15.34,Equity : Index Funds,Nil
Navi Nifty Midcap 150 Index Fund-Reg(G),Ashutosh Shirwaikar,EQ-INDX,Unrated,367.5,0.90,Open Ended,11-Mar-22,Nifty Midcap 150 - TRI,20.36,20.88,17.76,1.15,1.67,-0.82,4.75,6.76,19.77,-,-,28.44,3.87,27,150,68102,11.57,84.79,3.54,Financials,-,-,-,-0.10,0.27,0.52,1.00,16.56,Equity : Index Funds,Nil
Navi Nifty MidSmallcap 400 Index Fund-Reg(G),Ashutosh Shirwaikar,EQ-INDX,Unrated,9.1,0.90,Open Ended,09-Dec-25,Nifty MidSmallcap 400 - TRI,10.26,10.52,8.89,0.84,2.68,-,-,-,-,-,-,28.89,3.57,48,400,45043,7.67,58.41,33.4,Financials,-,-,-,-,-,-,-,-,Equity : Index Funds,NIL
Navi Nifty Next 50 Index Fund-Reg(G),Ashutosh Shirwaikar,EQ-INDX,Unrated,1192.9,0.90,Open Ended,19-Jan-22,NIFTY NEXT 50 - TRI,16.28,16.71,14.03,0.33,0.20,0.79,4.57,1.81,18.06,-,-,19.51,3.34,27,54,98928,84.48,12.16,-,Financials,-,-,-,-0.07,0.23,0.42,1.00,17.82,Equity : Index Funds,Nil
Navi Nifty Smallcap250 Momentum Quality 100 Index Fund-Reg(G),Ashutosh Shirwaikar,EQ-INDX,Unrated,31.3,0.90,Open Ended,12-Mar-25,Nifty Smallcap250 Momentum Quality 100 - TRI,11.21,12.22,9.40,1.34,6.70,-0.53,-3.21,-,-,-,-,26.96,4.14,90,100,22564,-,14.2,86,Financials,-,-,-,-0.14,0.07,0.15,1.00,-,Equity : Index Funds,Nil
Navi Total Stock Market US Specific Equity Passive FoF-Reg(G),Ashutosh Shirwaikar,FOF-OVR,Unrated,1034.7,0.06,Open Ended,24-Feb-22,CRSP US Total Market Index,22.51,22.51,15.79,5.44,15.12,18.57,43.64,27.39,28.11,-,-,-,-,-,-,-,-,-,-,-,-,-,-,1.61,0.43,0.82,0.36,13.95,FoFs : Overseas,Nil
Nippon India Active Momentum Fund-Reg(G),Shirish Guthe,EQ-THEM,Unrated,402.9,1.67,Open Ended,28-Feb-25,NIFTY 500 - TRI,12.06,12.31,10.74,0.72,-1.05,-0.71,5.32,-,-,-,-,27.28,3.88,139,45,104544,49.13,29.96,14.44,Financials,-,-,-,0.37,0.20,0.37,0.96,-,Equity : Thematic,1% on or before 1Y Nil after 1Y
Nippon India Aggressive Hybrid Fund(G),Meenakshi Dawar,HY-AGR,3,3958.2,2.10,Open Ended,08-Jun-05,CRISIL Hybrid 35+65 - Aggressive Index,103.17,108.42,97.43,-1.18,-3.16,-4.78,0.05,4.84,11.99,11.45,9.70,26.16,3.47,32,76,232088,52.37,12.38,8.06,Financials,4.76,3.13,7.90,0.09,0.20,0.36,1.11,10.01,Hybrid : Aggressive Hybrid,Nil for 10% of investments and 1% for remaining on or before 12M Nil after 12M
Nippon India Arbitrage Fund(G),Vikash Agarwal,HY-ARB,3,16332.5,2.81,Open Ended,14-Oct-10,Nifty 50 Arbitrage,27.87,27.90,26.41,0.35,1.24,2.75,5.70,6.20,6.65,5.84,5.74,20.56,2.72,1175,165,250217,51.78,14.67,3.06,Financials,-,-,-,-0.03,0.05,0.03,0.50,0.45,Hybrid : Arbitrage,0.25% on or before 15D Nil after 15D
Nippon India Balanced Advantage Fund(G),Sushil Budhia,HY-DYN,3,9620.3,2.01,Open Ended,15-Nov-04,CRISIL Hybrid 50+50 - Moderate Index,176.71,182.94,168.48,-1.01,-2.09,-3.12,1.16,4.97,10.49,9.19,10.69,24.80,3.53,189,78,254440,51.98,12.87,5.01,Financials,3.73,2.52,7.48,0.33,0.19,0.36,0.58,7.54,Hybrid : Dynamic Asset Allocation,Nil for 10% of units on or before 12M In excess of limit 1% on or before 12M and Nil after 12M
Nippon India Banking & Financial Services Fund(G),Vinay Sharma,EQ-FIN,5,7469.8,1.97,Open Ended,26-May-03,Nifty Financial Services - TRI,609.26,677.51,564.04,-1.84,-7.84,-8.12,-2.05,7.96,12.53,13.06,13.64,20.30,2.46,27,37,187620,59.04,22.4,16.14,Financials,-,-,-,0.32,0.17,0.32,0.91,13.96,Equity : Sectoral - Financial Services,1% on or before 1M Nil after 1M
Nippon India Banking and PSU Fund(G),Pranay Sinha,DT-B&PSU,5,5164.0,0.79,Open Ended,15-May-15,CRISIL Banking and PSU Debt Index,21.48,21.51,20.80,0.16,0.18,0.82,2.92,6.34,6.41,5.66,6.96,-,-,0,-,-,-,-,-,-,3.72,2.94,7.54,0.03,-0.01,-0.02,1.15,1.45,Debt : Banking & PSU,Nil
Nippon India BSE Sensex Next 30 ETF,Himanshu Mange,EQ-ETF,Unrated,5.8,0.28,Open Ended,10-Jun-25,BSE Sensex Next 30 - TRI,42.03,43.05,37.21,0.52,1.37,4.27,-,-,-,-,-,16.79,2.99,-,30,180936,92.17,7.72,-,Automobile and Ancillaries,-,-,-,-,-,-,-,-,Equity : ETFs,null
Nippon India BSE Sensex Next 30 Index Fund-Reg(G),Himanshu Mange,EQ-INDX,Unrated,79.1,0.68,Open Ended,10-Jun-25,BSE Sensex Next 30 - TRI,10.83,11.09,9.60,0.47,1.26,3.96,-,-,-,-,-,16.78,2.99,-,30,180944,92.4,7.74,-,Automobile and Ancillaries,-,-,-,-,-,-,-,-,Equity : Index Funds,NIL
Nippon India Conservative Hybrid Fund(G),Sushil Budhia,HY-CON,1,951.1,1.90,Open Ended,12-Jan-04,CRISIL Hybrid 85+15 - Conservative Index,60.63,60.81,57.29,0.01,-0.18,1.01,5.71,7.38,7.82,7.69,5.61,20.18,3.03,0,48,444803,10.57,1.04,-,Financials,2.34,1.97,9.01,0.07,0.22,0.40,0.58,1.93,Hybrid : Conservative Hybrid,Nil upto 10% of units and 1% for remaining units on or before 12M Nil after 12M
Nippon India Consumption Fund(G),Kinjal Desai,EQ-CONS,5,2442.9,1.98,Open Ended,30-Sep-04,Nifty India Consumption - TRI,179.26,208.56,165.61,-3.33,-3.52,-11.52,-7.99,-0.74,9.93,13.35,12.64,47.66,6.95,44,42,137353,65.74,18.89,12.32,FMCG,-,-,-,-0.17,0.13,0.23,0.97,14.43,Equity : Thematic - Consumption,1% on or before 1M Nil after 1M
Nippon India Corp Bond Fund(G),Vivek Sharma,DT-CORP,2,8245.5,0.78,Open Ended,14-Sep-00,NIFTY Corporate Bond Index,62.33,62.39,60.12,0.16,0.20,1.04,3.40,6.84,6.87,6.28,6.94,-,-,0,-,-,-,-,-,-,3.28,2.68,7.70,0.05,0.09,0.16,0.47,1.40,Debt : Corporate Bond,Nil
Nippon India Credit Risk Fund(G),Sushil Budhia,DT-CR,2,1343.4,1.74,Open Ended,10-Jun-05,CRISIL Credit Risk Debt Index,37.19,37.19,34.88,0.42,1.02,2.67,6.55,8.12,7.91,8.30,5.89,-,-,0,-,-,-,-,-,-,2.34,1.96,8.79,0.12,0.46,0.40,0.24,0.84,Debt : Credit Risk,Nil for 10% of units and 1% for remaining units on or before 12M Nil after 12M
Nippon India CRISIL-IBX AAA Financial Services - Dec 2026 Index Fund-Reg(G),Vivek Sharma,DT-SD,Unrated,88.0,0.36,Open Ended,25-Oct-24,CRISIL-IBX AAA Financial Services Index - Dec 2026,11.19,11.19,10.54,0.34,1.58,2.73,6.22,-,-,-,-,-,-,0,-,-,-,-,-,-,0.46,0.43,7.19,0.08,0.22,0.22,0.18,-,Debt : Short Duration,NIL
Nippon India CRISIL-IBX AAA Financial Services - Jan 2028 Index Fund-Reg(G),Vivek Sharma,DT-M&LD,Unrated,86.1,0.36,Open Ended,25-Oct-24,CRISIL-IBX AAA Financial Services Index - Jan 2028,11.15,11.15,10.60,0.15,0.67,1.78,5.23,-,-,-,-,-,-,0,-,-,-,-,-,-,1.55,1.37,7.65,0.10,0.11,0.18,0.35,-,Debt : Medium to Long Duration,NIL
Nippon India CRISIL-IBX Financial Services 3-6 Months Debt Index Fund-Reg(G),Vikash Agarwal,DT-USD,Unrated,300.2,0.29,Open Ended,12-Mar-26,CRISIL-IBX Financial Services 3 to 6 Months Debt Index,10.16,10.16,10.00,0.45,-,-,-,-,-,-,-,-,-,0,-,-,-,-,-,-,0.29,0.27,6.76,-,-,-,-,-,Debt : Ultra Short Duration,NIL
Nippon India CRISIL-IBX Financial Services 9-12 Months Debt Index Fund-Reg(G),Vikash Agarwal,DT-LOWD,Unrated,725.4,0.30,Open Ended,02-Mar-26,CRISIL-IBX Financial Services 9-12 Months Debt Index,10.12,10.12,10.00,0.19,-,-,-,-,-,-,-,-,-,0,-,-,-,-,-,-,0.82,0.76,7.31,-,-,-,-,-,Debt : Low Duration,NIL
Nippon India Diversified Equity Flexicap Passive FoF-Reg(G),Shirish Guthe,FOF-DOM,Unrated,221.9,0.58,Open Ended,01-Jan-21,NIFTY 500 - TRI,20.17,21.65,18.49,-1.11,-3.51,-6.61,-1.72,2.84,12.26,11.04,-,-,-,3,-,-,-,-,-,-,-,-,-,-0.07,0.17,0.31,0.97,13.33,FoFs : Domestic,NIL
Nippon India Dynamic Bond Fund(G),Pranay Sinha,DT-DYN,4,3952.0,0.75,Open Ended,15-Nov-04,NIFTY Composite Debt Index,38.48,38.76,37.32,0.28,-0.49,0.80,2.00,6.64,6.51,5.68,6.53,-,-,0,-,-,-,-,-,-,4.17,3.50,7.36,0.03,0.01,0.02,0.71,2.13,Debt : Dynamic Bond,Nil
Nippon India ELSS Tax Saver Fund(G),Rupesh Patel,EQ-ELSS,2,14742.5,1.86,Open Ended,21-Sep-05,NIFTY 500 - TRI,127.49,133.02,116.78,-1.03,-1.88,-3.73,0.43,4.43,15.57,13.85,11.28,21.21,3.09,16,62,178461,62.47,20.76,15.04,Financials,-,-,-,0.15,0.23,0.43,0.99,13.73,Equity : Tax Saving (ELSS),Nil
Nippon India Equity Savings Fund(G),Sushil Budhia,HY-EQS,1,853.2,1.55,Open Ended,30-May-15,NIFTY 50 Equity Savings Index,16.18,16.51,15.84,-0.44,-1.52,-0.98,2.05,4.19,6.53,6.69,4.58,21.57,2.86,573,53,425284,65.89,3.52,-,Financials,3.31,2.65,7.12,0.05,0.04,0.07,0.58,3.30,Hybrid : Equity Savings,Nil upto 10% of units and for remaining units 1% on or before 15D and Nil after 15D
Nippon India ETF BSE Sensex,Himanshu Mange,EQ-ETF,Unrated,25544.1,0.04,Open Ended,24-Sep-14,BSE SENSEX - TRI,854.09,978.67,821.60,-3.28,-8.45,-13.06,-7.88,1.48,7.22,8.78,12.13,21.37,3.11,11,30,648953,99.98,-,-,Financials,-,-,-,-0.17,0.07,0.12,1.00,12.26,Equity : ETFs,Nil
Nippon India ETF BSE Sensex Next 50,Himanshu Mange,EQ-ETF,Unrated,145.3,0.32,Open Ended,30-Jul-19,BSE Sensex Next 50 - TRI,88.61,92.58,78.78,-0.34,-1.94,-3.84,2.16,6.37,18.24,15.29,-,20.56,2.95,22,50,115773,61.85,38.09,-,Financials,-,-,-,0.08,0.26,0.48,1.00,15.64,Equity : ETFs,null
Nippon India ETF Gold BeES,Vikram Dhawan,PM-ETF,Unrated,55540.2,0.81,Open Ended,08-Mar-07,Gold-India,128.62,144.57,79.72,3.30,-2.49,19.73,60.58,45.00,35.74,24.51,16.88,-,-,53,-,-,-,-,-,-,-,-,-,2.22,0.46,1.19,0.54,16.55,Metal : ETFs,Nil
Nippon India ETF Hang Seng BeES,Kinjal Desai,EQ-ETF,Unrated,1078.0,0.93,Open Ended,09-Mar-10,Hang Seng,465.73,481.65,370.50,-0.96,0.03,3.65,23.38,31.39,20.00,5.43,8.10,-,-,12,90,-,-,-,-,-,-,-,-,0.70,0.19,0.43,0.99,21.70,Equity : ETFs,Nil
Nippon India ETF Nifty 100,Himanshu Mange,EQ-ETF,Unrated,346.8,0.51,Open Ended,25-Mar-13,NIFTY 100 - TRI,258.92,284.33,241.67,-1.93,-5.74,-8.64,-3.23,2.57,10.44,9.74,12.00,19.90,3.07,18,104,391168,96.5,2.77,-,Financials,-,-,-,-0.04,0.13,0.24,1.00,12.75,Equity : ETFs,Nil
Nippon India ETF Nifty 1D Rate Liquid BeES,Vikash Agarwal,DT-ETF,Unrated,11172.9,0.71,Open Ended,08-Jul-03,Nifty 1D Rate Index,1000.00,1000.00,1000.00,0.37,1.09,2.10,4.17,4.57,4.70,4.35,4.57,-,-,0,-,-,-,-,-,-,0.01,0.01,5.24,-0.14,-2.70,-0.88,0.49,0.20,Debt : ETFs,Nil
Nippon India ETF Nifty 5 yr Benchmark G-Sec,Pranay Sinha,DT-ETF,Unrated,270.8,0.60,Open Ended,07-Apr-21,Nifty 5 yr Benchmark G-Sec Index TRI,64.49,64.67,62.25,0.29,-0.01,1.56,3.22,7.38,7.11,5.95,-,-,-,0,-,-,-,-,-,-,4.26,3.64,6.87,0.08,0.11,0.23,0.68,1.90,Debt : ETFs,null
Nippon India ETF Nifty 50 BeES,Himanshu Mange,EQ-ETF,Unrated,62881.1,0.04,Open Ended,28-Dec-01,NIFTY 50 - TRI,266.18,297.54,252.66,-2.40,-6.95,-10.40,-4.54,3.15,9.34,9.77,12.43,19.99,3.02,12,50,532358,99.31,0.67,-,Financials,1.00,-,-,-,0.11,0.20,1.00,12.16,Equity : ETFs,Nil
Nippon India ETF Nifty 50 Shariah BeES,Jitendra Tolani,EQ-ETF,Unrated,54.6,0.97,Open Ended,18-Mar-09,Nifty50 Shariah - TRI,472.77,523.37,439.43,-0.53,-2.84,-9.70,-7.72,-0.81,4.89,4.33,9.62,16.50,3.94,70,17,316542,96.74,3.12,-,Technology,-,-,-,-0.09,0.02,0.04,0.99,14.40,Equity : ETFs,Nil
Nippon India ETF Nifty 50 Value 20,Jitendra Tolani,EQ-ETF,Unrated,152.8,0.26,Open Ended,18-Jun-15,Nifty50 Value 20 - TRI,141.76,156.89,135.96,-2.29,-7.03,-8.74,-5.26,0.52,9.36,10.92,14.50,13.87,2.55,33,20,451750,99.92,-,-,Financials,-,-,-,-0.03,0.12,0.22,1.00,12.81,Equity : ETFs,null
Nippon India ETF Nifty 8-13 yr G-Sec Long Term Gilt,Pranay Sinha,DT-ETF,Unrated,2478.6,0.11,Open Ended,05-Jul-16,Nifty 8-13 yr G-Sec,29.27,29.51,28.52,0.66,-0.51,0.44,1.26,6.52,6.55,5.35,-,-,-,0,-,-,-,-,-,-,9.07,6.62,7.12,-0.01,0.03,0.06,0.99,2.44,Debt : ETFs,null
Nippon India ETF Nifty Bank BeES,Himanshu Mange,EQ-ETF,Unrated,7917.6,0.19,Open Ended,27-May-04,NIFTY BANK - TRI,554.65,634.96,518.45,-2.08,-11.28,-10.09,-3.24,5.15,7.45,9.32,12.26,14.17,1.65,36,14,330019,76.16,23.83,-,Financials,-,-,-,-0.02,0.05,0.08,1.00,14.74,Equity : ETFs,Nil
Nippon India ETF Nifty Dividend Opportunities 50,Jitendra Tolani,EQ-ETF,Unrated,69.7,0.36,Open Ended,15-Apr-14,Nifty Dividend Opportunities 50 - TRI,77.90,84.76,74.13,-3.08,-6.97,-5.89,-0.79,1.44,14.57,14.96,14.62,14.16,2.58,52,54,215063,86.44,10.62,0.79,Financials,-,-,-,-0.03,0.21,0.40,1.00,14.17,Equity : ETFs,Nil
Nippon India ETF Nifty India Consumption,Jitendra Tolani,EQ-ETF,Unrated,202.7,0.31,Open Ended,10-Apr-14,Nifty India Consumption - TRI,124.03,140.30,114.75,-2.86,-3.90,-11.03,-2.22,3.87,12.09,13.25,12.92,38.08,7.06,34,30,276189,91.34,8.64,-,FMCG,-,-,-,-0.03,0.17,0.30,1.00,14.33,Equity : ETFs,Nil
Nippon India ETF Nifty Infrastructure BeES,Jitendra Tolani,EQ-ETF,Unrated,189.8,0.51,Open Ended,04-Oct-10,Nifty Infrastructure - TRI,951.81,1007.09,882.98,-1.85,-3.08,-4.13,3.05,3.08,18.82,16.08,13.22,23.15,3.09,33,30,430710,88.79,10.99,-,Energy,-,-,-,-0.08,0.25,0.49,1.00,15.42,Equity : ETFs,Nil
Nippon India ETF Nifty IT,Jitendra Tolani,EQ-ETF,Unrated,3478.5,0.22,Open Ended,26-Jun-20,NIFTY IT - TRI,34.50,43.37,30.25,2.02,-1.96,-19.73,-18.29,-0.14,3.97,4.79,-,20.21,4.84,37,10,283995,82.26,17.52,-,Technology,-,-,-,-0.02,0.02,0.03,1.00,22.70,Equity : ETFs,null
Nippon India ETF Nifty Midcap 150,Himanshu Mange,EQ-ETF,Unrated,3322.9,0.24,Open Ended,31-Jan-19,Nifty Midcap 150 - TRI,230.22,236.19,200.56,1.22,1.91,-0.34,5.85,7.84,21.08,18.35,-,28.39,3.85,45,149,68118,11.63,84.77,3.56,Financials,-,-,-,-0.01,0.29,0.55,1.00,16.66,Equity : ETFs,null
Nippon India ETF Nifty Next 50 Junior BeES,Himanshu Mange,EQ-ETF,Unrated,7812.0,0.18,Open Ended,21-Feb-03,NIFTY NEXT 50 - TRI,755.98,775.80,650.36,0.43,0.54,1.34,5.64,2.61,19.03,13.53,14.46,19.51,3.34,30,54,98966,84.46,12.16,-,Financials,-,-,-,-0.01,0.24,0.44,1.00,17.92,Equity : ETFs,Nil
Nippon India ETF Nifty PSU Bank BeES,Jitendra Tolani,EQ-ETF,Unrated,3914.5,0.49,Open Ended,25-Oct-07,NIFTY PSU BANK - TRI,90.02,109.95,75.23,-5.08,-18.08,-5.81,14.93,4.61,25.49,27.14,13.13,8.34,1.21,34,12,227085,87.34,12.34,0.3,Financials,-,-,-,-0.04,0.25,0.53,1.00,23.14,Equity : ETFs,Nil
Nippon India ETF Nifty SDL Apr 2026 Top 20 Equal Weight,Vivek Sharma,DT-ETF,Unrated,4225.7,0.17,Open Ended,30-Mar-21,Nifty SDL Apr 2026 Top 20 Equal Weight Index,137.83,137.83,131.19,0.47,1.30,2.70,5.86,7.00,6.94,6.17,-,-,-,0,-,-,-,-,-,-,0.01,0.01,5.24,0.03,0.25,0.15,0.14,0.50,Debt : ETFs,null
Nippon India Flexi Cap Fund-Reg(G),Meenakshi Dawar,EQ-FLEX,Unrated,9306.7,1.74,Open Ended,13-Aug-21,NIFTY 500 - TRI,15.95,17.20,14.46,-1.13,-2.47,-6.25,-2.08,1.78,12.39,-,-,26.20,3.54,33,89,150254,61.82,19.81,15.39,Financials,-,-,-,-0.07,0.17,0.31,1.02,14.26,Equity : Flexi Cap,Nil upto 10% of units and 1% for remaining investments on or before 12M Nil after 12M
Nippon India Floater Fund(G),Vikash Agarwal,DT-FL,5,7537.0,0.65,Open Ended,02-Sep-04,Nifty Short Duration Debt Index,47.22,47.26,45.23,0.19,0.38,1.40,4.35,7.00,7.06,6.12,6.93,-,-,0,-,-,-,-,-,-,2.84,2.32,7.59,0.06,0.15,0.21,0.32,1.07,Debt : Floater,Nil
Nippon India FMP-XLI-8-3654D(G),Amit Tripathi,DT-FMP,Unrated,68.5,-,Closed Ended,26-Apr-19,CRISIL Dynamic Gilt Index,17.01,17.07,16.39,0.08,-0.13,1.15,3.19,7.05,6.97,6.25,-,-,-,-,-,-,-,-,-,-,-,-,-,0.05,0.08,0.17,0.75,1.71,Debt : FTP/FMP,null
Nippon India FMP-XLIII-1-1755D(IDCW),Vikash Agarwal,DT-FMP,Unrated,240.9,-,Closed Ended,19-Aug-21,CRISIL Medium Duration Debt Index,13.20,13.20,12.51,0.43,1.30,2.66,5.57,7.00,6.89,-,-,-,-,-,-,-,-,-,-,-,-,-,-,0.04,0.20,0.15,0.22,0.60,Debt : FTP/FMP,null
Nippon India FMP-XLIII-5-2315D(G),Vikash Agarwal,DT-FMP,Unrated,185.8,-,Closed Ended,03-Mar-22,CRISIL Medium to Long Term Debt Index,13.15,13.15,12.65,0.16,0.18,1.56,3.80,7.29,7.12,-,-,-,-,-,-,-,-,-,-,-,-,-,-,0.06,0.13,0.23,0.66,1.48,Debt : FTP/FMP,null
Nippon India FMP-XLIV-1-1743D(G),Vikash Agarwal,DT-FMP,Unrated,79.2,-,Closed Ended,21-Sep-22,NIFTY Medium to Long Duration Debt Index,13.07,13.07,12.44,0.40,1.02,2.45,5.22,7.42,7.17,-,-,-,-,-,-,-,-,-,-,-,-,-,-,0.07,0.22,0.27,0.40,0.95,Debt : FTP/FMP,null
Nippon India FMP-XLIV-4-1223D(G),Vikash Agarwal,DT-FMP,Unrated,56.3,-,Closed Ended,07-Dec-22,CRISIL Medium Duration Debt Index,12.50,12.50,11.93,0.47,1.28,2.70,5.98,6.99,6.95,-,-,-,-,-,-,-,-,-,-,-,-,-,-,0.04,0.23,0.19,0.25,0.71,Debt : FTP/FMP,null
Nippon India FMP-XLV-4-1111D(G),Vikash Agarwal,DT-FMP,Unrated,121.0,-,Closed Ended,31-Mar-23,CRISIL Medium Duration Debt Index,12.30,12.30,11.74,0.49,1.29,2.69,5.95,6.99,6.95,-,-,-,-,-,-,-,-,-,-,-,-,-,-,0.03,0.20,0.15,0.23,0.62,Debt : FTP/FMP,null
Nippon India FMP-XLV-5-1158D(G),Vikash Agarwal,DT-FMP,Unrated,242.6,-,Closed Ended,31-Mar-23,CRISIL Medium Duration Debt Index,12.90,12.90,12.06,0.52,1.78,3.33,7.12,8.14,8.23,-,-,-,-,-,-,-,-,-,-,-,-,-,-,0.14,1.00,0.48,0.15,0.48,Debt : FTP/FMP,null
Nippon India Focused Fund(G),Vinay Sharma,EQ-FOC,4,8343.4,1.78,Open Ended,26-Dec-06,BSE 500 - TRI,119.04,126.15,107.19,-0.30,-2.05,-5.42,-0.85,5.01,12.54,11.72,13.63,28.33,3.43,48,30,171684,61.47,21.55,13.1,Financials,-,-,-,0.05,0.17,0.32,0.96,13.66,Equity : Focused,Nil upto 10% of units and 1% for remaining units on or before 12M Nil after 12M
Nippon India Gilt Fund(G),Pranay Sinha,DT-GILT,3,1673.9,1.31,Open Ended,22-Aug-08,Nifty All Duration G-Sec Index,38.02,38.64,37.24,0.13,-0.69,0.38,-1.65,4.11,4.94,4.59,6.92,-,-,0,-,-,-,-,-,-,18.44,8.01,7.27,-0.07,-0.12,-0.22,1.08,3.17,Debt : Gilt,0.25% on or before 7D Nil after 7D
Nippon India Gold Savings Fund(G),Himanshu Mange,PM-MF,Unrated,7178.7,0.25,Open Ended,07-Mar-11,Gold-India,59.20,67.46,36.86,3.27,-3.20,19.22,59.75,44.20,35.32,24.28,16.77,-,-,93,-,-,-,-,-,-,-,-,-,2.16,0.45,1.15,0.63,16.47,Metal : MFs,1% on or before for 15D Nil after 15D
Nippon India Growth Mid Cap Fund(G),Rupesh Patel,EQ-MID,4,45820.3,1.54,Open Ended,08-Oct-95,Nifty Midcap 150 - TRI,4321.42,4452.42,3814.10,0.18,0.04,1.14,6.91,10.04,22.74,20.65,18.80,28.48,4.12,5,98,74473,24.6,62.69,11.22,Financials,-,-,-,0.16,0.32,0.62,0.97,16.44,Equity : Mid Cap,1% on or before 1M Nil after 1M
Nippon India Income Plus Arbitrage Active FoF-Reg(G),Sushil Budhia,FOF-DOM,Unrated,621.8,0.31,Open Ended,17-Jun-25,CRISIL Short Term Bond Index,10.46,10.46,10.00,0.27,0.71,1.89,-,-,-,-,-,-,-,0,-,-,-,-,-,-,-,2.45,6.79,-,-,-,-,-,FoFs : Domestic,NIL
Nippon India Index Fund-BSE Sensex Plan(G),Himanshu Mange,EQ-INDX,2,916.2,0.51,Open Ended,28-Sep-10,BSE SENSEX - TRI,38.04,43.68,36.63,-3.31,-8.56,-13.26,-8.31,1.00,6.66,8.18,11.33,21.37,3.11,12,30,648953,99.98,-,-,Financials,-,-,-,-0.21,0.06,0.10,1.00,12.24,Equity : Index Funds,Nil
Nippon India Index Fund-Nifty 50 Plan(G),Himanshu Mange,EQ-INDX,2,3663.4,0.51,Open Ended,28-Sep-10,NIFTY 50 - TRI,39.93,44.71,37.93,-2.44,-7.05,-10.59,-4.94,2.67,8.79,9.03,11.40,19.99,3.02,11,50,532359,99.46,0.67,-,Financials,-,-,-,-0.04,0.10,0.19,1.00,12.14,Equity : Index Funds,Nil
Nippon India Innovation Fund-Reg(G),Vinay Sharma,EQ-THEM,Unrated,2778.3,2.46,Open Ended,28-Aug-23,NIFTY 500 - TRI,13.91,14.95,12.21,0.67,0.51,-5.36,1.13,4.20,-,-,-,33.72,5.18,49,54,84848,43.21,29.39,25.76,Retail and Other Services,-,-,-,0.03,0.13,0.23,1.04,-,Equity : Thematic,1% on or before 1Y Nil after 1Y
Nippon India Inv-Annual-I(G),Vikash Agarwal,DT-FMP,Unrated,3.1,-,Interval,03-May-07,CRISIL Short Term Bond Index,28.33,28.33,26.78,0.46,1.33,2.85,6.52,6.90,6.94,6.04,-,-,-,0,-,-,-,-,-,-,0.67,-,-,0.03,0.32,0.13,0.08,0.37,Debt : FTP/FMP,Nil
Nippon India Inv-Qrtly-II(G),Vikash Agarwal,DT-FMP,Unrated,14.7,-,Interval,07-May-07,CRISIL Liquid Debt Index,37.92,37.92,35.85,0.49,1.54,2.87,5.83,6.30,6.63,5.99,6.11,-,-,0,-,-,-,-,-,-,0.10,-,-,-,0.13,0.04,1.05,0.24,Debt : FTP/FMP,Nil
Nippon India Japan Equity Fund(G),Kinjal Desai,EQ-INTL,Unrated,329.7,2.41,Open Ended,26-Aug-14,BSE 500 Japan - TRI,27.09,27.45,19.60,7.32,4.76,22.79,33.97,23.28,19.16,10.08,10.47,-,-,36,30,-,-,-,-,-,-,-,-,1.02,0.27,0.53,0.41,13.78,Equity : International,1% on or before 1Y Nil after 1Y
Nippon India Large Cap Fund(G),Sailesh Raj Bhan,EQ-LC,2,51690.3,3.51,Open Ended,08-Aug-07,BSE 100 - TRI,86.77,94.77,81.51,-2.43,-6.10,-8.27,-2.78,3.50,13.56,14.72,14.39,25.44,3.66,34,64,304436,78.78,14.53,2.61,Financials,-,-,-,0.33,0.21,0.38,0.99,12.76,Equity : Large Cap,1% on or before 7D Nil after 7D
Nippon India Liquid Fund(G),Vikash Agarwal,DT-LIQ,4,37902.8,0.34,Open Ended,09-Dec-03,Nifty Liquid Fund Index,6731.21,6731.21,6344.12,0.49,1.66,3.13,6.13,6.66,6.84,6.02,6.06,-,-,0,-,-,-,-,-,-,0.12,0.11,6.34,0.02,0.18,0.05,0.28,0.25,Debt : Liquid,0.007% for Day 1 0.0065% on Day 2 0.0060% on Day 3 0.0055% on Day 4 0.0050% on Day 5 0.0045% on Day 6 NIL on or after 7D
Nippon India Low Duration Fund(G),Vivek Sharma,DT-LOWD,4,9416.7,0.98,Open Ended,20-Mar-07,CRISIL Low Duration Debt Index,3931.51,3931.51,3732.94,0.24,0.97,2.14,5.37,6.67,6.71,5.90,6.45,-,-,0,-,-,-,-,-,-,1.24,0.93,7.42,-0.02,0.11,0.07,1.18,0.55,Debt : Low Duration,Nil
Nippon India Medium Duration Fund(G),Sushil Budhia,DT-MD,2,145.1,1.05,Open Ended,26-Jun-14,CRISIL Medium Duration Debt Index,16.49,16.49,15.43,0.33,0.47,1.74,6.25,8.07,7.41,8.81,3.19,-,-,0,-,-,-,-,-,-,5.01,3.37,7.86,0.10,0.16,0.34,0.41,1.83,Debt : Medium Duration,1% on or before 12M Nil after 12M
Nippon India Medium to Long Duration Fund(G),Vivek Sharma,DT-M&LD,3,364.4,1.61,Open Ended,01-Jan-98,NIFTY Medium to Long Duration Debt Index,90.96,91.08,88.48,0.22,-0.14,0.95,0.60,4.95,5.36,5.02,6.44,-,-,0,-,-,-,-,-,-,12.34,5.89,7.21,-0.05,-0.11,-0.24,0.84,2.37,Debt : Medium to Long Duration,0.25% on or before 15D Nil after 15D
Nippon India MNC Fund-Reg(G),Dhrumil Shah,EQ-MNC,Unrated,418.0,2.41,Open Ended,22-Jul-25,NIFTY MNC - TRI,10.46,10.91,9.45,0.05,-2.05,-3.68,-,-,-,-,-,34.72,6.08,-,38,77065,58.88,23.41,13.03,Automobile and Ancillaries,-,-,-,-,-,-,-,-,Equity : Thematic - MNC,1% on or before 1Y Nil after 1Y
Nippon India Money Market Fund(G),Vikash Agarwal,DT-MM,3,21421.0,0.39,Open Ended,15-Jun-05,Nifty Money Market Index,4377.52,4377.52,4138.92,0.25,1.20,2.55,5.84,6.95,7.13,6.36,6.60,-,-,0,-,-,-,-,-,-,0.70,0.65,7.14,0.07,0.35,0.20,0.67,0.51,Debt : Money Market,Nil
Nippon India Multi Asset Allocation Fund-Reg(G),Vinay Sharma,HY-MULTI,Unrated,14737.6,1.55,Open Ended,28-Aug-20,BSE 500 - TRI,24.34,25.34,21.13,0.17,-1.17,3.02,15.46,14.27,19.68,15.41,-,25.09,3.47,73,98,172586,37.99,11.04,5.5,Financials,2.84,2.24,7.02,1.01,0.45,0.86,3.92,8.70,Hybrid : Multi Asset Allocation,Nil upto 10% of units and 1% for remaining units on or before 12M Nil after 12M
Nippon India Multi Cap Fund(G),Sailesh Raj Bhan,EQ-MLC,3,52634.0,1.62,Open Ended,28-Mar-05,Nifty500 Multicap 50:25:25 - TRI,292.71,307.45,265.43,-1.23,-1.50,-3.56,-0.83,4.27,17.39,19.21,15.79,31.56,4.14,28,125,97129,42.69,29.5,27.37,Financials,-,-,-,0.20,0.26,0.50,0.94,14.55,Equity : Multi Cap,Nil upto 10% of units and 1% for remaining units on or before 12M Nil after 12M
Nippon India Multi-Asset Omni FoF-Reg(G),Sushil Budhia,FOF-DOM,Unrated,2519.7,1.07,Open Ended,08-Feb-21,CRISIL Short Term Bond Index,23.33,23.92,21.11,0.50,-0.98,2.66,9.90,12.43,18.40,15.99,-,-,-,11,-,-,-,-,-,-,-,-,-,0.91,0.40,0.77,4.65,8.97,FoFs : Domestic,Nil upto 10% of units and 1% for remaning units on or before 12M Nil after 12M
Nippon India Nifty 1D Rate Liquid ETF(G),Vikash Agarwal,DT-LIQ,Unrated,99.4,0.51,Open Ended,24-Jul-25,Nifty 1D Rate Index,1041.81,1041.81,1000.75,0.41,1.17,2.31,-,-,-,-,-,-,-,0,-,-,-,-,-,-,0.01,0.01,5.24,-,-,-,-,-,Debt : Liquid,null
Nippon India Nifty 50 Value 20 Index Fund-Reg(G),Jitendra Tolani,EQ-INDX,Unrated,947.5,0.79,Open Ended,19-Feb-21,Nifty50 Value 20 - TRI,17.43,19.34,16.73,-2.33,-7.18,-9.03,-5.86,-0.09,8.76,10.28,-,13.87,2.55,36,20,451752,99.94,-,-,Financials,-,-,-,-0.08,0.10,0.19,1.00,12.82,Equity : Index Funds,Nil
Nippon India Nifty 500 Equal Weight Index Fund-Reg(G),Jitendra Tolani,EQ-INDX,Unrated,434.8,0.99,Open Ended,10-Sep-24,NIFTY500 Equal Weight - TRI,9.34,9.72,8.02,0.09,2.79,-1.10,0.14,-,-,-,-,26.41,3.30,58,503,39279,19.39,29.06,51.19,Financials,-,-,-,-0.09,-0.10,-0.18,1.00,-,Equity : Index Funds,NIL
Nippon India Nifty 500 Low Volatility 50 Index Fund-Reg(G),Jitendra Tolani,EQ-INDX,Unrated,32.9,0.95,Open Ended,07-May-25,Nifty500 Low Volatility 50 - TRI,10.45,11.29,9.90,-2.07,-5.21,-5.77,1.58,-,-,-,-,23.58,3.95,-,50,186293,77.39,19.92,2.51,Energy,-,-,-,-0.11,-0.03,-0.05,1.00,-,Equity : Index Funds,NIL
Nippon India Nifty 500 Momentum 50 Index Fund-Reg(G),Jitendra Tolani,EQ-INDX,Unrated,1152.2,0.91,Open Ended,30-Sep-24,Nifty500 Momentum 50 - TRI,8.05,8.59,7.09,0.84,-0.45,-4.82,-1.45,-,-,-,-,28.77,4.07,149,50,138417,62.08,30.05,7.91,Financials,-,-,-,-0.11,-0.18,-0.28,1.00,-,Equity : Index Funds,NIL
Nippon India Nifty 500 Quality 50 Index Fund-Reg(G),Jitendra Tolani,EQ-INDX,Unrated,47.3,0.93,Open Ended,07-May-25,Nifty500 Quality 50 - TRI,10.97,11.26,9.34,0.77,7.09,1.60,0.42,-,-,-,-,30.45,8.39,-,49,76817,38.76,33.84,27.34,Capital Goods,-,-,-,-0.16,-0.03,-0.06,0.99,-,Equity : Index Funds,NIL
Nippon India Nifty AAA CPSE Bond Plus SDL - Apr 2027 Maturity 60:40 Index Fund(G),Vivek Sharma,DT-M&LD,Unrated,2989.3,0.32,Open Ended,29-Mar-22,Nifty AAA CPSE Bond Plus SDL Apr 2027 60:40 Index,12.81,12.81,12.15,0.30,1.30,2.53,5.57,7.20,6.96,-,-,-,-,0,-,-,-,-,-,-,0.67,0.63,6.66,0.05,0.19,0.18,0.23,0.76,Debt : Medium to Long Duration,Nil
Nippon India Nifty AAA PSU Bond Plus SDL - Sep 2026 Maturity 50:50 Index Fund-Reg(G),Vivek Sharma,DT-B&PSU,Unrated,375.7,0.39,Open Ended,27-Oct-22,Nifty AAA PSU Bond Plus SDL Sep 2026 50:50 Index,12.81,12.81,12.12,0.44,1.47,2.79,5.82,7.09,6.88,-,-,-,-,0,-,-,-,-,-,-,0.26,0.25,6.16,0.04,0.18,0.13,0.17,0.59,Debt : Banking & PSU,Nil
Nippon India Nifty Alpha Low Volatility 30 Index Fund(G),Jitendra Tolani,EQ-INDX,Unrated,1328.7,0.87,Open Ended,19-Aug-22,NIFTY Alpha Low-Volatility 30 - TRI,14.92,16.30,14.11,-1.35,-6.83,-6.50,-4.42,-2.54,11.17,-,-,33.13,4.41,88,30,263769,86.7,13.27,-,Financials,-,-,-,-0.10,0.15,0.25,1.00,14.40,Equity : Index Funds,Nil
Nippon India Nifty Auto ETF,Jitendra Tolani,EQ-ETF,Unrated,431.4,0.22,Open Ended,24-Jan-22,NIFTY AUTO - TRI,268.26,296.81,237.21,0.03,-7.92,-7.31,11.92,6.24,22.66,-,-,13.81,4.22,19,15,199174,80.67,17.87,1.42,Automobile and Ancillaries,-,-,-,-0.02,0.29,0.52,1.00,18.35,Equity : ETFs,null
Nippon India Nifty Auto Index Fund-Reg(G),Jitendra Tolani,EQ-AUTO,Unrated,40.8,0.93,Open Ended,04-Dec-24,NIFTY AUTO - TRI,11.04,12.23,9.81,0.05,-7.90,-7.50,11.26,-,-,-,-,13.81,4.22,83,15,199187,80.69,17.87,1.42,Automobile and Ancillaries,-,-,-,-0.06,0.08,0.15,0.99,-,Equity : Sectoral - Auto,NIL
Nippon India Nifty Bank Index Fund-Reg(G),Jitendra Tolani,EQ-INDX,Unrated,195.8,0.86,Open Ended,22-Feb-24,NIFTY BANK - TRI,11.41,13.08,10.68,-2.13,-11.43,-10.38,-3.88,4.41,-,-,-,14.17,1.65,31,14,330019,76.18,23.83,-,Financials,-,-,-,-0.08,0.03,0.04,1.00,-,Equity : Index Funds,Nil
Nippon India Nifty G-Sec Jun 2036 Maturity Index Fund-Reg(G),Vivek Sharma,DT-GILT,Unrated,784.7,0.42,Open Ended,19-Dec-22,Nifty G-Sec Jun 2036 Index,12.87,12.95,12.43,0.84,-0.49,1.11,1.04,6.70,6.79,-,-,-,-,0,-,-,-,-,-,-,9.97,6.78,7.21,0.07,0.04,0.08,1.10,2.92,Debt : Gilt,Nil
Nippon India Nifty G-Sec Oct 2028 Maturity Index Fund-Reg(G),Vivek Sharma,DT-M&LD,Unrated,125.5,0.39,Open Ended,06-Mar-23,Nifty G-Sec Oct 2028 Index,12.68,12.69,12.15,0.36,-0.02,1.61,4.19,7.25,6.92,-,-,-,-,0,-,-,-,-,-,-,2.24,2.03,6.37,0.06,0.11,0.18,0.50,1.44,Debt : Medium to Long Duration,Nil
Nippon India Nifty G-Sec Sep 2027 Maturity Index Fund-Reg(G),Vivek Sharma,DT-GILT,Unrated,359.6,0.40,Open Ended,06-Dec-22,Nifty G-Sec Sep 2027 Index,12.68,12.68,12.08,0.34,0.77,2.21,4.98,7.13,6.81,-,-,-,-,0,-,-,-,-,-,-,1.16,1.07,6.05,0.04,0.12,0.16,0.33,0.98,Debt : Gilt,Nil
Nippon India Nifty India Manufacturing ETF,Jitendra Tolani,EQ-ETF,Unrated,9.4,0.25,Open Ended,26-Aug-25,Nifty India Manufacturing - TRI,157.58,161.64,140.39,1.09,-0.28,2.63,-,-,-,-,-,20.52,3.99,-,80,129829,68.39,27.06,2.35,Automobile and Ancillaries,-,-,-,-,-,-,-,-,Equity : ETFs,null
Nippon India Nifty India Manufacturing Index Fund-Reg(G),Himanshu Mange,EQ-INDX,Unrated,37.7,0.81,Open Ended,26-Aug-25,Nifty India Manufacturing - TRI,10.91,11.19,9.73,1.06,-0.34,2.40,-,-,-,-,-,20.51,3.99,-,80,129855,68.47,27.02,2.37,Automobile and Ancillaries,-,-,-,-,-,-,-,-,Equity : Index Funds,NIL
Nippon India Nifty IT Index Fund-Reg(G),Jitendra Tolani,EQ-INDX,Unrated,195.3,1.06,Open Ended,22-Feb-24,NIFTY IT - TRI,8.40,10.59,7.37,1.95,-2.19,-19.98,-18.85,-0.85,-,-,-,20.21,4.84,20,10,283995,82.58,17.59,-,Technology,-,-,-,-0.08,-0.12,-0.19,1.00,-,Equity : Index Funds,Nil
Nippon India Nifty Midcap 150 Index Fund-Reg(G),Himanshu Mange,EQ-INDX,Unrated,2336.8,0.84,Open Ended,19-Feb-21,Nifty Midcap 150 - TRI,25.08,25.72,21.87,1.19,1.77,-0.62,5.20,7.15,20.27,17.50,-,28.39,3.85,26,149,68118,11.64,84.84,3.56,Financials,-,-,-,-0.07,0.28,0.53,1.00,16.60,Equity : Index Funds,Nil
Nippon India Nifty Next 50 Junior BeES FoF-Reg(G),Himanshu Mange,FOF-DOM,Unrated,736.2,0.30,Open Ended,08-Mar-19,NIFTY NEXT 50,26.02,26.63,22.41,0.29,0.55,1.24,5.32,2.26,18.73,13.18,-,-,-,-,-,-,-,-,-,-,-,-,-,0.04,0.24,0.43,0.98,17.69,FoFs : Domestic,Nil
Nippon India Nifty Pharma ETF,Jitendra Tolani,EQ-ETF,Unrated,1356.3,0.21,Open Ended,06-Jul-21,NIFTY PHARMA - TRI,24.63,25.53,21.79,4.07,5.47,5.94,13.51,13.48,23.56,-,-,35.78,4.43,37,20,122255,55.57,38.27,6.15,Healthcare,-,-,-,-0.02,0.35,0.82,1.00,15.08,Equity : ETFs,null
Nippon India Nifty Realty Index Fund-Reg(G),Jitendra Tolani,EQ-INDX,Unrated,45.6,1.30,Open Ended,04-Dec-24,NIFTY REALTY - TRI,7.10,9.60,5.99,-3.27,-1.81,-14.44,-19.61,-,-,-,-,35.42,3.58,62,10,60967,19.02,65.17,16.45,Construction,-,-,-,-0.10,-0.22,-0.37,1.00,-,Equity : Index Funds,NIL
Nippon India Nifty SDL Plus G-Sec - Jun 2029 Maturity 70:30 Index Fund-Reg(G),Vivek Sharma,DT-M&LD,Unrated,309.2,0.39,Open Ended,20-Feb-23,Nifty SDL Plus G-Sec Jun 2029 70:30 Index,12.63,12.65,12.16,0.14,-0.10,1.17,3.38,7.14,6.96,-,-,-,-,0,-,-,-,-,-,-,2.88,2.51,7.02,0.06,0.09,0.18,0.57,1.62,Debt : Medium to Long Duration,Nil
Nippon India Nifty SDL Plus G-Sec-Jun 2028 Maturity 70:30 Index Fund-Reg(G),Vivek Sharma,DT-M&LD,Unrated,328.0,0.40,Open Ended,24-Nov-22,Nifty SDL Plus G-Sec Jun 2028 70:30 Index,12.79,12.79,12.28,0.20,0.31,1.73,4.14,7.15,6.94,-,-,-,-,0,-,-,-,-,-,-,1.82,1.64,6.76,0.06,0.11,0.18,0.45,1.31,Debt : Medium to Long Duration,Nil
Nippon India Nifty Smallcap 250 Index Fund-Reg(G),Himanshu Mange,EQ-INDX,Unrated,3031.6,1.13,Open Ended,16-Oct-20,Nifty Smallcap 250 - TRI,32.32,34.52,27.18,0.73,5.92,0.18,-0.32,3.30,18.06,15.22,-,29.87,3.11,28,250,19945,-,7.05,92.59,Financials,-,-,-,-0.10,0.21,0.40,1.00,20.30,Equity : Index Funds,Nil
Nippon India Nivesh Lakshya Long Duration Fund(G),Pranay Sinha,DT-LD,Unrated,7302.9,0.65,Open Ended,06-Jul-18,CRISIL Long Duration Debt Index,17.71,18.22,17.26,0.19,-1.25,-0.94,-2.81,4.09,4.95,5.13,-,-,-,0,-,-,-,-,-,-,22.02,10.34,7.67,-0.04,-0.08,-0.15,1.33,3.89,Debt : Long Duration,1% on or before 1M Nil after 1M
Nippon India Overnight Fund-Reg(G),Vikash Agarwal,DT-ON,5,6199.3,0.23,Open Ended,18-Dec-18,CRISIL Liquid Overnight Index,144.97,144.97,137.72,0.43,1.28,2.54,5.28,5.86,6.15,5.52,-,-,-,0,-,-,-,-,-,-,0.01,0.01,5.32,0.01,-0.77,-0.19,0.98,0.19,Debt : Overnight,Nil
Nippon India Pharma Fund(G),Sailesh Raj Bhan,EQ-PHRM,3,8365.4,2.32,Open Ended,05-Jun-04,BSE Health Care - TRI,528.51,549.25,481.82,2.29,2.68,2.45,4.91,10.57,21.38,12.37,14.90,36.51,5.27,15,34,64333,37.98,34.11,26.6,Healthcare,-,-,-,-0.05,0.35,0.78,0.91,14.08,Equity : Sectoral - Pharma,1% on or before 1M Nil after 1M
Nippon India Power & Infra Fund(G),Rahul Modi,EQ-POWER,Unrated,7707.3,1.78,Open Ended,08-May-04,Nifty Infrastructure - TRI,377.66,388.19,321.41,-0.62,6.56,7.83,9.71,4.79,25.20,23.45,18.34,24.32,3.34,38,79,111622,50.75,24.73,23.78,Energy,-,-,-,0.31,0.31,0.61,1.10,18.79,Equity : Sectoral - Energy / Power,1% on or before 1M Nil after 1M
Nippon India Quant Fund(G),Shirish Guthe,EQ-THEM,Unrated,111.9,0.96,Open Ended,18-Apr-08,BSE 200 - TRI,69.96,75.72,66.21,-2.19,-6.28,-5.84,0.40,4.75,15.79,14.36,14.11,21.04,3.43,73,39,264780,82.57,13.57,-,Financials,-,-,-,0.37,0.24,0.45,1.00,13.35,Equity : Thematic,0.25% on or before 1M Nil after 1M
Nippon India Retirement Fund-Income Generation(G),Pranay Sinha,HY-CON,1,141.1,2.05,Open Ended,11-Feb-15,CRISIL Hybrid 85+15 - Conservative Index,19.78,20.48,19.32,-0.17,-2.27,-2.69,-3.47,3.09,5.57,5.43,6.57,-,-,0,22,443211,17.65,0.84,1.1,Financials,16.35,8.64,7.36,-0.15,-0.01,-0.02,1.46,4.61,Hybrid : Conservative Hybrid,NIL
Nippon India Retirement Fund-Wealth Creation(G),Pranay Sinha,EQ-FLEX,3,3055.8,3.12,Open Ended,11-Feb-15,BSE 500 - TRI,27.68,29.62,25.44,-1.47,-3.55,-5.55,-1.96,2.87,13.78,12.52,10.99,-,-,39,77,201281,68.77,19.17,8.04,Financials,0.08,0.07,6.28,0.16,0.19,0.36,1.02,14.16,Equity : Flexi Cap,Nil
Nippon India Short Duration Fund(G),Sushil Budhia,DT-SD,4,7295.1,0.94,Open Ended,18-Dec-02,CRISIL Short Duration Debt Index,55.04,55.09,52.86,0.14,0.20,1.22,3.95,6.90,6.81,5.88,6.72,-,-,0,-,-,-,-,-,-,2.82,2.37,7.76,0.04,0.08,0.13,0.39,1.19,Debt : Short Duration,Nil
Nippon India Silver ETF,Vikram Dhawan,PM-ETF,Unrated,31125.9,0.58,Open Ended,04-Feb-22,Silver,251.64,359.32,97.13,9.64,-1.14,48.99,164.56,66.67,52.05,-,-,-,-,64,-,-,-,-,-,-,-,-,-,3.81,0.35,0.99,-0.10,37.87,Metal : ETFs,null
Nippon India Silver ETF FOF-Reg(G),Jitendra Tolani,FOF-DOM,Unrated,4380.3,0.49,Open Ended,02-Feb-22,Silver,39.45,55.58,15.45,9.63,-1.44,48.86,160.80,64.73,50.74,-,-,-,-,-,-,-,-,-,-,-,-,-,-,3.63,0.34,0.97,-2.54,37.17,FoFs : Domestic,1% on or before 15D Nil after 15D
Nippon India Small Cap Fund(G),Samir Rachh,EQ-SML,4,72673.0,1.35,Open Ended,16-Sep-10,Nifty Smallcap 250 - TRI,171.96,176.21,146.63,0.38,5.49,1.56,3.15,4.89,18.47,20.50,20.93,28.65,3.56,20,249,23103,12.38,15.77,68.45,Capital Goods,-,-,-,0.09,0.24,0.45,0.86,17.98,Equity : Small Cap,1% on or before 1Y Nil after 1Y
Nippon India Taiwan Equity Fund-Reg(G),Kinjal Desai,EQ-INTL,Unrated,1138.7,2.17,Open Ended,11-Dec-21,Taiwan Capitalization Weighted Stock Index,37.08,38.05,11.53,13.65,67.02,119.55,222.65,87.73,63.55,-,-,-,-,122,31,-,-,-,-,-,-,-,-,1.37,0.45,1.03,1.17,31.84,Equity : International,1% on or before 3M Nil after 3M
Nippon India Ultra Short Duration Fund(G),Vivek Sharma,DT-USD,3,11082.7,1.12,Open Ended,06-Dec-01,CRISIL Ultra Short Term Debt Index,4244.64,4244.64,4012.60,0.33,1.39,2.70,5.85,6.61,6.69,6.70,5.77,-,-,0,-,-,-,-,-,-,0.63,0.44,7.23,-0.01,0.13,0.06,0.96,0.38,Debt : Ultra Short Duration,Nil
Nippon India US Equity Opp Fund(G),Kinjal Desai,EQ-INTL,Unrated,749.1,2.38,Open Ended,23-Jul-15,S&P 500 - TRI,40.31,40.39,33.93,2.48,9.67,8.29,19.25,13.50,18.69,10.87,14.84,-,-,4,27,-,-,-,-,-,-,-,-,1.11,0.28,0.53,0.35,14.26,Equity : International,1% on or before 1M Nil after 1M
Nippon India Value Fund(G),Dhrumil Shah,EQ-VAL,4,8918.8,1.77,Open Ended,08-Jun-05,NIFTY 500 - TRI,218.57,235.44,201.08,-2.42,-4.44,-6.75,-1.97,3.53,18.00,15.66,15.88,19.86,2.76,45,82,151668,59.09,23.43,16.07,Financials,-,-,-,0.34,0.26,0.51,1.07,15.01,Equity : Value / Contra,Nil upto 10% of units and 1% for remaining units on or before 12M Nil after 12M
Nippon India Vision Large & Mid Cap Fund(G),Aishwarya Agarwal,EQ-L&M,3,7080.9,1.80,Open Ended,08-Oct-95,NIFTY LargeMidcap 250 - TRI,1440.77,1519.74,1312.73,-0.52,-2.97,-5.06,0.92,5.54,17.46,15.21,13.15,27.73,3.66,81,102,147009,61.79,33.07,2.3,Financials,-,-,-,0.10,0.26,0.49,0.98,14.19,Equity : Large & Mid Cap,Nil upto 10% of units and 1% for remaining units on or before 12M Nil after 12M
NJ Balanced Advantage Fund-Reg(G),Viral Shah,HY-DYN,Unrated,3435.2,2.09,Open Ended,29-Oct-21,NIFTY 50 Hybrid Composite Debt 50:50 Index,13.19,13.94,12.58,-0.60,-1.94,-3.73,-1.50,0.80,8.66,-,-,24.90,3.71,351,121,160472,58.87,18.61,12.61,Financials,0.08,0.08,5.26,0.07,0.13,0.24,0.62,8.94,Hybrid : Dynamic Asset Allocation,NIL
NJ ELSS Tax Saver Scheme-Reg(G),Viral Shah,EQ-ELSS,Unrated,323.7,2.47,Open Ended,16-Jun-23,NIFTY 500 - TRI,13.45,15.16,12.45,-0.81,-1.18,-5.29,-4.62,-0.37,-,-,-,21.01,4.56,56,26,41755,21.73,33.56,43.85,Financials,-,-,-,-0.10,0.12,0.24,1.02,-,Equity : Tax Saving (ELSS),Nil
NJ Flexi Cap Fund-Reg(G),Dhaval Patel,EQ-FLEX,Unrated,2536.0,2.07,Open Ended,05-Sep-23,NIFTY 500 - TRI,12.44,13.85,11.55,-0.96,-3.95,-7.39,-5.34,-2.95,-,-,-,26.54,4.57,84,50,118784,57.8,22.91,16.6,Healthcare,-,-,-,-0.16,0.08,0.15,1.03,-,Equity : Flexi Cap,NIL
Old Bridge Arbitrage Fund-Reg(G),Kenneth Andrade,HY-ARB,Unrated,153.4,0.85,Open Ended,13-Nov-25,Nifty 50 Arbitrage - TRI,10.24,10.28,10.00,-0.11,0.68,2.15,-,-,-,-,-,23.22,2.61,-,70,239953,55.29,16.52,2.38,Financials,-,-,-,-,-,-,-,-,Hybrid : Arbitrage,0.25% on or before 7D Nil after 7D
Old Bridge Flexi Cap Fund-Reg(G),Kenneth Andrade,EQ-FLEX,Unrated,152.6,2.10,Open Ended,02-Mar-26,BSE 500 - TRI,10.57,10.80,9.85,0.19,-,-,-,-,-,-,-,17.90,2.70,-,38,36865,30.72,19.3,38.6,Financials,-,-,-,-,-,-,-,-,Equity : Flexi Cap,1% on or before 365D Nil after 365D
Old Bridge Focused Fund-Reg(G),Tarang Agrawal,EQ-FOC,Unrated,2905.7,1.70,Open Ended,24-Jan-24,BSE 500 - TRI,12.61,12.85,11.09,1.45,2.52,2.52,6.88,10.56,-,-,-,16.30,2.71,20,23,64781,37.96,17.24,30.15,Healthcare,-,-,-,0.52,0.11,0.21,1.07,-,Equity : Focused,1% on or before 365D Nil after 365D
Parag Parikh Arbitrage Fund-Reg(G),Rajeev Thakkar,HY-ARB,Unrated,2369.7,0.53,Open Ended,02-Nov-23,Nifty 50 Arbitrage - TRI,11.79,11.81,11.16,0.41,1.35,2.88,5.88,6.31,-,-,-,20.56,2.42,0,62,359728,54.25,9.68,2.4,Financials,0.22,0.21,6.34,0.01,-0.01,-0.01,0.26,-,Hybrid : Arbitrage,0.25% on or before 30D Nil after 30D
Parag Parikh Conservative Hybrid Fund-Reg(G),Rajeev Thakkar,HY-CON,Unrated,3344.5,0.54,Open Ended,26-May-21,CRISIL Hybrid 85+15 - Conservative Index,15.50,15.69,14.99,-0.37,-1.16,0.85,3.09,6.84,9.99,9.13,-,11.86,2.56,0,10,131263,7,2.94,0.74,Energy,4.91,3.88,7.44,0.21,0.31,0.79,0.83,3.16,Hybrid : Conservative Hybrid,Nil upto 10% of units For remaining units 1% on or before 365D and Nil after 365D
Parag Parikh Dynamic Asset Allocation Fund-Reg(G),Rajeev Thakkar,HY-DYN,Unrated,2709.3,0.53,Open Ended,27-Feb-24,CRISIL Hybrid 50+50 - Moderate Index,11.55,11.66,11.26,-0.59,-0.89,0.90,2.48,5.96,-,-,-,15.45,2.67,0,34,210124,20.28,3.93,3.06,Energy,4.69,3.71,7.37,0.05,0.05,0.12,0.17,-,Hybrid : Dynamic Asset Allocation,Nil upto 10% of units and 1% for remaining units on or before 1Y Nil after 1Y
Parag Parikh ELSS Tax Saver Fund-Reg(G),Rajeev Thakkar,EQ-ELSS,Unrated,5617.0,1.54,Open Ended,24-Jul-19,NIFTY 500 - TRI,29.06,32.68,27.72,-1.94,-5.07,-9.78,-7.81,3.51,11.24,13.00,-,17.55,2.20,22.48,39,193284,72.03,1.62,17.17,Financials,-,-,-,-0.02,0.17,0.33,0.71,10.50,Equity : Tax Saving (ELSS),Nil
Parag Parikh Flexi Cap Fund-Reg(G),Rajeev Thakkar,EQ-FLEX,5,140950.0,1.05,Open Ended,24-May-13,NIFTY 500 - TRI,81.84,87.73,77.88,-1.82,-2.63,-5.84,-0.75,6.71,14.84,14.53,17.06,16.83,2.83,44.46,42,353303,64.22,1.48,3.3,Financials,-,-,-,0.34,0.31,0.64,0.61,9.05,Equity : Flexi Cap,Nil upto 10% of units. For remaining units 2% on or before 365D 1% after 365D but on or before 730D Nil after 730D
Parag Parikh Large Cap Fund-Reg(G),Rajeev Thakkar,EQ-LC,Unrated,702.3,0.48,Open Ended,04-Feb-26,NIFTY 100 - TRI,9.32,10.11,8.71,-1.93,-5.74,-,-,-,-,-,-,19.84,3.07,-,105,389819,95.4,2.62,0.16,Financials,-,-,-,-,-,-,-,-,Equity : Large Cap,NIL
Parag Parikh Liquid Fund-Reg(G),Tejas Soman,DT-LIQ,3,5259.8,0.17,Open Ended,11-May-18,CRISIL Liquid Debt Index,1529.30,1529.30,1442.41,0.49,1.65,3.12,6.05,6.45,6.58,5.76,-,-,-,0,-,-,-,-,-,-,0.13,0.12,6.03,-0.02,-0.12,-0.03,0.90,0.21,Debt : Liquid,0.007% for Day 1 0.0065% on Day 2 0.0060% on Day 3 0.0055% on Day 4 0.0050% on Day 5 0.0045% on Day 6 NIL on or after 7D
PGIM India Aggressive Hybrid Equity Fund(G),Sharma Vivek,HY-AGR,3,204.0,2.38,Open Ended,05-Feb-04,CRISIL Hybrid 35+65 - Aggressive Index,124.76,133.94,116.23,-1.13,-1.52,-6.14,-2.39,4.36,8.17,7.25,8.58,28.59,4.22,23,47,266571,46.69,13.09,6.1,Financials,3.85,3.03,6.55,-0.17,0.10,0.19,1.04,9.91,Hybrid : Aggressive Hybrid,0.50% on or before 90D Nil after 90D
PGIM India Arbitrage Fund-Reg(G),Chetan Chavan,HY-ARB,2,96.5,1.03,Open Ended,27-Aug-14,Nifty 50 Arbitrage,19.24,19.27,18.30,0.44,1.34,2.76,5.31,6.06,6.38,5.54,5.41,15.96,2.66,585,20,375591,64.13,2.53,3.03,Financials,0.02,0.02,7.11,-0.05,-0.13,-0.08,0.46,0.45,Hybrid : Arbitrage,0.25% on or before 30D Nil after 30D
PGIM India Balanced Advantage Fund-Reg(G),Utsav Mehta,HY-DYN,Unrated,829.6,2.35,Open Ended,04-Feb-21,CRISIL Hybrid 50+50 - Moderate Index,14.65,15.73,13.98,-1.55,-3.69,-6.95,-3.38,3.29,6.78,6.72,-,25.52,3.70,20,69,288669,49.5,15.83,1.85,Financials,7.80,3.97,7.08,-0.16,0.05,0.09,0.70,8.90,Hybrid : Dynamic Asset Allocation,0.50% on or before 90D Nil after 90D
PGIM India Corp Bond Fund(G),Puneet Pal,DT-CORP,Unrated,81.4,1.01,Open Ended,30-Jan-03,CRISIL Composite Bond Index,44.63,44.71,43.26,0.11,0.03,0.65,2.87,6.22,6.17,5.45,6.22,-,-,0,-,-,-,-,-,-,3.91,2.82,7.36,-0.01,-0.06,-0.10,0.44,1.37,Debt : Corporate Bond,Nil
PGIM India CRISIL IBX Gilt Index - Apr 2028 Fund-Reg(G),Puneet Pal,DT-M&LD,Unrated,21.7,0.60,Open Ended,22-Feb-23,CRISIL IBX Gilt Index - April 2028,12.61,12.61,12.05,0.24,0.42,2.00,4.54,7.09,6.75,-,-,-,-,0,-,-,-,-,-,-,1.52,1.41,6.08,0.04,0.09,0.14,0.40,1.16,Debt : Medium to Long Duration,Nil
PGIM India Dynamic Bond Fund(G),Puneet Pal,DT-DYN,3,83.3,1.67,Open Ended,12-Jan-12,CRISIL Dynamic Bond Index,2660.61,2670.85,2608.93,0.13,-0.30,0.20,-0.08,4.90,5.50,4.80,6.50,-,-,0,-,-,-,-,-,-,7.14,4.38,7.01,-0.06,-0.10,-0.23,1.15,2.46,Debt : Dynamic Bond,Nil
PGIM India ELSS Tax Saver Fund-Reg(G),Sharma Vivek,EQ-ELSS,4,700.0,2.40,Open Ended,11-Dec-15,NIFTY 500 - TRI,32.47,35.79,29.70,-1.74,-3.59,-9.25,-5.78,2.99,7.92,9.64,12.24,30.38,4.30,26,71,179765,58.22,20.94,18.66,Financials,-,-,-,-0.39,0.08,0.14,0.93,13.26,Equity : Tax Saving (ELSS),Nil
PGIM India Emerging Markets Equity FoF(G),Anandha Padmanabhan Anjeneyan,FOF-OVR,Unrated,1389.8,2.34,Open Ended,11-Sep-07,MSCI Emerging Market Index,25.18,25.30,15.69,6.88,15.40,40.04,59.47,29.48,31.09,6.28,7.92,-,-,4,-,-,-,-,-,-,-,-,-,1.79,0.39,0.84,0.46,17.70,FoFs : Overseas,0.50% on or before 90D Nil after 90D
PGIM India Equity Savings Fund(G),Anandha Padmanabhan Anjeneyan,HY-EQS,1,60.4,1.32,Open Ended,05-Feb-04,NIFTY 50 Equity Savings Index,49.81,50.58,48.82,-0.29,-1.37,-1.09,1.86,4.67,5.86,5.89,6.64,22.60,2.94,22,55,429316,60.85,6.72,0.33,Financials,5.65,4.36,7.05,-0.02,-0.04,-0.08,0.49,2.61,Hybrid : Equity Savings,Nil
PGIM India Flexi Cap Fund-Reg(G),Anandha Padmanabhan Anjeneyan,EQ-FLEX,5,5793.0,1.86,Open Ended,04-Mar-15,NIFTY 500 - TRI,34.86,37.60,32.01,-1.00,-2.50,-7.09,-1.48,5.12,9.66,8.94,13.51,29.00,4.46,43,82,165362,58.32,22.79,16.29,Financials,-,-,-,-0.25,0.12,0.22,0.94,13.23,Equity : Flexi Cap,0.50% on or before 90D Nil after 90D
PGIM India Gilt Fund(G),Puneet Pal,DT-GILT,2,93.1,1.41,Open Ended,27-Oct-08,CRISIL Dynamic Gilt Index,30.09,30.67,29.55,0.25,-0.96,-0.10,-1.87,4.02,4.95,4.48,6.08,-,-,0,-,-,-,-,-,-,15.34,7.42,7.11,-0.08,-0.12,-0.24,1.06,3.08,Debt : Gilt,Nil
PGIM India Global Equity Opp FoF(G),Anandha Padmanabhan Anjeneyan,FOF-OVR,Unrated,1693.7,2.33,Open Ended,13-May-10,MSCI AC World Index,53.42,53.42,41.50,8.56,19.99,12.99,28.35,13.95,19.78,9.99,14.63,-,-,5,1,-,-,-,-,-,-,-,-,1.06,0.24,0.47,0.54,19.22,FoFs : Overseas,0.50% on or before 90D Nil after 90D
PGIM India Global Select Real Estate Securities FoF-Reg(G),Anandha Padmanabhan Anjeneyan,FOF-OVR,Unrated,60.5,2.34,Open Ended,03-Dec-21,FTSE EPRA/NAREIT Developed Index,13.28,13.53,10.64,0.68,2.79,14.58,25.28,19.49,15.61,-,-,-,-,1,-,-,-,-,-,-,-,-,-,0.58,0.20,0.43,0.48,13.72,FoFs : Overseas,0.50% on or before 90D Nil after 90D
PGIM India Healthcare Fund-Reg(G),Anandha Padmanabhan Anjeneyan,EQ-PHRM,Unrated,92.4,2.47,Open Ended,06-Dec-24,BSE Health Care - TRI,10.62,10.88,9.23,3.83,5.38,5.38,10.67,-,-,-,-,50.12,7.14,23,30,60996,28.91,32.81,35.35,Healthcare,-,-,-,0.19,-0.01,-0.01,0.56,-,Equity : Sectoral - Pharma,0.50% on or before 90D Nil after 90D
PGIM India Large and Mid Cap Fund(G),Vinay Paharia,EQ-L&M,Unrated,783.7,2.37,Open Ended,12-Feb-24,NIFTY LargeMidcap 250 - TRI,11.88,12.87,10.89,-1.25,-3.19,-6.85,-2.63,5.26,-,-,-,31.34,4.71,24,76,164568,51.19,41.81,4.71,Financials,-,-,-,-0.04,0.06,0.10,0.94,-,Equity : Large & Mid Cap,0.50% on or before 90D Nil after 90D
PGIM India Large Cap Fund(G),Anandha Padmanabhan Anjeneyan,EQ-LC,1,544.4,2.45,Open Ended,30-Jan-03,NIFTY 100 - TRI,318.42,353.37,298.35,-1.93,-5.51,-10.20,-5.04,1.74,7.17,7.01,9.76,24.86,3.66,30,56,363146,85.58,12.6,-,Financials,-,-,-,-0.26,0.07,0.12,0.95,12.40,Equity : Large Cap,0.50% on or before 90D Nil after 90D
PGIM India Liquid Fund(G),Puneet Pal,DT-LIQ,3,584.3,0.22,Open Ended,04-Sep-07,CRISIL Liquid Debt Index,359.17,359.17,338.42,0.51,1.68,3.15,6.16,6.70,6.86,6.05,6.07,-,-,0,-,-,-,-,-,-,0.11,0.10,6.17,-,0.20,0.06,1.11,0.25,Debt : Liquid,0.007% for Day 1 0.0065% on Day 2 0.0060% on Day 3 0.0055% on Day 4 0.0050% on Day 5 0.0045% on Day 6 NIL on or after 7D
PGIM India Midcap Fund-Reg(G),Sharma Vivek,EQ-MID,5,10737.5,1.99,Open Ended,02-Dec-13,Nifty Midcap 150 - TRI,62.62,66.98,55.76,0.18,-0.22,-4.16,-0.08,5.43,11.57,12.38,15.64,34.03,5.26,48,102,71652,20.12,68.74,8.29,Financials,-,-,-,-0.54,0.15,0.28,0.85,14.98,Equity : Mid Cap,0.50% on or before 90D Nil after 90D
PGIM India Money Market Fund-Reg(G),Puneet Pal,DT-MM,Unrated,133.6,0.60,Open Ended,06-Mar-20,CRISIL Money Market Index,1396.66,1396.66,1323.56,0.26,1.22,2.46,5.60,6.66,6.75,5.91,-,-,-,0,-,-,-,-,-,-,0.63,0.58,7.00,0.03,0.15,0.08,0.63,0.49,Debt : Money Market,Nil
PGIM India Multi Asset Allocation Fund-Reg(G),Utsav Mehta,HY-MULTI,Unrated,266.5,2.36,Open Ended,28-Nov-25,NIFTY 500 - TRI,10.32,10.90,9.56,0.20,-2.75,2.70,-,-,-,-,-,30.55,4.42,7,78,214478,45.77,17.96,3.2,Financials,2.49,2.15,6.18,-,-,-,-,-,Hybrid : Multi Asset Allocation,0.50% on or before 90D Nil after 90D
PGIM India Multi Cap Fund-Reg(G),Sharma Vivek,EQ-MLC,Unrated,417.9,2.47,Open Ended,10-Sep-24,Nifty500 Multicap 50:25:25 - TRI,9.85,10.22,8.77,-0.10,0.31,-3.17,3.49,-,-,-,-,35.38,4.88,28,95,92968,39.36,26.89,29.33,Financials,-,-,-,0.05,-0.09,-0.16,0.94,-,Equity : Multi Cap,0.50% on or before 90D Nil after 90D
PGIM India Overnight Fund-Reg(G),Sandeep Devan,DT-ON,Unrated,44.3,0.23,Open Ended,27-Aug-19,Nifty 1D Rate Index,1394.44,1394.44,1325.53,0.43,1.25,2.49,5.22,5.83,6.13,5.52,-,-,-,0,-,-,-,-,-,-,-,-,5.35,-0.01,-0.75,-0.20,0.88,0.20,Debt : Overnight,Nil
PGIM India Retirement Fund-Reg(G),Vinay Paharia,EQ-MLC,Unrated,97.1,2.47,Open Ended,15-Apr-24,BSE 500 - TRI,11.61,12.35,10.37,0.26,0.61,-4.31,-2.12,6.62,-,-,-,-,-,13,88,95635,35.12,30.07,29.29,Financials,-,-,-,0.25,0.05,0.09,1.05,-,Equity : Multi Cap,Nil
PGIM India Small Cap Fund-Reg(G),Utsav Mehta,EQ-SML,Unrated,1539.3,2.61,Open Ended,29-Jul-21,Nifty Smallcap 250 - TRI,16.40,16.87,14.02,0.74,5.50,-0.18,5.64,8.56,14.71,-,-,43.74,5.66,47,65,24860,6.2,19.41,69.82,Financials,-,-,-,-0.14,0.19,0.35,0.77,16.46,Equity : Small Cap,0.50% on or before 90D Nil after 90D
PGIM India Ultra Short Duration Fund(G),Puneet Pal,DT-USD,4,166.6,1.02,Open Ended,04-Jul-08,CRISIL Ultra Short Term Debt Index,35.71,35.71,33.94,0.31,1.26,2.39,5.30,6.16,6.31,5.58,6.79,-,-,0,-,-,-,-,-,-,0.34,0.31,6.45,-0.04,-0.15,-0.07,0.98,0.38,Debt : Ultra Short Duration,Nil
Platinum Hybrid Long-Short Fund-Reg(G),Gaurik Shah,HY-LS,Unrated,-,-,Open Ended,-,NIFTY 50 Hybrid Composite Debt 50:50 Index,-,-,-,-,-,-,-,-,-,-,-,-,-,-,-,-,-,-,-,-,-,-,-,-,-,-,-,-,Hybrid : Long - Short,1% on or before 90D Nil after 90D
Prism Hybrid Long-Short Fund-Reg(G),Arun Ramachandran,HY-LS,Unrated,-,-,Open Ended,-,NIFTY 50 Hybrid Composite Debt 50:50 Index,-,-,-,-,-,-,-,-,-,-,-,-,-,-,-,-,-,-,-,-,-,-,-,-,-,-,-,-,Hybrid : Long - Short,NIL
Qsif Active Asset Allocator Long-Short Fund-Reg(G),Sandeep Tandon,HY-LS,Unrated,-,1.85,Open Ended,21-Apr-26,NIFTY 500 - TRI,10.26,10.30,10.00,-,-,-,-,-,-,-,-,-,-,-,-,-,-,-,-,-,-,-,-,-,-,-,-,-,Hybrid : Long - Short,1% on or before 15D Nil after 15D
Qsif Equity Ex-Top 100 Long-Short Fund-Reg(G),Sandeep Tandon,HY-LS,Unrated,187.7,2.10,Open Ended,12-Nov-25,NIFTY 500 - TRI,10.01,10.07,8.56,-,-,-,-,-,-,-,-,29.15,3.34,-,30,31176,8.48,23.2,31.59,Financials,-,-,-,-,-,-,-,-,Hybrid : Long - Short,1% on or before 15D Nil after 15D
Qsif Equity Long-Short Fund-Reg(G),Sandeep Tandon,HY-LS,Unrated,483.6,2.08,Open Ended,07-Oct-25,NIFTY 500 - TRI,10.20,10.27,8.86,-,-,-,-,-,-,-,-,26.48,3.04,-,20,100975,36.99,20.83,16.49,Financials,-,-,-,-,-,-,-,-,Hybrid : Long - Short,1% on or before 15D Nil after 15D
Qsif Hybrid Long-Short Fund-Reg(G),Sandeep Tandon,HY-LS,Unrated,104.3,1.85,Open Ended,15-Oct-25,NIFTY 50 Hybrid Composite Debt 50:50 Index,10.35,10.57,9.71,-,-,-,-,-,-,-,-,48.50,5.41,-,13,106108,33.76,8.85,7.53,Energy,-,-,-,-,-,-,-,-,Hybrid : Long - Short,1% on or before 15D Nil after 15D
Qsif Sector Rotation Long-Short Fund-Reg(G),Sandeep Tandon,HY-LS,Unrated,-,-,Open Ended,15-May-26,NIFTY 500 - TRI,10.07,10.07,10.00,-,-,-,-,-,-,-,-,-,-,-,-,-,-,-,-,-,-,-,-,-,-,-,-,-,Hybrid : Long - Short,1% on or before 15D Nil after 15D
Quant Aggressive Hybrid Fund(G),Sandeep Tandon,HY-AGR,5,2024.5,2.06,Open Ended,20-Mar-01,NIFTY 50 Hybrid Composite Debt 65:35 Index,460.35,465.66,390.83,3.88,7.63,5.06,10.37,5.24,15.14,13.85,15.81,31.14,3.71,277,13,282806,62.34,9.08,-,Energy,-,-,-,0.37,0.19,0.40,0.86,12.84,Hybrid : Aggressive Hybrid,1% on or before 15D Nil after 15D
Quant Arbitrage Fund-Reg(G),Sameer Kate,HY-ARB,Unrated,351.3,0.95,Open Ended,04-Apr-25,Nifty 50 Arbitrage - TRI,10.76,10.77,10.10,0.41,1.50,3.30,6.70,-,-,-,-,18.65,2.65,1344,47,164506,44.08,26.28,3.54,Financials,-,-,-,-,-,-,-,-,Hybrid : Arbitrage,0.25% on or before 1M Nil after 1M
Quant BFSI Fund-Reg(G),Sandeep Tandon,EQ-FIN,Unrated,753.0,2.38,Open Ended,20-Jun-23,Nifty Financial Services - TRI,19.27,19.76,16.41,2.56,2.11,1.84,17.20,8.56,-,-,-,21.25,2.40,725,12,41786,22.94,26.85,26.94,Financials,-,-,-,1.24,0.29,0.55,0.67,-,Equity : Sectoral - Financial Services,1% on or before 15D Nil after 15D
Quant Business Cycle Fund-Reg(G),Sandeep Tandon,EQ-THEM,Unrated,964.7,2.26,Open Ended,30-May-23,NIFTY 500 - TRI,16.46,16.69,13.43,4.76,8.09,3.17,2.08,0.67,18.01,-,-,34.92,3.39,510,14,79457,36.68,30.83,8.13,Financials,-,-,-,0.23,0.19,0.37,1.18,18.36,Equity : Thematic,1% on or before 15D Nil after 15D
Quant Commodities Fund-Reg(G),Sandeep Tandon,EQ-THEM,Unrated,340.3,2.47,Open Ended,27-Dec-23,NIFTY COMMODITIES - TRI,15.20,15.30,11.54,4.64,15.38,16.35,15.62,10.36,-,-,-,29.78,2.94,532,12,81850,30.14,27.45,22.96,Metals,-,-,-,0.24,0.17,0.36,1.17,-,Equity : Thematic,1% on or before 15D Nil after 15D
Quant Consumption Fund-Reg(G),Sandeep Tandon,EQ-CONS,Unrated,189.8,2.47,Open Ended,24-Jan-24,Nifty India Consumption - TRI,9.69,10.35,8.18,3.46,6.47,-0.09,-6.83,-3.41,-,-,-,37.43,3.71,520,12,21316,5.7,15.74,56.65,FMCG,-,-,-,-0.92,-0.16,-0.29,0.82,-,Equity : Thematic - Consumption,1% on or before 15D Nil after 15D
Quant Dynamic Asset Allocation Fund-Reg(G),Sandeep Tandon,HY-DYN,Unrated,901.3,2.30,Open Ended,12-Apr-23,NIFTY 50 Hybrid Composite Debt 50:50 Index,16.56,16.94,14.53,2.75,2.59,-1.00,-0.04,1.67,17.95,-,-,32.05,3.45,508,11,173254,51.74,10.96,7.5,Financials,-,-,-,0.56,0.22,0.48,0.95,14.62,Hybrid : Dynamic Asset Allocation,1% on or before 15D Nil after 15D
Quant ELSS Tax Saver Fund(G),Sandeep Tandon,EQ-ELSS,5,12505.7,1.73,Open Ended,13-Apr-00,NIFTY 500 - TRI,395.51,400.41,333.82,3.36,7.20,3.65,10.65,1.59,17.76,15.95,19.55,27.08,3.32,72,29,265977,75.88,12.41,5.83,Energy,-,-,-,0.18,0.21,0.42,1.09,16.33,Equity : Tax Saving (ELSS),Nil
Quant Equity Savings Fund-Reg(G),Sanjeev Sharma,HY-EQS,Unrated,46.4,2.38,Open Ended,24-Jul-25,NIFTY 50 Equity Savings Index - TRI,10.33,10.41,9.71,0.73,1.34,1.70,-,-,-,-,-,29.07,3.10,932,17,225612,52.56,21,6.25,Financials,-,-,5.37,-,-,-,-,-,Hybrid : Equity Savings,1% on or before 15D Nil after 15D
Quant ESG Integration Strategy Fund-Reg(G),Sandeep Tandon,EQ-THEM,Unrated,264.4,2.47,Open Ended,05-Nov-20,NIFTY100 ESG - TRI,37.45,37.48,28.73,10.45,14.47,10.85,12.70,7.09,19.85,19.97,-,37.02,3.47,595,14,62259,25.59,24.1,23.22,Financials,-,-,-,0.39,0.21,0.43,1.07,18.08,Equity : Thematic,1% on or before 15D Nil after 15D
Quant Flexi Cap Fund(G),Sandeep Tandon,EQ-POWER,5,6593.5,1.82,Open Ended,23-Sep-08,NIFTY 500 - TRI,106.33,108.15,87.62,3.93,9.62,6.00,9.96,2.83,18.68,16.87,19.73,30.38,3.77,296,27,187781,61.57,12.94,7.42,Energy,-,-,-,0.23,0.22,0.45,1.11,17.08,Equity : Sectoral - Energy / Power,1% on or before 15D Nil after 15D
Quant Focused Fund(G),Sandeep Tandon,EQ-FOC,Unrated,813.0,2.34,Open Ended,01-Aug-08,NIFTY 500 - TRI,89.80,90.73,72.23,5.99,6.75,3.21,5.93,1.86,16.11,12.20,14.19,28.15,3.47,601,10,198983,62.36,-,9.68,Financials,-,-,-,0.02,0.18,0.34,1.09,16.45,Equity : Focused,1% on or before 15D Nil after 15D
Quant Gilt Fund-Reg(G),Sanjeev Sharma,DT-GILT,Unrated,83.2,1.59,Open Ended,21-Dec-22,CRISIL Dynamic Gilt Index,11.89,11.96,11.67,0.13,-0.61,0.35,-0.55,4.12,4.65,-,-,-,-,0,-,-,-,-,-,-,10.74,5.64,6.95,-0.13,-0.23,-0.43,1.04,2.10,Debt : Gilt,Nil
Quant Healthcare Fund-Reg(G),Sandeep Tandon,EQ-PHRM,Unrated,351.9,2.47,Open Ended,17-Jul-23,Nifty Healthcare Index - TRI,16.15,16.36,13.89,4.92,7.22,5.33,4.31,7.54,-,-,-,43.55,4.31,366,15,20990,3.8,29.71,53,Healthcare,-,-,-,-0.07,0.21,0.44,0.97,-,Equity : Sectoral - Pharma,1% on or before 15D Nil after 15D
Quant Infrastructure Fund(G),Sandeep Tandon,EQ-INFRA,5,3072.9,1.96,Open Ended,26-Aug-07,Nifty Infrastructure - TRI,40.98,41.72,31.78,3.07,11.60,6.27,9.38,-0.32,21.01,19.74,20.43,26.83,3.01,236,24,57866,48.86,-,34.12,Energy,-,-,-,-0.20,0.21,0.44,1.21,21.31,Equity : Sectoral - Infrastructure,0.50% on or before 3M Nil after 3M
Quant Large & Mid Cap Fund(G),Sandeep Tandon,EQ-L&M,Unrated,3249.5,1.94,Open Ended,11-Dec-06,NIFTY LargeMidcap 250 - TRI,122.20,124.83,99.02,4.57,12.66,5.30,5.93,0.32,18.42,16.01,16.04,32.12,3.82,304,20,151463,36.11,38.65,4.37,Energy,-,-,-,0.02,0.21,0.43,1.05,17.05,Equity : Large & Mid Cap,1% on or before 15D Nil after 15D
Quant Large Cap Fund-Reg(G),Sandeep Tandon,EQ-LC,Unrated,3112.3,1.96,Open Ended,10-Aug-22,NIFTY 100 - TRI,15.40,15.56,13.00,3.38,3.05,0.09,5.44,2.13,15.87,-,-,30.53,3.79,643,13,259948,62.34,4.61,6.21,Financials,-,-,-,0.27,0.19,0.37,1.09,15.48,Equity : Large Cap,1% on or before 15D Nil after 15D
Quant Liquid Plan(G),Sanjeev Sharma,DT-LIQ,5,1266.3,0.59,Open Ended,29-Sep-05,CRISIL Liquid Debt Index,43.44,43.44,41.11,0.43,1.38,2.80,5.68,6.34,6.53,5.85,6.13,-,-,0,-,-,-,-,-,-,0.08,0.08,5.63,-0.02,-0.13,-0.04,0.99,0.22,Debt : Liquid,0.007% for Day 1 0.0065% on Day 2 0.0060% on Day 3 0.0055% on Day 4 0.0050% on Day 5 0.0045% on Day 6 NIL on or after 7D
Quant Manufacturing Fund-Reg(G),Sandeep Tandon,EQ-THEM,Unrated,669.3,2.40,Open Ended,14-Aug-23,Nifty India Manufacturing - TRI,15.92,16.17,12.26,5.42,13.24,9.04,7.39,1.27,-,-,-,34.35,3.00,427,16,38226,26.13,23.78,35.75,Healthcare,-,-,-,-0.38,0.16,0.33,1.11,-,Equity : Thematic,1% on or before 15D Nil after 15D
Quant Mid Cap Fund(G),Sandeep Tandon,EQ-MID,5,7904.7,1.80,Open Ended,26-Feb-01,Nifty Midcap 150 - TRI,218.07,223.16,185.99,2.58,11.35,2.33,0.46,-3.64,16.93,16.70,16.93,32.58,3.90,336,21,81972,9.05,63.52,8.03,Healthcare,-,-,-,-0.27,0.20,0.40,0.88,16.72,Equity : Mid Cap,0.50% on or before 3M Nil after 3M
Quant Momentum Fund-Reg(G),Sandeep Tandon,EQ-THEM,Unrated,1318.9,2.17,Open Ended,20-Nov-23,NIFTY 500 - TRI,14.95,15.26,12.58,3.56,7.07,3.55,4.13,1.24,-,-,-,36.59,3.39,615,14,132513,43.02,23.42,3.38,Financials,-,-,-,0.45,0.17,0.37,1.09,-,Equity : Thematic,1% on or before 15D Nil after 15D
Quant Multi Asset Allocation Fund(G),Sandeep Tandon,HY-MULTI,5,5257.4,1.84,Open Ended,20-Mar-01,NIFTY 500 - TRI,166.36,168.42,139.16,2.71,2.56,8.08,19.29,12.54,23.71,19.56,18.29,20.99,3.30,0,23,260187,52.62,12.37,3.21,Financials,2.02,1.13,5.54,0.82,0.40,0.86,0.66,11.47,Hybrid : Multi Asset Allocation,1% on or before 15D Nil after 15D
Quant Multi Cap Fund(G),Sandeep Tandon,EQ-MLC,5,7466.0,1.80,Open Ended,20-Mar-01,NIFTY 500 - TRI,636.61,647.77,536.26,2.82,9.46,2.44,1.83,-2.57,12.48,12.36,17.24,25.39,2.29,271,49,63160,27.27,16.39,34.14,Energy,103.00,-,-,-0.33,0.14,0.27,1.01,16.27,Equity : Multi Cap,1% on or before 15D Nil after 15D
Quant Overnight Fund-Reg(G),Sanjeev Sharma,DT-ON,Unrated,63.6,0.26,Open Ended,05-Dec-22,CRISIL Liquid Overnight Index,12.37,12.37,11.77,0.43,1.21,2.41,5.08,5.77,6.24,-,-,-,-,0,-,-,-,-,-,-,0.01,0.01,4.95,0.04,-0.39,-0.14,1.22,0.27,Debt : Overnight,Nil
Quant PSU Fund-Reg(G),Sandeep Tandon,EQ-THEM,Unrated,501.8,2.47,Open Ended,20-Feb-24,NIFTY PSE - TRI,10.79,11.43,8.84,-1.80,7.25,3.04,2.93,-2.90,-,-,-,13.32,1.58,654,10,48523,13.76,26.69,32.46,Energy,-,-,-,-0.21,0.01,0.03,1.00,-,Equity : Thematic,1% on or before 15D Nil after 15D
Quant Quantamental Fund-Reg(G),Sandeep Tandon,EQ-THEM,Unrated,1569.1,2.12,Open Ended,30-Apr-21,NIFTY 200 - TRI,25.05,25.41,20.71,4.56,8.46,5.73,11.22,2.56,19.71,18.97,-,32.99,3.51,530,15,195533,52.67,17.48,1.5,Financials,-,-,-,0.41,0.24,0.49,1.07,16.41,Equity : Thematic,1% on or before 15D Nil after 15D
Quant Small Cap Fund(G),Sandeep Tandon,EQ-SML,5,30373.7,1.58,Open Ended,16-Oct-96,Nifty Smallcap 250 - TRI,267.65,268.82,219.53,3.73,12.41,3.58,5.89,3.20,20.12,20.26,19.34,28.18,2.56,74,100,37231,21.52,7.14,63.09,Financials,3.17,-,-,0.10,0.23,0.47,0.86,18.45,Equity : Small Cap,1% on or before 1Y Nil after 1Y
Quant Teck Fund-Reg(G),Sandeep Tandon,EQ-TECH,Unrated,235.5,2.47,Open Ended,11-Sep-23,NIFTY IT - TRI,11.15,13.05,7.99,11.61,18.50,-4.55,-12.48,-2.33,-,-,-,34.34,3.74,468,12,18270,8.86,8.09,57.15,Technology,-,-,-,0.10,-0.01,-0.01,0.60,-,Equity : Sectoral - Technology,1% on or before 15D Nil after 15D
Quant Value Fund-Reg(G),Sandeep Tandon,EQ-VAL,Unrated,1756.5,2.09,Open Ended,30-Nov-21,NIFTY 500 - TRI,22.32,22.72,17.78,4.32,14.68,11.37,15.50,5.21,24.47,-,-,21.45,2.47,243,24,77984,39.82,13.7,22.98,Financials,-,-,-,0.59,0.27,0.61,1.17,19.07,Equity : Value / Contra,1% on or before 15D Nil after 15D
Quantum Diversified Equity All Cap Active FOF-Reg(G),Chirag Mehta,FOF-DOM,Unrated,126.3,0.81,Open Ended,20-Jul-09,BSE 500 - TRI,79.97,86.85,74.58,-1.40,-4.97,-7.56,-2.48,4.05,12.64,11.23,12.35,-,-,8.43,-,-,-,-,-,-,-,-,-,0.14,0.18,0.33,0.97,12.78,FoFs : Domestic,Nil upto 10% of Units and 1% For remaining Units on or before 365D Nil after 365D
Quantum Dynamic Bond Fund-Reg(G),Sneha Pandey,DT-DYN,Unrated,86.1,0.99,Open Ended,19-May-15,CRISIL Dynamic Bond Index,21.83,21.90,21.34,0.27,-0.34,0.43,0.55,5.43,6.31,5.82,7.09,-,-,0,-,-,-,-,-,-,5.94,3.71,6.91,0.01,-,-0.01,1.20,2.61,Debt : Dynamic Bond,Nil
Quantum ELSS Tax Saver Fund-Reg(G),George Thomas,EQ-ELSS,2,208.6,2.10,Open Ended,23-Dec-08,BSE 500 - TRI,116.64,128.30,107.90,-0.75,-4.88,-8.37,-6.41,2.37,12.39,10.59,11.20,20.48,2.53,10.66,31,152373,58.42,13.07,21.13,Financials,-,-,-,0.11,0.18,0.34,0.86,12.14,Equity : Tax Saving (ELSS),Nil
Quantum ESG Best In Class Strategy Fund-Reg(G),Chirag Mehta,EQ-THEM,Unrated,92.3,2.18,Open Ended,12-Jul-19,NIFTY100 ESG - TRI,22.21,24.71,20.35,-1.08,-5.28,-9.40,-7.15,1.92,8.24,8.03,-,33.03,4.55,27.51,52,83299,42.45,24.4,29.61,Financials,-,-,-,-0.27,0.10,0.17,0.98,13.38,Equity : Thematic,Nil upto 10% of units and 1% for remaining units on or before 365D Nil after 365D
Quantum Ethical Fund-Reg(G),Chirag Mehta,EQ-THEM,Unrated,102.5,2.18,Open Ended,20-Dec-24,Nifty500 Shariah - TRI,9.45,10.23,8.49,0.43,-0.32,-5.15,-4.28,-,-,-,-,36.22,5.23,9.73,46,51443,33.01,18.73,40.37,Automobile and Ancillaries,-,-,-,-0.07,-0.16,-0.27,0.93,-,Equity : Thematic,Nil upto 10% of units and 1% for remaining units on or before 365D Nil after 365D
Quantum Gold Fund ETF,Chirag Mehta,PM-ETF,Unrated,710.3,0.55,Open Ended,22-Feb-08,Gold-India,128.85,144.76,79.64,3.34,-2.44,19.97,61.37,45.52,36.03,24.69,16.94,-,-,3.17,-,-,-,-,-,-,-,-,-,2.23,0.46,1.18,0.22,16.67,Metal : ETFs,Nil
Quantum Gold Saving Fund-Reg(G),Chirag Mehta,PM-MF,Unrated,504.9,0.50,Open Ended,19-May-11,Gold-India,58.62,66.72,36.47,3.40,-3.14,19.53,60.33,44.57,35.59,24.53,16.78,-,-,9.27,1,-,-,-,-,-,-,-,-,2.18,0.45,1.16,0.28,16.57,Metal : MFs,Nil
Quantum Liquid Fund-Reg(G),Sneha Pandey,DT-LIQ,2,529.2,0.26,Open Ended,07-Apr-06,CRISIL Liquid Debt Index,36.80,36.80,34.84,0.44,1.43,2.82,5.64,6.23,6.47,5.73,5.57,-,-,0,-,-,-,-,-,-,0.12,0.11,5.77,-0.03,-0.26,-0.07,1.00,0.21,Debt : Liquid,0.007% for Day 1 0.0065% on Day 2 0.0060% on Day 3 0.0055% on Day 4 0.0050% on Day 5 0.0045% on Day 6 NIL on or after 7D
Quantum Multi Asset Active FoF-Reg(G),Sneha Pandey,FOF-DOM,Unrated,76.8,0.47,Open Ended,11-Jul-12,NIFTY 50 - TRI,35.90,37.75,33.72,0.26,-2.94,-0.70,6.45,9.73,11.73,9.65,9.53,-,-,28.52,1,-,-,-,-,-,-,-,-,0.30,0.29,0.48,0.41,5.71,FoFs : Domestic,1% on or before 90D Nil after 90D
Quantum Multi Asset Allocation Fund-Reg(G),Sneha Pandey,HY-MULTI,Unrated,56.9,1.99,Open Ended,07-Mar-24,CRISIL Short Term Bond Index,11.75,12.59,11.24,-0.51,-5.03,-3.39,2.09,7.15,-,-,-,20.39,2.75,136.52,40,237494,39.9,5.36,6.41,Financials,-,-,-,0.09,0.10,0.15,3.99,-,Hybrid : Multi Asset Allocation,1% on or before 90D Nil after 90D
Quantum Nifty 50 ETF,Hitendra Parekh,EQ-ETF,Unrated,62.5,0.09,Open Ended,10-Jul-08,NIFTY 50 - TRI,257.20,2876.03,244.18,-2.41,-6.97,-10.43,-4.60,3.08,9.28,9.71,12.36,19.99,3.02,22.54,50,532360,99.31,0.67,-,Financials,-,-,-,-0.01,0.11,0.20,1.00,12.16,Equity : ETFs,Nil
Quantum Nifty 50 ETF FoF-Reg(G),Hitendra Parekh,FOF-DOM,Unrated,35.0,0.18,Open Ended,05-Aug-22,NIFTY 50 - TRI,13.81,15.49,13.21,-2.42,-7.19,-10.54,-4.80,2.86,8.98,-,-,-,-,84.83,-,-,-,-,-,-,-,-,-,-0.02,0.11,0.19,0.98,12.01,FoFs : Domestic,Nil
Quantum Small Cap Fund-Reg(G),Chirag Mehta,EQ-SML,Unrated,209.4,2.17,Open Ended,03-Nov-23,BSE 250 Small Cap - TRI,12.81,12.96,10.90,4.82,4.40,0.71,3.81,8.63,-,-,-,21.16,2.61,11.06,56,12047,7.36,4,78.77,Financials,-,-,-,-0.04,0.08,0.16,0.70,-,Equity : Small Cap,Nil upto 10% of units and 1% for remaining units on or before 180D Nil after 180D
Quantum Value Fund-Reg(G),George Thomas,EQ-VAL,2,1114.4,2.11,Open Ended,13-Mar-06,BSE 500 - TRI,117.45,129.32,108.57,-0.71,-4.85,-8.44,-6.49,2.44,12.55,10.58,11.14,20.46,2.53,12.29,31,152798,57.98,12.94,20.9,Financials,-,-,-,0.11,0.18,0.35,0.86,12.21,Equity : Value / Contra,Nil upto 10% of units on or before 730D For remaining units 2% on or before 365D and 1% after 365D but before 730D Nil after 730D
RedHex Hybrid Long-Short Fund-Reg(G),Venugopal Manghat,HY-LS,Unrated,-,-,Open Ended,-,NIFTY 50 Hybrid Composite Debt 50:50 Index,-,-,-,-,-,-,-,-,-,-,-,-,-,-,-,-,-,-,-,-,-,-,-,-,-,-,-,-,Hybrid : Long - Short,2% on or before 1Y NIL after 1Y
Samco Active Momentum Fund-Reg(G),Umeshkumar Mehta,EQ-THEM,Unrated,646.6,2.41,Open Ended,05-Jul-23,NIFTY 500 - TRI,13.79,14.87,11.75,5.00,6.89,4.12,-0.94,2.48,-,-,-,22.94,3.18,739,55,28564,14.19,18.2,50.6,Financials,-,-,-,0.01,0.11,0.24,0.86,-,Equity : Thematic,1% on or before 365D Nil after 365D
Samco Arbitrage Fund-Reg(G),Umeshkumar Mehta,HY-ARB,Unrated,33.0,1.80,Open Ended,29-Nov-24,Nifty 50 Arbitrage - TRI,10.61,10.63,10.25,0.19,0.76,1.72,3.61,-,-,-,-,22.08,3.97,869,17,321704,61.48,5.94,-,Financials,-,-,-,-0.21,-1.73,-1.58,-,-,Hybrid : Arbitrage,0.25% on or before 7D Nil after 7D
Samco Dynamic Asset Allocation Fund-Reg(G),Umeshkumar Mehta,HY-DYN,Unrated,199.0,3.04,Open Ended,28-Dec-23,NIFTY 50 Hybrid Composite Debt 50:50 Index,10.26,10.75,9.64,1.69,0.00,-2.01,-0.29,-0.48,-,-,-,23.59,3.13,1049,80,60929,36.74,15.5,14.78,Financials,0.52,0.48,5.59,-0.40,-0.13,-0.22,0.63,-,Hybrid : Dynamic Asset Allocation,Nil upto 25% of units and 1% for remaining units on or before 12M Nil after 12M
Samco ELSS Tax Saver Fund-Reg(G),Nirali Bhansali,EQ-ELSS,Unrated,106.2,2.47,Open Ended,22-Dec-22,NIFTY 500 - TRI,12.39,13.98,10.91,0.90,-0.32,-4.65,-7.38,-5.33,5.07,-,-,25.67,4.90,148,35,42131,14.65,46.64,38.54,Financials,-,-,-,-0.70,0.03,0.05,1.17,18.64,Equity : Tax Saving (ELSS),Nil
Samco Flexi Cap Fund-Reg(G),Nirali Bhansali,EQ-FLEX,Unrated,286.4,3.31,Open Ended,04-Feb-22,NIFTY 500 - TRI,9.70,11.09,8.71,-1.13,-2.92,-3.80,-8.20,-9.00,-0.44,-,-,19.32,4.61,192,25,65344,30.61,40.44,28.52,Financials,-,-,-,-1.07,-0.04,-0.06,1.16,18.65,Equity : Flexi Cap,Nil upto 10% of units and 1% for remaining units on or before 12M Nil after 12M
Samco Large & Mid Cap Fund-Reg(G),Umeshkumar Mehta,EQ-L&M,Unrated,114.9,2.49,Open Ended,25-Jun-25,NIFTY LargeMidcap 250 - TRI,9.11,10.19,8.56,2.71,-2.47,-3.19,-,-,-,-,-,23.49,3.82,-,34,58819,26.22,25.7,-,Financials,-,-,-,-,-,-,-,-,Equity : Large & Mid Cap,1% on or before 30D Nil after 30D
Samco Large Cap Fund-Reg(G),Umeshkumar Mehta,EQ-LC,Unrated,108.6,2.47,Open Ended,25-Mar-25,NIFTY 100 - TRI,9.24,10.19,8.81,0.55,-2.85,-3.87,-6.22,-,-,-,-,18.92,2.83,1414,29,104957,68.5,-,-,Metals,-,-,-,-1.10,-0.43,-0.66,0.51,-,Equity : Large Cap,1% on or before 30D Nil after 30D
Samco Mid Cap Fund-Reg(G),Umeshkumar Mehta,EQ-MID,Unrated,73.3,2.47,Open Ended,10-Feb-26,Nifty Midcap 150 - TRI,9.81,10.12,8.80,1.24,-2.00,-,-,-,-,-,-,16.38,2.85,-,30,81644,19.73,74.5,4.91,Financials,-,-,-,-,-,-,-,-,Equity : Mid Cap,1% on or before 30D Nil after 30D
Samco Multi Asset Allocation Fund-Reg(G),Umeshkumar Mehta,HY-MULTI,Unrated,401.7,3.33,Open Ended,24-Dec-24,NIFTY 50 - TRI,12.20,13.07,11.39,1.75,-1.53,2.01,5.63,-,-,-,-,18.85,3.10,1351,90,59374,21.01,33.75,18.4,Financials,0.62,0.58,5.66,0.93,0.31,0.57,0.45,-,Hybrid : Multi Asset Allocation,Nil upto 10% of units and 1% for remaining units on or before 12M Nil after 12M
Samco Multi Cap Fund-Reg(G),Umeshkumar Mehta,EQ-MLC,Unrated,247.7,2.47,Open Ended,30-Oct-24,Nifty500 Multicap 50:25:25 - TRI,8.43,9.90,7.92,-0.59,-2.21,-6.98,-11.50,-,-,-,-,13.84,2.32,1036,104,30096,17.78,16.75,47.41,Financials,-,-,-,-1.10,-0.34,-0.56,0.70,-,Equity : Multi Cap,Nil upto 10% of units and 1% for remaining units on or before 12M Nil after 12M
Samco Overnight Fund-Reg(G),Dhawal Ghanshyam Dhanani,DT-ON,Unrated,31.7,0.33,Open Ended,12-Oct-22,CRISIL Liquid Overnight Index,1230.85,1230.85,1173.79,0.40,1.17,2.33,4.88,5.46,5.79,-,-,-,-,0,-,-,-,-,-,-,0.01,0.01,5.27,-0.01,-1.21,-0.35,0.99,0.20,Debt : Overnight,Nil
Samco Small Cap Fund-Reg(G),Umeshkumar Mehta,EQ-SML,Unrated,140.8,2.49,Open Ended,04-Dec-25,Nifty Smallcap 250 - TRI,10.30,10.58,8.90,1.19,5.24,-,-,-,-,-,-,24.76,3.77,-,73,16964,-,0.49,79.72,Financials,-,-,-,-,-,-,-,-,Equity : Small Cap,1% on or before 30D Nil after 30D
Samco Special Opportunities Fund-Reg(G),Umeshkumar Mehta,EQ-THEM,Unrated,126.2,2.59,Open Ended,06-Jun-24,NIFTY 500 - TRI,8.34,9.02,7.15,0.61,-0.24,-4.28,-1.55,-,-,-,-,22.70,2.87,322,37,48870,30.98,26.28,42.18,Financials,-,-,-,-0.94,-0.20,-0.29,1.25,-,Equity : Thematic,1% on or before 365D Nil after 365D
Sapphire Equity Long-Short SIF-Reg(G),Arihant Jain,HY-LS,Unrated,-,-,Open Ended,29-Apr-26,NIFTY 500 - TRI,983.31,1014.68,976.58,-,-,-,-,-,-,-,-,-,-,-,-,-,-,-,-,-,-,-,-,-,-,-,-,-,Hybrid : Long - Short,1% on or before 1Y Nil after 1Y
SBI Arbitrage Opportunities Fund-Reg(G),Neeraj Kumar,HY-ARB,1,42847.3,2.32,Open Ended,03-Nov-06,Nifty 50 Arbitrage,35.54,35.59,33.63,0.36,1.29,2.80,5.88,6.40,6.83,6.13,5.70,18.62,2.70,1146,173,238340,52.3,15.33,3.34,Financials,0.47,0.40,6.62,-0.02,0.18,0.10,0.51,0.45,Hybrid : Arbitrage,0.25% on or before 15D Nil after 15D
SBI Automotive Opportunities Fund-Reg(G),Tanmaya Desai,EQ-AUTO,Unrated,5075.0,1.89,Open Ended,05-Jun-24,NIFTY AUTO - TRI,11.49,11.82,9.40,0.88,-2.12,1.48,19.76,-,-,-,-,39.08,5.96,34,31,63968,39.45,18.89,38.44,Automobile and Ancillaries,-,-,-,0.21,0.05,0.08,0.90,-,Equity : Sectoral - Auto,1% on or before 30D Nil after 30D
SBI Balanced Advantage Fund-Reg(G),Dinesh Balachandran,HY-DYN,Unrated,40732.2,1.53,Open Ended,31-Aug-21,NIFTY 50 Hybrid Composite Debt 50:50 Index,15.62,16.22,14.99,-0.97,-2.82,-2.49,2.22,5.47,11.05,-,-,14.40,2.35,262,92,241808,54.54,9.44,4.64,Financials,4.17,2.39,7.10,0.48,0.23,0.45,1.11,6.62,Hybrid : Dynamic Asset Allocation,Nil upto 10% of units and 1% for remaining units on or before 1Y Nil after 1Y
SBI Banking & Financial Services Fund-Reg(G),Milind Agrawal,EQ-FIN,3,10375.0,2.02,Open Ended,26-Feb-15,Nifty Financial Services - TRI,41.66,47.00,39.40,-2.29,-9.38,-8.76,0.96,9.44,15.35,11.78,15.30,16.91,2.35,119,33,231868,70.76,6.59,14.45,Financials,-,-,-,0.52,0.23,0.40,0.89,13.60,Equity : Sectoral - Financial Services,0.50% on or before 30D Nil after 30D
SBI Banking and PSU Fund-Reg(G),Ardhendu Bhattacharya,DT-B&PSU,3,3747.9,2.02,Open Ended,09-Oct-09,NIFTY Banking and PSU Debt Index,3236.68,3237.38,3121.18,0.21,0.39,1.06,3.36,6.53,6.42,5.46,6.64,-,-,0,-,-,-,-,-,-,4.08,2.39,7.38,0.01,-0.01,-0.02,0.42,1.30,Debt : Banking & PSU,Nil
SBI BSE 100 ETF,Raviprakash Sharma,EQ-ETF,Unrated,9.4,0.16,Open Ended,20-Mar-15,BSE 100 - TRI,275.98,304.13,258.38,-2.01,-5.89,-9.09,-3.25,3.48,10.79,10.75,12.97,20.03,3.00,4,100,396668,92.06,7.93,-,Financials,-,-,-,0.09,0.14,0.26,1.00,12.61,Equity : ETFs,null
SBI BSE PSU Bank ETF,Viral Chhadva,EQ-ETF,Unrated,1392.5,0.25,Open Ended,24-Mar-25,BSE PSU Bank - TRI,46.81,57.07,39.21,-4.57,-17.97,-6.42,14.44,-,-,-,-,8.03,1.16,14,11,191056,86.15,13.85,-,Financials,-,-,-,0.73,0.27,0.47,1.15,-,Equity : ETFs,null
SBI BSE PSU Bank Index Fund-Reg(G),Viral Chhadva,EQ-INDX,Unrated,319.6,0.79,Open Ended,25-Mar-25,BSE PSU Bank - TRI,12.90,15.75,10.87,-4.62,-18.08,-6.69,13.45,-,-,-,-,8.03,1.16,45,11,191056,86.33,13.88,-,Financials,-,-,-,0.65,0.26,0.45,1.14,-,Equity : Index Funds,0.25% on or before 15D Nil after 15D
SBI BSE Sensex ETF,Viral Chhadva,EQ-ETF,Unrated,118104.5,0.04,Open Ended,15-Mar-13,BSE SENSEX - TRI,827.98,948.80,796.48,-3.28,-8.45,-13.06,-7.89,1.47,7.18,8.76,12.14,21.37,3.11,7,30,648953,99.98,-,-,Financials,-,-,-,0.10,0.06,0.11,1.00,12.24,Equity : ETFs,Nil
SBI BSE Sensex Index Fund-Reg(G),Viral Chhadva,EQ-INDX,Unrated,313.4,0.40,Open Ended,26-May-23,BSE SENSEX - TRI,12.18,13.98,11.72,-3.31,-8.56,-13.26,-8.34,0.98,6.69,-,-,21.37,3.11,67,30,648954,100.01,-,-,Financials,-,-,-,0.05,0.04,0.08,1.00,12.33,Equity : Index Funds,0.20% on or before 15D Nil after 15D
SBI BSE Sensex Next 50 ETF,Harsh Sethi,EQ-ETF,Unrated,24.5,0.13,Open Ended,25-Sep-18,BSE Sensex Next 50 - TRI,907.52,947.91,806.70,-0.33,-1.92,-3.80,2.28,6.47,18.40,15.49,-,20.56,2.95,32,50,115775,61.89,38.11,-,Financials,-,-,-,0.09,0.26,0.49,1.00,15.63,Equity : ETFs,null
SBI Childrens Fund-Investment Plan-Reg(G),R. Srinivasan,HY-AGR,Unrated,6114.1,3.22,Open Ended,29-Sep-20,CRISIL Hybrid 35+65 - Aggressive Index,46.85,47.15,40.05,1.34,8.27,1.92,16.01,16.72,22.30,24.27,-,-,-,0,36,29238,16.81,3.28,49.74,Financials,0.02,0.01,5.25,0.84,0.33,0.67,1.31,14.79,Hybrid : Aggressive Hybrid,3% on or before 1Y 2% after 1Y but on or before 2Y 1% after 2Y but on or before 3Y Nil after 3Y
SBI Childrens Fund-Savings Plan-Reg(G),R. Srinivasan,HY-CON,Unrated,137.1,1.25,Open Ended,28-Jan-02,NIFTY 50 Hybrid Composite Debt 15:85 Index,113.81,113.94,108.76,0.55,2.01,2.34,3.75,8.61,11.34,10.62,10.94,-,-,0,22,14550,4.05,0.97,19.12,Capital Goods,5.13,3.57,7.08,0.40,0.32,0.73,0.26,4.66,Hybrid : Conservative Hybrid,3% on or before 1Y 2% after 1Y but on or before 2Y 1% after 2Y but on or before 3Y Nil after 3Y
SBI Comma Fund-Reg(G),Dinesh Balachandran,EQ-THEM,5,1081.0,2.21,Open Ended,08-Aug-05,NIFTY COMMODITIES - TRI,117.20,119.11,100.15,-0.62,1.47,9.66,14.73,10.04,21.12,12.62,16.83,16.98,2.03,17,37,70529,42.05,23.1,27.47,Energy,-,-,-,0.17,0.29,0.56,0.86,14.91,Equity : Thematic,0.50% on or before 30D Nil after 30D
SBI Conservative Hybrid Fund-Reg(G),Saurabh Pant,HY-CON,4,9754.0,1.50,Open Ended,23-Mar-01,NIFTY 50 Hybrid Composite Debt 15:85 Index,75.10,75.64,71.95,0.54,0.56,0.75,4.15,6.48,8.71,8.67,8.72,31.87,2.92,0,39,44185,7.99,3.76,12.36,Financials,3.97,2.60,7.95,0.25,0.21,0.46,0.68,3.71,Hybrid : Conservative Hybrid,Nil for 10% of investment and 1% for remaining Investment on or before 1Y Nil after 1Y
SBI Constant Maturity 10 Year Gilt Fund-Reg(G),Sudhir Agarwal,DT-GL10Y,Unrated,1643.4,0.63,Open Ended,25-Dec-00,Nifty 10 yr Benchmark G-Sec,65.03,65.55,63.32,0.54,-0.75,0.43,0.79,6.10,6.13,5.44,7.49,-,-,0,-,-,-,-,-,-,9.53,6.81,7.23,-0.02,-0.02,-0.04,0.96,2.56,Debt : Gilt (10 Yr Constant Duration),Nil
SBI Consumption Opp Fund-Reg(G),Ashit Desai,EQ-CONS,3,2932.5,2.54,Open Ended,01-Jan-13,Nifty India Consumption - TRI,275.73,321.58,259.49,-5.02,-5.65,-10.83,-9.57,-1.47,7.56,12.69,13.55,49.46,7.39,77,44,84094,51.18,26.85,20.32,FMCG,-,-,-,-0.31,0.09,0.16,0.94,14.72,Equity : Thematic - Consumption,0.10% on or before 30D Nil after 30D
SBI Contra Fund-Reg(G),Dinesh Balachandran,EQ-VAL,5,47352.2,1.48,Open Ended,05-Jul-99,BSE 500 - TRI,368.44,401.63,346.96,-1.06,-5.74,-7.06,-2.42,2.57,14.72,17.00,15.77,17.51,2.34,162,82,163981,51.24,18.78,11.1,Financials,-,-,-,0.26,0.23,0.42,0.90,12.59,Equity : Value / Contra,0.25% on or before 30D 0.10% after 30D but before 90D Nil after 90D
SBI Corp Bond Fund-Reg(G),Rajeev Radhakrishnan,DT-CORP,3,21910.5,0.79,Open Ended,01-Feb-19,NIFTY Corporate Bond Index,16.09,16.10,15.53,0.14,0.05,0.86,3.23,6.58,6.54,5.65,-,-,-,0,-,-,-,-,-,-,4.11,2.52,7.67,0.02,0.02,0.03,0.45,1.35,Debt : Corporate Bond,Nil
SBI CPSE Bond Plus SDL Sep 2026 50:50 Index Fund-Reg(G),Ranjana Gupta,DT-MD,Unrated,8465.6,0.33,Open Ended,19-Jan-22,Nifty CPSE Bond Plus SDL Sep 2026 50:50 Index,12.92,12.92,12.21,0.44,1.46,2.79,5.82,7.14,6.91,-,-,-,-,0,-,-,-,-,-,-,0.23,0.22,6.09,0.04,0.19,0.14,0.18,0.61,Debt : Medium Duration,0.15% on or before 30D Nil after 30D
SBI Credit Risk Fund-Reg(G),Lokesh Mallya,DT-CR,4,2134.2,1.55,Open Ended,14-Jul-04,NIFTY Credit Risk Bond Index,48.22,48.22,45.53,0.49,1.21,2.68,6.02,7.40,7.32,6.77,7.13,-,-,0,1,-,-,-,-,-,2.37,1.89,8.58,0.07,0.24,0.25,0.26,0.90,Debt : Credit Risk,Nil for 8% of investment and 3% for remaining investment on or before 12M Nil for 8% of investment and 1.5% for remaining investment after 12M but before 24M Nil for 8% of investment and 0.75% for remaining investment after 24M but before 36M Nil after 36M
SBI CRISIL IBX Gilt Index - Apr 2029 Fund-Reg(G),Ranjana Gupta,DT-M&LD,Unrated,1896.7,0.44,Open Ended,04-Oct-22,CRISIL IBX Gilt Index - April 2029,13.03,13.07,12.51,0.28,-0.11,1.26,3.65,7.25,6.93,-,-,-,-,0,-,-,-,-,-,-,2.87,2.55,6.50,0.07,0.10,0.20,0.60,1.68,Debt : Medium to Long Duration,0.15% on or before 30D Nil after 30D
SBI CRISIL IBX Gilt Index - June 2036 Fund-Reg(G),Ranjana Gupta,DT-LD,Unrated,2616.4,0.51,Open Ended,04-Oct-22,CRISIL IBX Gilt Index - June 2036,13.14,13.21,12.68,0.78,-0.54,1.18,1.01,6.62,6.68,-,-,-,-,0,-,-,-,-,-,-,10.05,6.79,7.20,0.06,0.03,0.06,1.10,2.93,Debt : Long Duration,0.15% on or before 30D Nil after 30D
SBI CRISIL IBX SDL Index - Sep 2027 Fund-Reg(G),Ranjana Gupta,DT-M&LD,Unrated,1486.3,0.39,Open Ended,04-Oct-22,CRISIL IBX SDL Index - September 2027,12.92,12.92,12.33,0.13,0.68,2.15,4.73,7.24,6.99,-,-,-,-,0,-,-,-,-,-,-,1.25,1.16,6.53,0.06,0.16,0.22,0.34,1.05,Debt : Medium to Long Duration,0.15% on or before 30D Nil after 30D
SBI CRISIL-IBX 10:90 Gilt+SDL Index-Dec 2029 Index Fund-Reg(G),Rajeev Radhakrishnan,DT-MD,Unrated,-,-,Open Ended,26-May-26,CRISIL-IBX 10:90 Gilt + SDL Index - Dec 2029,10.03,10.03,10.00,-,-,-,-,-,-,-,-,-,-,-,-,-,-,-,-,-,-,-,-,-,-,-,-,-,Debt : Medium Duration,NIL
SBI CRISIL-IBX Financial Services 3-6 Months Debt Index Fund-Reg(G),Rajeev Radhakrishnan,DT-USD,Unrated,207.1,0.22,Open Ended,21-Apr-26,CRISIL-IBX Financial Services 3 to 6 Months Debt Index,10.06,10.06,10.00,0.46,-,-,-,-,-,-,-,-,-,-,-,-,-,-,-,-,-,-,-,-,-,-,-,-,Debt : Ultra Short Duration,NIL
SBI CRISIL-IBX Financial Services 9-12 Months Debt Index Fund-Reg(G),Rajeev Radhakrishnan,DT-LOWD,Unrated,208.3,0.32,Open Ended,21-Apr-26,CRISIL-IBX Financial Services 9-12 Months Debt Index,10.02,10.02,9.99,0.18,-,-,-,-,-,-,-,-,-,-,-,-,-,-,-,-,-,-,-,-,-,-,-,-,Debt : Low Duration,NIL
SBI Dividend Yield Fund-Reg(G),Nidhi Chawla,EQ-DIV,Unrated,8409.5,1.78,Open Ended,14-Mar-23,NIFTY 500 - TRI,14.86,15.87,13.87,-0.89,-5.43,-4.93,-0.16,2.21,11.64,-,-,20.48,3.08,36,48,174509,67.36,13.67,8.25,Financials,-,-,-,-0.05,0.17,0.30,0.86,12.07,Equity : Thematic - Dividend Yield,1% on or before 30D Nil after 30D
SBI Dynamic Asset Allocation Active FoF-Reg(G),Nidhi Chawla,FOF-DOM,Unrated,2322.4,1.34,Open Ended,15-Sep-25,NIFTY 50 Hybrid Composite Debt 50:50 Index,9.92,10.27,9.44,-0.19,-1.62,-2.82,-,-,-,-,-,-,-,-,-,-,-,-,-,-,-,-,-,-,-,-,-,-,FoFs : Domestic,Nil upto 25% of investments and 1% for remaining investments on or before 12M Nil after 12M
SBI Dynamic Bond Fund-Reg(G),Sudhir Agarwal,DT-DYN,3,3825.6,1.37,Open Ended,13-Jan-04,CRISIL Dynamic Bond Index,36.80,36.84,35.56,0.04,0.70,1.71,1.88,5.93,6.16,5.76,7.15,-,-,0,-,-,-,-,-,-,4.28,2.18,7.41,-,-0.03,-0.06,0.98,2.25,Debt : Dynamic Bond,Nil for 10% of investment and 0.25% for remaining Investment on or before 1M Nil after 1M
SBI ELSS Tax Saver Fund-Reg(G),Milind Agrawal,EQ-ELSS,3,31093.9,1.62,Open Ended,31-Mar-93,BSE 500 - TRI,422.74,457.30,391.37,-1.29,-5.20,-6.52,-2.69,3.50,18.46,16.45,14.46,21.35,2.85,28,74,182620,62.1,20.57,12.94,Financials,-,-,-,0.52,0.29,0.55,0.97,13.63,Equity : Tax Saving (ELSS),Nil
SBI Energy Opportunities Fund-Reg(G),Raj Gandhi,EQ-POWER,Unrated,8918.4,1.76,Open Ended,26-Feb-24,NIFTY ENERGY - TRI,11.18,11.43,9.72,-0.31,1.34,6.40,6.77,2.46,-,-,-,14.65,1.89,26,34,77453,41.46,22.05,27.93,Energy,-,-,-,0.23,0.02,0.04,0.94,-,Equity : Sectoral - Energy / Power,1% on or before 30D Nil after 30D
SBI Equity Hybrid Fund-Reg(G),R. Srinivasan,HY-AGR,4,83353.5,1.31,Open Ended,06-Jan-96,CRISIL Hybrid 35+65 - Aggressive Index,308.50,312.85,281.49,-0.09,0.85,-1.48,3.67,8.93,13.35,11.07,12.25,26.07,3.83,89,44,254356,55.98,16.18,0.83,Financials,3.99,2.55,7.35,0.19,0.23,0.45,1.02,9.37,Hybrid : Aggressive Hybrid,Nil for 10% of investments and 1% for remaining investment on or before 12M Nil after 12M
SBI Equity Minimum Variance Fund-Reg(G),Sukanya Ghosh,EQ-THEM,2,210.6,0.75,Open Ended,19-Mar-19,NIFTY 50 - TRI,23.46,24.96,21.71,-1.24,-2.60,-6.14,-0.40,2.81,10.18,10.45,-,24.32,4.30,39,50,289851,97.56,0.96,-,FMCG,-,-,-,0.14,0.14,0.25,0.90,12.15,Equity : Thematic,0.50% on or before 15D Nil after 15D
SBI Equity Savings Fund-Reg(G),Nidhi Chawla,HY-EQS,3,5700.0,2.56,Open Ended,27-May-15,NIFTY 50 Equity Savings Index,24.30,24.56,23.68,-0.25,-0.55,-0.77,2.60,5.68,9.55,8.27,8.50,19.98,2.55,0,96,342767,58.1,7.76,1.18,Financials,1.75,1.49,7.38,0.33,0.20,0.41,0.63,5.23,Hybrid : Equity Savings,0.10% on or before 15D Nil after 15D
SBI ESG Exclusionary Strategy Fund-Reg(G),Rohit Shimpi,EQ-THEM,2,5265.0,1.87,Open Ended,01-Jan-91,NIFTY100 ESG - TRI,229.70,249.51,210.47,-0.93,-5.15,-7.75,-3.41,2.56,10.15,9.97,11.74,25.70,3.69,21,42,255986,73.88,18.71,5.14,Financials,-,-,-,-0.15,0.13,0.23,0.95,12.92,Equity : Thematic,1% on or before 1Y Nil after 1Y
SBI Flexicap Fund-Reg(G),Anup Upadhyay,EQ-FLEX,3,22402.7,2.29,Open Ended,16-Sep-05,BSE 500 - TRI,104.59,114.13,97.16,-0.61,-4.84,-7.55,-1.15,2.75,9.31,9.18,12.08,18.83,2.63,113,78,158042,66.55,14.33,12.31,Financials,-,-,-,-0.14,0.12,0.20,0.87,12.01,Equity : Flexi Cap,0.10% on or before 30D Nil after 30D
SBI Floating Rate Debt Fund-Reg(G),Ardhendu Bhattacharya,DT-FL,2,696.9,0.56,Open Ended,27-Oct-20,Nifty Short Duration Debt Index,13.96,13.98,13.29,0.07,1.10,2.64,5.15,6.92,7.32,6.35,-,-,-,0,-,-,-,-,-,-,7.13,2.23,7.15,0.09,0.29,0.28,0.80,0.84,Debt : Floater,0.10% on or before 3D Nil after 3D
SBI FMP-1-3668D-Reg(G),Ranjana Gupta,DT-FMP,Unrated,51.1,-,Closed Ended,28-Mar-19,CRISIL Long Duration Debt Index,17.17,17.17,16.48,0.31,0.11,1.50,3.71,7.47,7.25,6.53,-,-,-,-,-,-,-,-,-,-,-,-,-,0.06,0.13,0.26,0.75,1.59,Debt : FTP/FMP,null
SBI FMP-34-3682D-Reg(G),Ranjana Gupta,DT-FMP,Unrated,29.1,-,Closed Ended,05-May-20,CRISIL Long Duration Debt Index,14.38,14.41,13.89,0.37,-0.13,1.07,2.78,7.13,7.00,6.22,-,-,-,-,-,-,-,-,-,-,-,-,-,0.05,0.07,0.15,0.90,1.93,Debt : FTP/FMP,null
SBI FMP-42-1857D-Reg(G),Ranjana Gupta,DT-FMP,Unrated,503.8,-,Closed Ended,30-Mar-21,CRISIL Medium to Long Term Debt Index,13.47,13.47,12.84,0.42,1.25,2.64,5.77,6.92,6.85,6.04,-,-,-,-,-,-,-,-,-,-,-,-,-,0.01,0.13,0.08,0.19,0.51,Debt : FTP/FMP,null
SBI FMP-44-1855D-Reg(G),Ranjana Gupta,DT-FMP,Unrated,408.8,-,Closed Ended,02-Jun-21,CRISIL Medium to Long Term Debt Index,13.41,13.41,12.70,0.44,1.29,2.69,5.58,7.02,6.90,6.03,-,-,-,-,-,-,-,-,-,-,-,-,-,0.03,0.14,0.11,0.23,0.59,Debt : FTP/FMP,null
SBI FMP-45-1840D-Reg(G),Ranjana Gupta,DT-FMP,Unrated,239.7,-,Closed Ended,17-Jun-21,CRISIL Medium to Long Term Debt Index,13.39,13.39,12.69,0.43,1.27,2.64,5.54,6.96,6.89,-,-,-,-,-,-,-,-,-,-,-,-,-,-,0.03,0.15,0.11,0.21,0.56,Debt : FTP/FMP,null
SBI FMP-46-1850D-Reg(G),Ranjana Gupta,DT-FMP,Unrated,139.8,-,Closed Ended,07-Jul-21,CRISIL Medium to Long Term Debt Index,13.37,13.37,12.68,0.42,1.27,2.64,5.51,6.97,6.83,-,-,-,-,-,-,-,-,-,-,-,-,-,-,0.02,0.11,0.09,0.24,0.61,Debt : FTP/FMP,null
SBI FMP-50-1843D-Reg(G),Ranjana Gupta,DT-FMP,Unrated,129.6,-,Closed Ended,07-Sep-21,CRISIL Medium to Long Term Debt Index,13.12,13.12,12.42,0.41,1.29,2.69,5.60,7.18,6.98,-,-,-,-,-,-,-,-,-,-,-,-,-,-,0.03,0.16,0.14,0.27,0.67,Debt : FTP/FMP,null
SBI FMP-51-1846D-Reg(G),Ranjana Gupta,DT-FMP,Unrated,318.3,-,Closed Ended,16-Sep-21,CRISIL Medium to Long Term Debt Index,13.12,13.12,12.42,0.41,1.30,2.72,5.68,7.25,7.06,-,-,-,-,-,-,-,-,-,-,-,-,-,-,0.04,0.19,0.16,0.27,0.68,Debt : FTP/FMP,null
SBI FMP-52-1848D-Reg(G),Ranjana Gupta,DT-FMP,Unrated,146.1,-,Closed Ended,28-Sep-21,CRISIL Medium to Long Term Debt Index,13.11,13.11,12.40,0.41,1.29,2.72,5.71,7.24,7.06,-,-,-,-,-,-,-,-,-,-,-,-,-,-,0.04,0.20,0.16,0.26,0.64,Debt : FTP/FMP,null
SBI FMP-53-1839D-Reg(G),Ranjana Gupta,DT-FMP,Unrated,329.4,-,Closed Ended,25-Oct-21,CRISIL Medium to Long Term Debt Index,13.13,13.13,12.43,0.39,1.28,2.70,5.67,7.31,7.11,-,-,-,-,-,-,-,-,-,-,-,-,-,-,0.04,0.21,0.18,0.28,0.70,Debt : FTP/FMP,null
SBI FMP-54-1842D-Reg(G),Ranjana Gupta,DT-FMP,Unrated,40.1,-,Closed Ended,08-Nov-21,CRISIL Medium to Long Term Debt Index,13.11,13.11,12.41,0.36,1.30,2.66,5.62,7.34,7.09,-,-,-,-,-,-,-,-,-,-,-,-,-,-,0.04,0.20,0.18,0.29,0.74,Debt : FTP/FMP,null
SBI FMP-55-1849D-Reg(G),Ranjana Gupta,DT-FMP,Unrated,270.7,-,Closed Ended,23-Nov-21,CRISIL Medium to Long Term Debt Index,13.08,13.08,12.39,0.36,1.29,2.64,5.60,7.32,7.09,-,-,-,-,-,-,-,-,-,-,-,-,-,-,0.04,0.19,0.18,0.29,0.74,Debt : FTP/FMP,null
SBI FMP-57-1835D-Reg(G),Ranjana Gupta,DT-FMP,Unrated,274.2,-,Closed Ended,13-Dec-21,CRISIL Medium to Long Term Debt Index,13.00,13.00,12.31,0.36,1.33,2.68,5.63,7.39,7.13,-,-,-,-,-,-,-,-,-,-,-,-,-,-,0.04,0.20,0.19,0.30,0.76,Debt : FTP/FMP,null
SBI FMP-58-1842D-Reg(G),Ranjana Gupta,DT-FMP,Unrated,267.9,-,Closed Ended,05-Jan-22,CRISIL Medium to Long Term Debt Index,13.11,13.11,12.42,0.32,1.21,2.74,5.60,7.35,7.13,-,-,-,-,-,-,-,-,-,-,-,-,-,-,0.05,0.20,0.20,0.32,0.80,Debt : FTP/FMP,null
SBI FMP-59-1618D-Reg(G),Ranjana Gupta,DT-FMP,Unrated,29.6,-,Closed Ended,31-Jan-22,CRISIL Medium to Long Term Debt Index,12.89,12.89,12.23,0.41,1.28,2.62,5.40,6.84,6.72,-,-,-,-,-,-,-,-,-,-,-,-,-,-,0.01,0.04,0.04,0.24,0.65,Debt : FTP/FMP,null
SBI FMP-6-3668D-Reg(G),Ranjana Gupta,DT-FMP,Unrated,36.9,-,Closed Ended,16-May-19,CRISIL Long Duration Debt Index,16.63,16.63,16.00,0.30,0.05,1.34,3.42,7.21,7.02,6.29,-,-,-,-,-,-,-,-,-,-,-,-,-,0.05,0.09,0.18,0.74,1.58,Debt : FTP/FMP,null
SBI FMP-60-1878D-Reg(G),Ranjana Gupta,DT-FMP,Unrated,264.2,-,Closed Ended,15-Feb-22,CRISIL Medium to Long Term Debt Index,13.00,13.01,12.33,0.33,1.20,2.70,5.56,7.42,7.18,-,-,-,-,-,-,-,-,-,-,-,-,-,-,0.05,0.21,0.22,0.34,0.84,Debt : FTP/FMP,null
SBI FMP-61-1927D-Reg(G),Ranjana Gupta,DT-FMP,Unrated,357.4,-,Closed Ended,22-Mar-22,CRISIL Medium to Long Term Debt Index,13.03,13.03,12.39,0.36,0.96,2.43,5.22,7.39,7.13,-,-,-,-,-,-,-,-,-,-,-,-,-,-,0.05,0.17,0.21,0.40,0.93,Debt : FTP/FMP,null
SBI FMP-66-1361D-Reg(G),Ranjana Gupta,DT-FMP,Unrated,717.6,-,Closed Ended,19-Jul-22,CRISIL Medium Duration Debt Index,12.87,12.87,12.30,0.43,1.26,2.65,5.93,6.99,6.91,-,-,-,-,-,-,-,-,-,-,-,-,-,-,0.02,0.19,0.14,0.22,0.62,Debt : FTP/FMP,null
SBI FMP-67-1467D-Reg(G),Ranjana Gupta,DT-FMP,Unrated,621.7,-,Closed Ended,29-Jul-22,CRISIL Medium to Long Term Debt Index,12.99,12.99,12.30,0.43,1.31,2.70,5.60,7.06,6.92,-,-,-,-,-,-,-,-,-,-,-,-,-,-,0.03,0.14,0.11,0.24,0.62,Debt : FTP/FMP,null
SBI FMP-68-1302D-Reg(G),Ranjana Gupta,DT-FMP,Unrated,203.9,-,Closed Ended,22-Sep-22,CRISIL Medium Duration Debt Index,12.72,12.72,12.15,0.45,1.25,2.64,5.83,6.87,6.81,-,-,-,-,-,-,-,-,-,-,-,-,-,-,0.01,0.10,0.09,0.25,0.67,Debt : FTP/FMP,null
SBI FMP-72-1239D-Reg(G),Ranjana Gupta,DT-FMP,Unrated,355.6,-,Closed Ended,22-Nov-22,CRISIL Medium Duration Debt Index,12.58,12.58,12.01,0.48,1.29,2.74,6.02,7.06,7.00,-,-,-,-,-,-,-,-,-,-,-,-,-,-,0.03,0.18,0.15,0.25,0.71,Debt : FTP/FMP,null
SBI FMP-73-1226D-Reg(G),Ranjana Gupta,DT-FMP,Unrated,212.5,-,Closed Ended,08-Dec-22,CRISIL Medium Duration Debt Index,12.56,12.56,11.98,0.46,1.33,2.71,5.97,7.02,6.97,-,-,-,-,-,-,-,-,-,-,-,-,-,-,0.02,0.17,0.14,0.24,0.66,Debt : FTP/FMP,null
SBI FMP-74-1243D-Reg(G),Ranjana Gupta,DT-FMP,Unrated,168.0,-,Closed Ended,03-Jan-23,CRISIL Medium Duration Debt Index,12.62,12.62,11.96,0.43,1.25,2.64,5.56,6.92,6.89,-,-,-,-,-,-,-,-,-,-,-,-,-,-,0.02,0.14,0.10,0.20,0.53,Debt : FTP/FMP,null
SBI FMP-76-1221D-Reg(G),Ranjana Gupta,DT-FMP,Unrated,175.6,-,Closed Ended,24-Jan-23,CRISIL Medium Duration Debt Index,12.52,12.52,11.88,0.43,1.25,2.60,5.45,6.77,6.71,-,-,-,-,-,-,-,-,-,-,-,-,-,-,0.01,0.04,0.03,0.20,0.55,Debt : FTP/FMP,null
SBI FMP-78-1170D-Reg(G),Ranjana Gupta,DT-FMP,Unrated,132.9,-,Closed Ended,21-Feb-23,CRISIL Medium Duration Debt Index,12.47,12.47,11.86,0.44,1.22,2.63,5.84,6.95,6.81,-,-,-,-,-,-,-,-,-,-,-,-,-,-,0.01,0.12,0.07,0.19,0.51,Debt : FTP/FMP,null
SBI FMP-79-1130D-Reg(G),Ranjana Gupta,DT-FMP,Unrated,86.7,-,Closed Ended,14-Mar-23,CRISIL Medium Duration Debt Index,12.39,12.39,11.82,0.44,1.31,2.67,5.98,6.94,6.88,-,-,-,-,-,-,-,-,-,-,-,-,-,-,0.02,0.15,0.11,0.23,0.62,Debt : FTP/FMP,null
SBI FMP-81-1157D-Reg(G),Ranjana Gupta,DT-FMP,Unrated,435.8,-,Closed Ended,31-Mar-23,CRISIL Medium Duration Debt Index,12.43,12.43,11.77,0.43,1.30,2.67,5.70,6.98,6.91,-,-,-,-,-,-,-,-,-,-,-,-,-,-,0.03,0.17,0.10,0.19,0.48,Debt : FTP/FMP,null
SBI Focused Fund-Reg(G),R. Srinivasan,EQ-FOC,3,46041.9,1.51,Open Ended,11-Oct-04,BSE 500 - TRI,381.76,390.95,334.93,-1.05,2.48,0.33,11.09,11.89,16.86,13.61,15.15,27.77,4.30,38,24,234732,56.73,17.63,1.93,Financials,-,-,-,0.49,0.29,0.58,0.74,11.22,Equity : Focused,0.25% on or before 30D 0.10% after 30D but before 90D Nil after 90D
SBI Gilt Fund-Reg(G),Sudhir Agarwal,DT-GILT,3,9047.2,0.96,Open Ended,23-Dec-00,Nifty All Duration G-Sec Index,67.09,67.26,64.98,0.28,0.14,1.20,0.06,5.16,5.79,5.69,7.48,-,-,0,-,-,-,-,-,-,5.59,2.76,6.12,-0.02,-0.06,-0.12,0.97,2.84,Debt : Gilt,Nil
SBI Gold ETF,Viral Chhadva,PM-ETF,Unrated,24549.5,0.65,Open Ended,18-May-09,Gold-India,132.58,148.93,82.13,3.31,-2.58,19.78,60.36,45.12,35.80,24.59,16.93,-,-,10,1,-,-,-,-,-,-,-,-,2.20,0.45,1.18,0.47,16.75,Metal : ETFs,Nil
SBI Gold-Reg(G),Viral Chhadva,PM-MF,Unrated,15691.1,0.42,Open Ended,12-Sep-11,Gold-London Bullion Market association (LBMA),45.37,51.65,28.15,3.15,-3.24,19.21,60.06,44.58,35.45,24.58,16.99,-,-,-,-,-,-,-,-,-,-,-,-,2.15,0.45,1.15,0.01,16.69,Metal : MFs,1% on or before 15D Nil after 15D
SBI Healthcare Opp Fund-Reg(G),Tanmaya Desai,EQ-PHRM,2,4323.3,1.90,Open Ended,14-Jul-99,BSE Health Care - TRI,456.43,470.64,402.12,3.91,5.80,5.16,9.18,16.38,24.35,15.25,12.92,47.53,5.99,26,32,59999,27.26,38.19,29.21,Healthcare,-,-,-,0.12,0.39,0.96,0.90,13.78,Equity : Sectoral - Pharma,0.50% on or before 15D Nil after 15D
SBI Income Plus Arbitrage Active FOF-Reg(G),Ardhendu Bhattacharya,FOF-DOM,Unrated,1822.8,0.26,Open Ended,02-May-25,NIFTY Composite Debt Index,10.52,10.53,10.06,0.27,0.85,1.95,4.48,-,-,-,-,-,-,-,-,-,-,-,-,-,-,-,-,-0.04,-0.70,-1.16,0.32,-,FoFs : Domestic,NIL
SBI Infrastructure Fund-Reg(G),Bhavin Vithlani,EQ-INFRA,2,4804.7,1.90,Open Ended,06-Jul-07,Nifty Infrastructure - TRI,50.60,51.73,43.39,-0.49,2.78,1.32,1.73,2.21,19.13,18.84,15.73,21.07,2.84,59,33,143597,58.75,12.31,23.52,Energy,-,-,-,0.01,0.25,0.48,0.97,16.42,Equity : Sectoral - Infrastructure,0.50% on or before 30D Nil after 30D
SBI Innovative Opportunities Fund-Reg(G),Vivek Gedda,EQ-THEM,Unrated,4987.5,1.94,Open Ended,20-Aug-24,NIFTY 500 - TRI,9.13,10.06,8.13,-0.06,3.13,-8.51,-2.94,-,-,-,-,50.13,5.39,43,38,44084,23.21,29.27,42.35,Retail and Other Services,-,-,-,-0.33,-0.17,-0.27,0.97,-,Equity : Thematic,1% on or before 30D Nil after 30D
SBI Large & Midcap Fund-Reg(G),Saurabh Pant,EQ-L&M,4,38425.6,1.72,Open Ended,28-Feb-93,NIFTY LargeMidcap 250 - TRI,625.32,662.38,578.84,0.05,-4.31,-3.81,4.20,7.81,14.69,14.56,14.98,26.03,3.47,56,81,124365,42.14,36.98,13.49,Financials,-,-,-,0.02,0.24,0.44,0.83,12.22,Equity : Large & Mid Cap,0.10% on or before 30D Nil after 30D
SBI Large Cap Fund-Reg(G),Saurabh Pant,EQ-LC,4,53468.3,1.47,Open Ended,14-Feb-06,BSE 100 - TRI,90.69,97.37,83.79,-0.85,-4.71,-5.84,-0.90,4.93,10.46,10.70,11.87,26.63,3.67,54,50,276075,81.07,13.21,2.01,Financials,-,-,-,0.09,0.14,0.25,0.92,11.85,Equity : Large Cap,0.25% on or before 30D 0.10% after 30D but before 90D Nil after 90D
SBI Liquid Fund-Reg(G),Rajeev Radhakrishnan,DT-LIQ,4,74571.1,0.29,Open Ended,11-Mar-07,Nifty Liquid Fund Index,4310.21,4310.21,4063.62,0.50,1.67,3.13,6.09,6.61,6.80,6.00,5.99,-,-,0,-,-,-,-,-,-,0.12,0.11,6.26,0.02,0.13,0.04,0.27,0.25,Debt : Liquid,0.007% for Day 1 0.0065% on Day 2 0.0060% on Day 3 0.0055% on Day 4 0.0050% on Day 5 0.0045% on Day 6 NIL on or after 7D
SBI Long Duration Fund-Reg(G),Ardhendu Bhattacharya,DT-LD,Unrated,1569.9,0.68,Open Ended,21-Dec-22,CRISIL Long Duration Debt Index,12.30,12.57,12.01,0.05,-1.44,-0.06,-2.26,3.94,5.06,-,-,-,-,0,-,-,-,-,-,-,37.33,11.01,7.72,-0.04,-0.07,-0.14,1.37,4.18,Debt : Long Duration,Nil
SBI Low Duration Fund-Reg(G),Sudhir Agarwal,DT-LOWD,3,13458.4,0.93,Open Ended,26-Jul-07,CRISIL Low Duration Debt Index,3658.75,3658.75,3484.93,0.17,0.85,1.99,5.02,6.45,6.57,5.73,6.36,-,-,0,-,-,-,-,-,-,1.08,0.80,7.16,-0.04,0.03,0.02,1.26,0.58,Debt : Low Duration,Nil
SBI LT Advantage Fund-IV-Reg(G),Nidhi Chawla,EQ-ELSS,Unrated,194.4,-,Closed Ended,31-Mar-17,BSE 500,45.56,49.53,42.23,-2.32,-6.16,-7.05,0.82,2.95,11.61,14.40,-,23.24,3.05,61,28,113470,62.39,2.08,31.48,Financials,-,-,-,0.09,0.16,0.29,0.87,13.55,Equity : Tax Saving (ELSS),null
SBI LT Advantage Fund-V-Reg(G),Nidhi Chawla,EQ-ELSS,Unrated,353.3,-,Closed Ended,27-Mar-18,BSE 500,29.79,32.04,26.79,-0.33,-2.67,-5.75,-2.04,14.11,19.03,15.90,-,23.21,2.95,29,26,83798,48.43,5.52,37.61,Financials,-,-,-,0.60,0.28,0.57,0.94,14.43,Equity : Tax Saving (ELSS),null
SBI LT Advantage Fund-VI-Reg(G),Nidhi Chawla,EQ-ELSS,Unrated,250.7,-,Closed Ended,17-Jul-18,BSE 500,28.91,31.67,25.98,-0.90,-3.78,-4.93,-4.18,1.40,13.52,13.07,-,26.58,2.90,-,31,69337,35.09,19.41,37.28,Financials,-,-,-,0.16,0.18,0.32,1.08,16.07,Equity : Tax Saving (ELSS),null
SBI Medium Duration Fund-Reg(G),Lokesh Mallya,DT-MD,5,6410.5,1.21,Open Ended,05-Nov-03,NIFTY Medium Duration Debt Index,53.44,53.44,51.14,0.43,0.53,1.80,4.15,6.88,6.79,6.05,7.71,-,-,0,1,-,-,-,-,-,4.45,3.04,8.42,0.04,0.07,0.12,0.44,1.25,Debt : Medium Duration,1% on or before 3M Nil after 3M
SBI Medium to Long Duration Fund-Reg(G),Mohit Jain,DT-M&LD,4,2024.1,1.49,Open Ended,25-Nov-98,CRISIL Medium to Long Term Debt Index,72.18,72.35,70.24,0.12,-0.07,0.71,1.34,5.53,5.79,5.40,7.08,-,-,0,1,-,-,-,-,-,8.73,4.38,7.88,-0.03,-0.09,-0.19,0.68,1.89,Debt : Medium to Long Duration,Nil for 10% of investment and 1% for remaining Investment on or before 1Y Nil after 1Y
SBI Midcap Fund-Reg(G),Bhavin Vithlani,EQ-MID,4,23247.4,1.62,Open Ended,29-Mar-05,Nifty Midcap 150 - TRI,233.05,241.09,207.53,-0.37,-0.87,-1.25,-0.12,4.23,13.29,15.39,14.02,39.14,4.56,75,50,57747,10.05,65.68,17.35,Financials,-,-,-,-0.37,0.19,0.36,0.82,14.40,Equity : Mid Cap,0.25% on or before 30D 0.10% after 30D but before 90D Nil after 90D
SBI MNC Fund-Reg(G),Tanmaya Desai,EQ-MNC,Unrated,5958.2,1.85,Open Ended,30-Sep-94,NIFTY MNC - TRI,372.43,381.80,328.67,0.59,3.54,2.93,2.06,3.64,6.97,8.52,11.01,42.44,6.39,54,42,31388,31.83,24.65,34.11,Automobile and Ancillaries,-,-,-,-0.41,0.07,0.13,0.67,12.33,Equity : Thematic - MNC,1% on or before 30D Nil after 30D
SBI Multi Asset Allocation Fund-Reg(G),Dinesh Balachandran,HY-MULTI,Unrated,17666.0,1.84,Open Ended,30-Nov-05,BSE 500 - TRI,66.21,68.07,58.15,0.26,-1.58,2.74,13.88,12.07,16.89,13.43,11.52,18.75,2.04,0,71,68715,18.26,11.9,15.26,Financials,2.18,1.72,7.69,0.92,0.42,0.86,1.26,7.44,Hybrid : Multi Asset Allocation,Nil for 10% of investment and 1% for remaining Investment on or before 12M Nil after 12M
SBI Multicap Fund-Reg(G),Ruchit Mehta,EQ-MLC,Unrated,23118.9,1.62,Open Ended,08-Mar-22,Nifty500 Multicap 50:25:25 - TRI,16.48,17.63,14.88,-0.50,-0.02,-4.43,-0.91,6.90,14.31,-,-,28.59,3.51,45,58,76388,38.95,24.1,30.27,Financials,-,-,-,0.02,0.22,0.42,0.81,12.64,Equity : Multi Cap,0.25% on or before 30D 0.10% after 30D but before 90D Nil after 90D
SBI Nifty 10 yr Benchmark G-Sec ETF,Jignesh Shah,DT-ETF,Unrated,3215.9,0.14,Open Ended,10-Jun-16,Nifty 10 yr Benchmark G-Sec,258.72,261.60,254.36,0.40,-0.91,-0.28,0.08,5.83,6.06,4.69,-,-,-,198,-,-,-,-,-,-,9.28,-,-,0.39,0.04,0.88,2.04,38.32,Debt : ETFs,null
SBI NIFTY 1D Rate Liquid ETF(G),Jignesh Shah,DT-LIQ,Unrated,66.2,0.26,Open Ended,08-Aug-25,Nifty 1D Rate Index,1041.35,1041.35,1000.00,0.41,1.22,2.43,-,-,-,-,-,-,-,-,-,-,-,-,-,-,-,-,-,-,-,-,-,-,Debt : Liquid,null
SBI Nifty 1D Rate Liquid ETF(IDCW),Jignesh Shah,DT-ETF,Unrated,69.0,0.36,Open Ended,27-Oct-23,Nifty 1D Rate Index,1000.00,1000.13,1000.00,0.40,1.19,2.36,4.93,5.52,-,-,-,-,-,-,-,-,-,-,-,-,-,-,-,-0.04,-1.30,-0.36,0.88,-,Debt : ETFs,null
SBI Nifty 200 Quality 30 ETF,Viral Chhadva,EQ-ETF,Unrated,78.2,0.30,Open Ended,10-Dec-18,NIFTY200 Quality 30 - TRI,219.93,234.64,197.60,-0.71,-0.57,-6.08,-1.46,3.14,10.80,10.38,-,29.37,8.62,32,30,178852,73.48,23.84,2.56,FMCG,-,-,-,-0.04,0.14,0.26,1.00,13.88,Equity : ETFs,null
SBI Nifty 50 ETF,Viral Chhadva,EQ-ETF,Unrated,208203.8,0.04,Open Ended,22-Jul-15,NIFTY 50 - TRI,251.57,281.22,238.79,-2.40,-6.96,-10.41,-4.55,3.14,9.33,9.74,12.45,19.99,3.02,6,50,532358,99.31,0.67,-,Financials,-,-,-,-,0.11,0.20,1.00,12.14,Equity : ETFs,null
SBI Nifty 500 Index Fund-Reg(G),Viral Chhadva,EQ-INDX,Unrated,759.3,0.79,Open Ended,30-Sep-24,NIFTY 500 - TRI,9.29,9.94,8.47,-1.04,-3.20,-6.33,-1.50,-,-,-,-,21.99,3.21,10,504,202249,69.51,19.83,10.24,Financials,-,-,-,-0.07,-0.12,-0.19,1.00,-,Equity : Index Funds,0.25% on or before 15D Nil after 15D
SBI Nifty Bank ETF,Viral Chhadva,EQ-ETF,Unrated,3658.9,0.19,Open Ended,20-Mar-15,NIFTY BANK - TRI,550.25,629.94,514.34,-2.08,-11.28,-10.09,-3.24,5.17,7.46,9.32,12.29,14.17,1.65,26,14,330019,76.17,23.83,-,Financials,-,-,-,-0.01,0.05,0.08,1.00,14.70,Equity : ETFs,null
SBI Nifty Bank Index Fund-Reg(G),Viral Chhadva,EQ-INDX,Unrated,162.1,0.74,Open Ended,06-Feb-25,NIFTY BANK - TRI,10.68,12.22,9.98,-2.13,-11.27,-10.18,-3.59,-,-,-,-,14.17,1.65,33,14,330019,76.24,23.85,-,Financials,-,-,-,-0.06,0.06,0.09,1.00,-,Equity : Index Funds,0.25% on or before 15D Nil after 15D
SBI Nifty Consumption ETF,Viral Chhadva,EQ-ETF,Unrated,23.1,0.26,Open Ended,22-Jul-21,Nifty India Consumption - TRI,114.93,129.97,106.31,-2.85,-3.89,-11.01,-2.18,3.92,12.14,-,-,38.08,7.06,23,30,276174,91.35,8.64,-,FMCG,-,-,-,-0.02,0.17,0.30,1.00,14.32,Equity : ETFs,null
SBI Nifty G-sec Jul 2031 Index Fund-Reg(G),Rajeev Radhakrishnan,DT-M&LD,Unrated,-,-,Open Ended,26-May-26,Nifty G-Sec July 2031 Index,10.03,10.03,10.00,-,-,-,-,-,-,-,-,-,-,-,-,-,-,-,-,-,-,-,-,-,-,-,-,-,Debt : Medium to Long Duration,NIL
SBI Nifty Index Fund-Reg(G),Viral Chhadva,EQ-INDX,3,13367.6,0.44,Open Ended,17-Jan-02,NIFTY 50 - TRI,207.93,232.88,197.54,-2.44,-7.08,-10.61,-4.97,2.68,8.83,9.22,11.71,19.99,3.02,12,50,532358,99.37,0.67,-,Financials,-,-,-,-0.04,0.10,0.19,1.00,12.14,Equity : Index Funds,0.20% on or before 15D Nil after 15D
SBI Nifty India Consumption Index Fund-Reg(G),Viral Chhadva,EQ-INDX,Unrated,270.0,0.94,Open Ended,30-Oct-24,Nifty India Consumption - TRI,9.64,10.95,8.93,-2.91,-4.06,-11.32,-2.78,-,-,-,-,38.08,7.06,9,30,276188,91.58,8.66,-,FMCG,-,-,-,-0.08,-0.10,-0.16,1.00,-,Equity : Index Funds,0.25% on or before 15D Nil after 15D
SBI Nifty IT ETF,Viral Chhadva,EQ-ETF,Unrated,67.7,0.21,Open Ended,19-Oct-20,NIFTY IT - TRI,344.46,433.04,301.98,2.02,-1.97,-19.74,-18.27,-0.12,3.97,4.80,-,20.21,4.84,77,10,283997,82.27,17.52,-,Technology,-,-,-,-0.02,0.02,0.03,1.00,22.79,Equity : ETFs,null
SBI Nifty IT Index Fund-Reg(G),Viral Chhadva,EQ-INDX,Unrated,86.5,0.93,Open Ended,21-Feb-25,NIFTY IT - TRI,7.82,9.85,6.86,1.97,-2.12,-19.96,-18.79,-,-,-,-,20.21,4.84,38,10,283991,82.44,17.56,-,Technology,-,-,-,-0.10,-0.23,-0.33,1.00,-,Equity : Index Funds,0.25% on or before 15D Nil after 15D
SBI Nifty Midcap 150 ETF,Viral Chhadva,EQ-ETF,Unrated,10.6,0.20,Open Ended,30-Mar-26,Nifty Midcap 150 - TRI,22.32,22.89,19.43,1.24,-,-,-,-,-,-,-,28.44,3.87,-,150,68100,11.58,84.85,3.55,Financials,-,-,-,-,-,-,-,-,Equity : ETFs,null
SBI Nifty Midcap 150 Index Fund-Reg(G),Viral Chhadva,EQ-INDX,Unrated,1042.1,0.87,Open Ended,03-Oct-22,Nifty Midcap 150 - TRI,19.05,19.54,16.60,1.20,1.80,-0.61,5.23,7.14,20.24,-,-,28.44,3.87,30,150,68100,11.6,85.02,3.55,Financials,-,-,-,-0.07,0.28,0.53,1.00,16.58,Equity : Index Funds,0.25% on or before 30D Nil after 30D
SBI Nifty Midcap 150 Momentum 50 ETF,Viral Chhadva,EQ-ETF,Unrated,8.4,0.30,Open Ended,02-Mar-26,Nifty Midcap150 Momentum 50 - TRI,62.17,64.11,54.41,1.93,-,-,-,-,-,-,-,24.53,3.95,24,50,85480,32.59,67.03,0.34,Financials,-,-,-,-,-,-,-,-,Equity : ETFs,null
SBI Nifty Next 50 ETF,Viral Chhadva,EQ-ETF,Unrated,2990.0,0.12,Open Ended,20-Mar-15,NIFTY NEXT 50 - TRI,749.11,768.70,644.32,0.44,0.54,1.35,5.69,2.64,19.07,13.57,14.57,19.51,3.34,42,54,98930,84.48,12.17,-,Financials,-,-,-,-,0.24,0.44,1.00,17.85,Equity : ETFs,null
SBI Nifty Next 50 Index Fund-Reg(G),Viral Chhadva,EQ-INDX,Unrated,2028.5,0.71,Open Ended,19-May-21,NIFTY NEXT 50 - TRI,18.97,19.47,16.33,0.39,0.39,1.05,5.01,1.98,18.28,12.82,-,19.51,3.34,31,54,98942,84.54,12.17,-,Financials,-,-,-,-0.06,0.23,0.42,1.00,17.82,Equity : Index Funds,0.25% on or before 30D Nil after 30D
SBI Nifty Private Bank ETF,Viral Chhadva,EQ-ETF,Unrated,400.5,0.15,Open Ended,19-Oct-20,Nifty Private Bank - TRI,264.63,297.10,245.71,-0.83,-8.95,-9.43,-5.08,3.93,5.55,7.40,-,17.74,1.89,61,10,399385,80.77,16.3,2.93,Financials,-,-,-,-0.01,0.01,0.02,1.00,14.60,Equity : ETFs,null
SBI Nifty Smallcap 250 ETF,Viral Chhadva,EQ-ETF,Unrated,-,-,Open Ended,20-May-26,Nifty Smallcap 250 - TRI,16.93,17.09,16.68,-,-,-,-,-,-,-,-,-,-,-,-,-,-,-,-,-,-,-,-,-,-,-,-,-,Equity : ETFs,null
SBI Nifty Smallcap 250 Index Fund-Reg(G),Viral Chhadva,EQ-INDX,Unrated,1549.0,0.84,Open Ended,03-Oct-22,Nifty Smallcap 250 - TRI,18.11,19.33,15.23,0.73,5.95,0.20,-0.20,3.61,18.40,-,-,29.87,3.11,32,250,19945,-,7.06,92.63,Financials,-,-,-,-0.08,0.21,0.40,1.00,20.33,Equity : Index Funds,0.25% on or before 30D Nil after 30D
SBI Nifty100 Low Volatility 30 Index Fund-Reg(G),Viral Chhadva,EQ-INDX,Unrated,60.9,0.77,Open Ended,28-Jul-25,Nifty100 Low Volatility 30 - TRI,9.79,10.77,9.22,-1.51,-5.67,-8.15,-,-,-,-,-,28.39,4.52,35,30,334921,93.77,6.19,-,Financials,-,-,-,-,-,-,-,-,Equity : Index Funds,0.25% on or before 15D Nil after 15D
SBI Nifty200 Momentum 30 Index Fund-Reg(G),Viral Chhadva,EQ-INDX,Unrated,122.5,0.77,Open Ended,09-Jul-25,Nifty200 Momentum 30 - TRI,9.49,10.23,8.57,-0.50,-4.39,-6.92,-,-,-,-,-,26.08,3.75,76,30,179305,73.26,26.74,-,Financials,-,-,-,-,-,-,-,-,Equity : Index Funds,0.25% on or before 15D Nil after 15D
SBI Nifty200 Quality 30 Index Fund-Reg(G),Viral Chhadva,EQ-INDX,Unrated,313.5,0.81,Open Ended,05-Jun-25,NIFTY200 Quality 30 - TRI,9.91,10.60,8.91,-0.75,-0.70,-6.30,-0.78,-,-,-,-,29.37,8.62,34,30,178843,73.77,23.94,2.57,FMCG,-,-,-,-,-,-,-,-,Equity : Index Funds,0.25% on or before 15D Nil after 15D
SBI Nifty200 Value 30 ETF,Viral Chhadva,EQ-ETF,Unrated,-,-,Open Ended,20-May-26,Nifty200 Value 30 - TRI,15.31,15.75,15.31,-,-,-,-,-,-,-,-,-,-,-,-,-,-,-,-,-,-,-,-,-,-,-,-,-,Equity : ETFs,null
SBI Nifty50 Equal Weight ETF,Viral Chhadva,EQ-ETF,Unrated,38.3,0.33,Open Ended,16-Jul-24,NIFTY50 Equal Weight - TRI,32.67,34.12,29.87,-0.30,-2.78,-3.06,4.67,-,-,-,-,19.21,3.34,47,50,302640,98.07,1.91,-,Financials,-,-,-,-0.03,-0.04,-0.07,1.00,-,Equity : ETFs,null
SBI Nifty50 Equal Weight Index Fund-Reg(G),Viral Chhadva,EQ-INDX,Unrated,1043.1,0.96,Open Ended,31-Jan-24,NIFTY50 Equal Weight - TRI,11.89,12.44,10.88,-0.35,-2.94,-3.38,3.99,6.43,-,-,-,19.21,3.34,32,50,302634,98.11,1.91,-,Financials,-,-,-,-0.08,0.05,0.09,1.00,-,Equity : Index Funds,0.25% on or before 15D Nil after 15D
SBI Overnight Fund-Reg(G),Ranjana Gupta,DT-ON,4,27043.2,0.16,Open Ended,24-Sep-02,CRISIL Liquid Overnight Index,4358.24,4358.24,4141.42,0.43,1.27,2.52,5.25,5.82,6.10,5.48,5.32,-,-,0,-,-,-,-,-,-,-,-,5.24,0.01,-0.85,-0.21,0.97,0.18,Debt : Overnight,Nil
SBI PSU Fund-Reg(G),Rohit Shimpi,EQ-THEM,1,6669.4,1.81,Open Ended,07-Jul-10,BSE PSU - TRI,34.51,37.30,30.31,-3.78,-6.92,2.70,8.27,3.41,29.06,23.33,15.36,12.19,1.84,15,21,213008,75.34,14.36,4.62,Energy,-,-,-,0.27,0.32,0.73,0.94,20.19,Equity : Thematic,0.50% on or before 30D Nil after 30D
SBI Quality Fund-Reg(G),Anup Upadhyay,EQ-THEM,Unrated,2306.4,2.01,Open Ended,17-Feb-26,NIFTY200 Quality 30 - TRI,10.09,10.19,9.06,1.51,1.28,-,-,-,-,-,-,29.58,5.59,30,42,118787,60.99,20.37,14.78,FMCG,-,-,-,-,-,-,-,-,Equity : Thematic,1% on or before 6M Nil after 6M
SBI Quant Fund-Reg(G),Sukanya Ghosh,EQ-THEM,Unrated,3146.2,1.94,Open Ended,26-Dec-24,NIFTY 200 - TRI,9.62,10.68,9.13,-2.17,-8.81,-5.97,1.03,-,-,-,-,15.23,2.54,214,31,216446,79.16,19.63,-,Financials,-,-,-,-0.38,-0.10,-0.15,0.92,-,Equity : Thematic,0.50% on or before 30D Nil after 30D
SBI Retirement Benefit Fund-Aggressive Hybrid Plan-Reg(G),Rohit Shimpi,HY-AGR,Unrated,1581.8,2.07,Open Ended,10-Feb-21,CRISIL Hybrid 35+65 - Aggressive Index,18.64,19.60,17.19,-0.74,-2.92,-4.87,0.35,3.11,9.64,11.33,-,-,-,0,50,171950,46.93,16.58,14.62,Financials,2.73,1.93,4.29,-0.08,0.13,0.24,1.16,10.71,Hybrid : Aggressive Hybrid,Nil
SBI Retirement Benefit Fund-Aggressive Plan-Reg(G),Rohit Shimpi,EQ-FLEX,Unrated,3013.3,1.94,Open Ended,10-Feb-21,BSE 500 - TRI,19.14,20.64,17.53,-1.46,-3.93,-7.36,-3.67,0.61,8.93,11.61,-,-,-,0,50,174144,57.66,20.46,17.19,Financials,1.78,1.28,5.67,-0.18,0.11,0.19,0.93,13.06,Equity : Flexi Cap,Nil
SBI Retirement Benefit Fund-Conservative Hybrid Plan-Reg(G),Rohit Shimpi,HY-CON,Unrated,255.3,1.71,Open Ended,10-Feb-21,CRISIL Hybrid 65+35 - Conservative Index,15.32,15.79,14.69,-0.55,-1.94,-2.65,-1.74,3.23,6.93,7.79,-,-,-,0,50,174959,23.85,8.34,7.23,Financials,15.70,5.93,6.18,0.16,0.07,0.13,1.15,5.86,Hybrid : Conservative Hybrid,Nil
SBI Retirement Benefit Fund-Conservative Plan-Reg(G),Rohit Shimpi,HY-CON,Unrated,147.7,1.44,Open Ended,10-Feb-21,CRISIL Hybrid 85+15 - Conservative Index,14.20,14.46,13.80,-0.27,-1.61,-1.36,-1.35,4.05,6.13,6.52,-,-,-,0,50,180679,11.99,4.03,3.44,Financials,20.38,7.76,7.51,-0.09,0.02,0.03,1.23,3.86,Hybrid : Conservative Hybrid,Nil
SBI Savings Fund-Reg(G),Rajeev Radhakrishnan,DT-MM,2,36291.4,0.65,Open Ended,14-Jul-04,CRISIL Money Market Index,43.57,43.57,41.34,0.20,1.07,2.37,5.45,6.55,6.69,5.87,6.21,-,-,0,-,-,-,-,-,-,0.73,0.65,6.99,0.03,0.11,0.06,0.64,0.49,Debt : Money Market,NIL
SBI Short Term Debt Fund-Reg(G),Mansi Sajeja,DT-SD,3,13746.3,0.86,Open Ended,26-Jul-07,CRISIL Short Duration Debt Index,33.44,33.47,32.16,0.16,0.22,1.16,3.89,6.67,6.61,5.73,6.64,-,-,0,-,-,-,-,-,-,2.55,2.09,7.77,0.05,0.04,0.06,1.47,1.12,Debt : Short Duration,Nil
SBI Silver ETF,Viral Chhadva,PM-ETF,Unrated,5939.7,0.41,Open Ended,03-Jul-24,Silver,257.49,367.15,99.41,9.62,-1.07,48.97,164.29,-,-,-,-,-,-,33,-,-,-,-,-,-,-,-,-,5.53,0.44,1.17,-3.20,-,Metal : ETFs,null
SBI Silver ETF FOF-Reg(G),Viral Chhadva,FOF-DOM,Unrated,3850.0,0.65,Open Ended,11-Jul-24,Silver,27.89,38.68,10.75,9.66,-1.40,49.79,164.36,-,-,-,-,-,-,-,-,-,-,-,-,-,-,-,-,5.51,0.45,1.18,-2.65,-,FoFs : Domestic,1% on or before 15D Nil after 15D
SBI Small Cap Fund-Reg(G),R. Srinivasan,EQ-SML,2,37140.8,1.64,Open Ended,09-Sep-09,BSE 250 Small Cap - TRI,167.57,179.06,146.95,-0.63,3.88,-1.95,-1.00,1.69,12.33,13.41,17.83,35.23,3.94,101,65,16356,-,0.73,86.27,Automobile and Ancillaries,-,-,-,-0.21,0.15,0.26,0.76,15.83,Equity : Small Cap,1% on or before 1Y Nil after 1Y
SBI Technology Opp Fund-Reg(G),Vivek Gedda,EQ-TECH,Unrated,4240.4,1.89,Open Ended,07-Jan-13,BSE TECk Index - TRI,188.66,235.12,177.64,1.22,-0.50,-17.82,-10.93,4.44,9.26,10.19,14.83,31.42,4.91,25,32,149695,49.79,18.67,16.51,Technology,-,-,-,0.38,0.11,0.20,0.92,17.66,Equity : Sectoral - Technology,0.50% on or before 15D Nil after 15D
SBI Ultra Short Duration Fund-Reg(G),Sudhir Agarwal,DT-USD,4,12553.0,0.56,Open Ended,19-May-99,CRISIL Ultra Short Term Debt Index,6293.66,6293.66,5951.32,0.27,1.26,2.61,5.80,6.70,6.83,5.99,6.38,-,-,0,-,-,-,-,-,-,0.73,0.43,7.18,-,0.23,0.10,1.01,0.39,Debt : Ultra Short Duration,Nil
SBI US Specific Equity Active FoF-Reg(G),Rohit Shimpi,FOF-OVR,Unrated,1242.6,1.58,Open Ended,22-Mar-21,S&P 500 ,24.73,24.83,16.98,2.10,10.89,18.65,47.65,27.01,29.51,18.10,-,-,-,8,-,-,-,-,-,-,-,-,-,0.57,0.43,0.87,1.10,15.43,FoFs : Overseas,1% on or before 1Y Nil after 1Y
Shriram Aggressive Hybrid Fund-Reg(G),Deepak Ramaraju,HY-AGR,Unrated,48.9,2.42,Open Ended,29-Nov-13,CRISIL Hybrid 35+65 - Aggressive Index,31.04,32.68,29.26,-0.88,-2.59,-4.77,0.34,-0.21,9.58,7.96,9.16,19.64,2.86,104.9,74,234781,56.1,7.74,9.67,Financials,2.38,1.97,6.95,-0.13,0.12,0.20,1.14,10.70,Hybrid : Aggressive Hybrid,NIL for 12% of units and 1% for remaining units on or before 90D Nil after 90D
Shriram Balanced Advantage Fund-Reg(G),Deepak Ramaraju,HY-DYN,Unrated,51.8,2.43,Open Ended,05-Jul-19,CRISIL Hybrid 50+50 - Moderate Index,16.17,17.32,15.57,-1.78,-4.26,-6.61,-3.41,-3.02,5.99,5.57,-,19.32,2.95,87.3,64,295585,61.52,5.49,7.84,Financials,2.38,2.02,7.33,-0.22,0.02,0.04,0.71,9.90,Hybrid : Dynamic Asset Allocation,NIL for 12% of units and 1% for remaining units on or before 90D Nil after 90D
Shriram ELSS Tax Saver Fund-Reg(G),Deepak Ramaraju,EQ-ELSS,Unrated,45.9,3.24,Open Ended,25-Jan-19,NIFTY 500 - TRI,20.10,21.80,18.54,-0.29,-3.82,-7.52,-2.44,-4.40,8.06,8.15,-,19.81,3.17,154.5,71,197895,68.59,10.74,18.17,Financials,-,-,-,-0.48,0.07,0.11,1.04,15.20,Equity : Tax Saving (ELSS),Nil
Shriram Flexi Cap Fund-Reg(G),Deepak Ramaraju,EQ-FLEX,Unrated,128.0,3.28,Open Ended,28-Sep-18,NIFTY 500 - TRI,19.18,20.86,17.72,-0.26,-4.01,-7.75,-2.73,-5.31,8.26,7.96,-,20.03,3.20,164.9,71,202844,67.98,10.84,17.54,Financials,-,-,-,-0.46,0.07,0.12,1.04,15.45,Equity : Flexi Cap,NIL for 12% of units and 1% for remaining units on or before 90D Nil after 90D
Shriram Liquid Fund-Reg(G),Amit Modani,DT-LIQ,Unrated,130.2,0.29,Open Ended,14-Nov-24,Nifty Liquid Fund Index,1098.95,1098.95,1037.75,0.50,1.65,3.05,5.92,-,-,-,-,-,-,0,-,-,-,-,-,-,0.10,0.10,6.13,-0.02,-0.53,-0.18,0.16,-,Debt : Liquid,0.007% for Day 1 0.0065% on Day 2 0.0060% on Day 3 0.0055% on Day 4 0.0050% on Day 5 0.0045% on Day 6 NIL on or after 7D
Shriram Money Market Fund-Reg(G),Amit Modani,DT-MM,Unrated,285.4,0.37,Open Ended,27-Jan-26,Nifty Money Market Index,1018.55,1018.55,1000.00,0.21,1.12,-,-,-,-,-,-,-,-,0,-,-,-,-,-,-,0.74,0.69,7.10,-,-,-,-,-,Debt : Money Market,NIL
Shriram Multi Asset Allocation Fund-Reg(G),Deepak Ramaraju,HY-MULTI,Unrated,138.5,2.33,Open Ended,08-Sep-23,NIFTY 50 - TRI,12.94,13.72,11.87,-0.74,-3.90,-1.16,8.53,2.37,-,-,-,20.63,3.10,113.3,66,286139,57.43,4.62,8.28,Financials,1.04,0.91,6.77,0.22,0.12,0.21,0.74,-,Hybrid : Multi Asset Allocation,NIL for 12% of units and 1% for remaining units on or before 90D Nil after 90D
Shriram Multi Sector Rotation Fund-Reg(G),Deepak Ramaraju,EQ-THEM,Unrated,170.9,3.73,Open Ended,09-Dec-24,NIFTY 500 - TRI,7.72,8.26,6.93,0.89,-2.91,-5.30,-1.67,-,-,-,-,20.82,3.31,364.3,36,113152,56.58,11.21,26.82,Financials,-,-,-,-1.55,-0.33,-0.42,1.11,-,Equity : Thematic,1% on or before 3M Nil after 3M
Shriram Nifty 1D Rate Liquid ETF,Amit Modani,DT-ETF,Unrated,38.6,0.53,Open Ended,05-Jul-24,Nifty 1D Rate Index,1106.87,1106.87,1055.66,0.40,1.17,2.32,4.87,-,-,-,-,-,-,0,-,-,-,-,-,-,0.01,0.01,5.24,-0.04,-1.83,-0.50,0.91,-,Debt : ETFs,null
Shriram Overnight Fund-Reg(G),Amit Modani,DT-ON,Unrated,128.4,0.30,Open Ended,26-Aug-22,CRISIL Liquid Overnight Index,1250.83,1250.83,11.89,0.43,1.29,2.54,5.26,5.77,6.07,-,-,-,-,0,-,-,-,-,-,-,0.01,0.01,5.37,-,-0.92,-0.22,0.91,0.18,Debt : Overnight,Nil
Sundaram Aggressive Hybrid Fund(G),S. Bharath,HY-AGR,4,8484.0,1.73,Open Ended,14-Jan-00,CRISIL Hybrid 35+65 - Aggressive Index,154.32,166.89,147.11,-1.89,-4.53,-7.65,-3.50,3.40,9.74,9.28,11.71,26.08,3.55,84.7,55,238504,52.78,9.69,7.11,Financials,3.78,2.65,6.63,-0.06,0.15,0.27,1.10,9.82,Hybrid : Aggressive Hybrid,Nil upto 25% of units within 1Y 1% in excess of limit within 1Y Nil after 1Y
Sundaram Arbitrage Fund(G),Rohit Seksaria,HY-ARB,Unrated,441.5,1.00,Open Ended,21-Apr-16,Nifty 50 Arbitrage - TRI,15.18,15.20,14.38,0.45,1.43,2.91,5.80,6.23,6.52,5.44,4.17,18.75,2.68,99.6,33,345948,54.07,14.46,1.63,Financials,0.37,-,5.08,-,-0.04,-0.02,0.25,0.40,Hybrid : Arbitrage,Nil upto 25% of units and 0.25% for remaining units on or before 15D Nil after 15D
Sundaram Balanced Advantage Fund(G),S. Bharath,HY-DYN,1,1658.4,2.08,Open Ended,16-Dec-10,NIFTY 50 Hybrid Composite Debt 50:50 Index,34.08,36.30,32.62,-1.57,-3.66,-6.21,-2.31,3.57,8.14,7.39,7.28,26.09,3.53,75.2,64,243742,55.72,11.2,6.94,Financials,6.06,3.90,7.06,-0.02,0.11,0.20,0.64,7.99,Hybrid : Dynamic Asset Allocation,Nil upto 25% of units and 1% for remaining units on or before 1Y Nil after 1Y
Sundaram Banking & PSU Fund(G),Sandeep Agarwal,DT-B&PSU,2,277.6,0.42,Open Ended,30-Dec-04,NIFTY Banking and PSU Debt Index,44.80,44.82,43.10,0.20,0.45,1.25,3.76,6.71,6.68,5.60,6.35,-,-,0,-,-,-,-,-,-,2.57,2.07,7.30,0.05,0.05,0.08,1.60,1.21,Debt : Banking & PSU,Nil
Sundaram Business Cycle Fund-Reg(G),Madanagopal Ramu,EQ-THEM,Unrated,1576.4,2.06,Open Ended,25-Jun-24,NIFTY 500 - TRI,10.42,11.31,9.03,1.78,1.47,-5.86,-3.04,-,-,-,-,30.17,4.07,84.7,42,55515,31.11,27.42,40.66,Financials,-,-,-,0.13,-0.03,-0.05,1.01,-,Equity : Thematic,1% on or before 365D Nil after 365D
Sundaram Conservative Hybrid Fund(G),Dwijendra Srivastava,HY-CON,Unrated,18.9,1.87,Open Ended,08-Mar-10,CRISIL Hybrid 85+15 - Conservative Index,29.03,30.01,28.73,-0.43,-2.44,-2.77,-2.48,2.84,4.92,6.18,6.12,22.68,3.35,0,22,480188,17.48,2.43,-,Financials,1.59,1.33,5.78,-0.19,-0.08,-0.17,1.12,3.63,Hybrid : Conservative Hybrid,Nil
Sundaram Consumption Fund(G),Anuj Bansal,EQ-CONS,2,1427.6,2.14,Open Ended,12-May-06,Nifty India Consumption - TRI,86.93,102.12,80.85,-3.70,-4.92,-13.36,-9.30,1.77,9.70,10.97,11.60,40.91,7.07,37.3,36,162110,75.67,7.75,15.02,FMCG,-,-,-,-0.18,0.13,0.23,0.95,14.53,Equity : Thematic - Consumption,0.50% on or before 30D Nil after 30D
Sundaram Corp Bond Fund(G),Dwijendra Srivastava,DT-CORP,4,616.2,0.55,Open Ended,30-Dec-04,NIFTY Corporate Bond Index,41.68,41.71,40.20,0.20,0.27,0.97,3.40,6.60,6.56,5.67,6.97,-,-,0,-,-,-,-,-,-,2.90,2.14,7.33,0.02,0.02,0.04,0.44,1.31,Debt : Corporate Bond,Nil
Sundaram Dividend Yield Fund(G),Siddarth Mohta,EQ-DIV,Unrated,855.6,2.29,Open Ended,15-Oct-04,NIFTY 500 - TRI,129.80,141.34,124.80,-2.70,-5.86,-7.39,-2.76,0.54,12.34,11.57,14.38,16.34,2.51,21.9,56,252711,72.35,8.17,8.45,Energy,-,-,-,-0.02,0.18,0.34,0.91,12.82,Equity : Thematic - Dividend Yield,Nil upto 24% of units and 1% for remaining units on or before 365D Nil after 365D
Sundaram ELSS Tax Saver Fund-Reg(G),S. Bharath,EQ-ELSS,4,1296.1,2.16,Open Ended,31-Mar-96,NIFTY 500 - TRI,479.91,532.50,450.33,-3.12,-6.48,-9.30,-4.10,2.37,10.93,11.10,13.23,22.65,2.95,43.6,54,211809,66.4,10.32,17.67,Financials,-,-,-,-0.11,0.16,0.28,0.89,12.48,Equity : Tax Saving (ELSS),Nil
Sundaram Equity Savings Fund(G),Clyton Richard Fernandes,HY-EQS,3,1079.0,2.20,Open Ended,23-May-02,NIFTY 50 Equity Savings Index,69.60,72.38,67.66,-0.87,-2.32,-3.84,-0.45,4.59,8.95,8.84,9.07,23.07,3.02,66.3,64,411389,68.01,8.14,3.89,Financials,3.04,2.27,6.48,0.30,0.17,0.33,0.81,5.44,Hybrid : Equity Savings,0.50% on or before 7D
Sundaram Fin Serv Opp Fund(G),Rohit Seksaria,EQ-FIN,4,1612.7,2.08,Open Ended,10-Jun-08,Nifty Financial Services - TRI,101.31,112.99,93.39,-2.20,-7.69,-7.48,-1.92,4.89,13.10,12.48,14.05,14.38,1.79,24.7,28,151991,58.96,8.62,28.23,Financials,-,-,-,0.34,0.18,0.33,0.93,14.68,Equity : Sectoral - Financial Services,0.50% on or before 30D Nil after 30D
Sundaram Flexi Cap Fund-Reg(G),S. Bharath,EQ-FLEX,Unrated,2003.9,2.03,Open Ended,06-Sep-22,NIFTY 500 - TRI,13.91,15.42,13.05,-3.10,-6.40,-9.21,-3.95,3.67,10.10,-,-,22.71,2.96,45.3,52,212574,65.89,10.57,17.4,Financials,-,-,-,-0.17,0.15,0.26,0.90,12.63,Equity : Flexi Cap,Nil upto 25% of units and 1% for remaining units on or before 365D Nil after 365D
Sundaram Focused Fund(G),Ashwin Jain,EQ-FOC,4,1020.0,2.24,Open Ended,11-Nov-05,NIFTY 500 - TRI,154.22,165.19,142.19,0.09,-3.14,-5.99,-2.01,2.00,10.53,9.72,12.94,29.05,4.07,33.4,28,152408,62.47,8,22.65,Financials,-,-,-,-0.19,0.14,0.24,0.86,12.15,Equity : Focused,0.25% before 7D Nil after 7D
Sundaram Global Brand Theme - Equity Active FoF(G),Shalav Saket,FOF-OVR,Unrated,162.3,2.29,Open Ended,22-Aug-07,MSCI AC World Index,43.81,43.81,33.40,5.54,7.42,10.85,32.01,16.68,18.88,12.30,12.77,-,-,-,-,-,-,-,-,-,-,-,-,0.92,0.29,0.54,0.36,-,FoFs : Overseas,Nil upto 25% of units and 1% for remaining units on or before 365D Nil after 365D
Sundaram Income Plus Arbitrage Active FoF-Reg(G),S. Bharath,FOF-DOM,Unrated,65.3,0.58,Open Ended,12-Jan-26,Nifty Short Duration Debt Index,10.18,10.18,10.00,0.33,0.96,-,-,-,-,-,-,-,-,-,-,-,-,-,-,-,-,-,-,-,-,-,-,-,FoFs : Domestic,NIL
Sundaram Infra Advantage Fund(G),Siddarth Mohta,EQ-INFRA,3,990.2,2.26,Open Ended,29-Sep-05,Nifty Infrastructure - TRI,100.92,104.28,89.81,-1.03,1.80,3.80,8.54,4.80,21.14,18.55,15.76,27.38,3.81,12.3,51,168523,61.49,13.42,20.93,Capital Goods,-,-,-,0.16,0.29,0.56,0.97,16.38,Equity : Sectoral - Infrastructure,0.50% on or before 30D Nil after 30D
Sundaram Large and Mid Cap Fund(G),Madanagopal Ramu,EQ-L&M,2,6574.8,1.82,Open Ended,27-Feb-07,NIFTY LargeMidcap 250 - TRI,84.46,89.08,76.50,0.83,-3.31,-5.03,1.87,4.59,13.58,12.99,14.23,27.63,3.79,81.1,50,96966,35.15,38.26,19.35,Financials,-,-,-,-0.19,0.19,0.33,0.96,13.95,Equity : Large & Mid Cap,Nil upto 25% of units and 1% for remaining units on or before 365D Nil after 365D
Sundaram Large Cap Fund-Reg(G),Ashwin Jain,EQ-LC,Unrated,3062.6,1.94,Open Ended,08-Oct-20,NIFTY 100 - TRI,19.87,22.02,18.97,-2.06,-6.70,-9.27,-5.43,0.92,8.27,8.71,-,23.73,3.35,31.4,37,326434,78.56,13.06,4.38,Financials,-,-,-,-0.17,0.10,0.18,0.89,11.50,Equity : Large Cap,Nil upto 25% of units and 1% for remaining units on or before 1Y Nil after 1Y
Sundaram Liquid Fund(G),Dwijendra Srivastava,DT-LIQ,1,7085.8,0.35,Open Ended,30-Aug-04,Nifty Liquid Fund Index,2430.31,2430.31,2293.13,0.48,1.63,3.06,6.01,6.59,6.79,6.00,5.00,-,-,0,-,-,-,-,-,-,0.10,0.10,6.19,0.02,0.13,0.04,0.28,0.25,Debt : Liquid,0.007% for Day 1 0.0065% on Day 2 0.0060% on Day 3 0.0055% on Day 4 0.0050% on Day 5 0.0045% on Day 6 NIL on or after 7D
Sundaram Low Duration Fund(G),Sandeep Agarwal,DT-LOWD,2,368.8,1.14,Open Ended,14-Sep-04,NIFTY Low Duration Debt Index,3617.40,3617.40,3451.81,0.20,0.86,1.91,4.85,6.35,6.40,5.64,4.11,-,-,0,-,-,-,-,-,-,0.99,0.89,7.31,0.01,-0.04,-0.03,0.80,0.57,Debt : Low Duration,Nil
Sundaram LT Micro Cap Tax Adv Fund-Sr III-Reg(G),Rohit Seksaria,EQ-ELSS,Unrated,75.0,1.17,Closed Ended,18-Nov-16,Nifty Smallcap 100,34.34,35.31,28.47,-0.12,7.21,1.22,6.70,6.48,15.57,19.09,-,32.25,3.36,16,40,12682,2.17,8.57,85.24,Financials,-,-,-,-0.12,0.20,0.38,0.82,18.62,Equity : Tax Saving (ELSS),null
Sundaram LT Micro Cap Tax Adv Fund-Sr IV-Reg(G),Rohit Seksaria,EQ-ELSS,Unrated,35.9,1.17,Closed Ended,24-Mar-17,Nifty Smallcap 100,29.93,30.78,24.86,0.04,6.96,1.00,6.92,6.84,15.80,19.36,-,31.85,3.32,16,40,12749,2.15,8.93,84.82,Financials,-,-,-,-0.09,0.20,0.39,0.81,18.43,Equity : Tax Saving (ELSS),null
Sundaram LT Micro Cap Tax Adv Fund-Sr V-Reg(G),Rohit Seksaria,EQ-ELSS,Unrated,30.6,1.17,Closed Ended,05-Jul-17,Nifty Smallcap 100,29.08,30.01,24.21,-0.49,7.12,1.43,7.33,7.52,16.38,18.76,-,30.68,3.23,17,41,12802,2.17,8.75,84.98,Financials,-,-,-,-0.04,0.21,0.42,0.81,18.38,Equity : Tax Saving (ELSS),null
Sundaram LT Micro Cap Tax Adv Fund-Sr VI-Reg(G),Rohit Seksaria,EQ-ELSS,Unrated,36.6,1.17,Closed Ended,28-Sep-17,Nifty Smallcap 100,27.46,28.41,22.92,-0.89,6.90,0.83,6.14,6.71,15.67,19.42,-,31.68,3.28,17,40,13006,2.14,9.83,83.98,Financials,-,-,-,-0.09,0.20,0.40,0.81,18.23,Equity : Tax Saving (ELSS),null
Sundaram LT Tax Adv Fund-Sr III-Reg(G),Rohit Seksaria,EQ-ELSS,Unrated,33.9,1.18,Closed Ended,28-Mar-18,BSE 500,29.81,30.73,25.03,-0.71,6.33,1.70,9.16,8.07,16.49,19.92,-,31.33,3.28,20,42,13817,3.02,9.37,83.47,Financials,-,-,-,0.41,0.22,0.43,1.12,17.64,Equity : Tax Saving (ELSS),null
Sundaram LT Tax Adv Fund-Sr IV-Reg(G),Rohit Seksaria,EQ-ELSS,Unrated,22.6,1.18,Closed Ended,29-Jun-18,BSE 500,34.79,35.72,29.15,-0.15,6.12,1.40,9.79,8.49,16.81,20.06,-,32.66,3.37,21,42,14159,3.02,12.09,81,Financials,-,-,-,0.43,0.23,0.44,1.11,17.44,Equity : Tax Saving (ELSS),null
Sundaram Medium Duration Fund(G),Dwijendra Srivastava,DT-MD,Unrated,33.6,1.86,Open Ended,18-Dec-97,NIFTY Medium Duration Debt Index,70.55,70.68,69.07,0.21,-0.20,0.43,1.77,4.87,4.76,3.87,5.19,-,-,0,-,-,-,-,-,-,3.91,3.04,7.39,-0.12,-0.34,-0.75,0.53,1.37,Debt : Medium Duration,1% on or before 12M Nil after 12M
Sundaram Mid Cap Fund-Reg(G),S. Bharath,EQ-MID,1,13378.0,1.70,Open Ended,19-Jul-02,Nifty Midcap 150 - TRI,1425.55,1467.65,1263.76,0.46,-0.03,-1.68,5.87,9.58,22.11,18.62,15.24,33.06,4.30,35.5,78,62630,15.65,66.93,13.51,Financials,-,-,-,0.13,0.32,0.59,0.93,15.86,Equity : Mid Cap,Nil upto 25% of units and 1% for remaining units on or before 365D Nil after 365D
Sundaram Money Market Fund-Reg(G),Sandeep Agarwal,DT-MM,Unrated,1955.8,0.38,Open Ended,26-Sep-18,Nifty Money Market Index,15.81,15.81,14.95,0.27,1.19,2.53,5.81,6.87,6.96,6.11,-,-,-,0,-,-,-,-,-,-,0.65,0.65,7.07,0.05,0.27,0.15,0.63,0.48,Debt : Money Market,Nil
Sundaram Multi Asset Allocation Fund-Reg(G),Rohit Seksaria,HY-MULTI,Unrated,3276.7,1.82,Open Ended,25-Jan-24,NIFTY 500 - TRI,12.97,13.98,12.05,-1.18,-4.98,-3.01,7.31,9.91,-,-,-,25.61,3.51,0,59,249128,52.43,9.25,6.67,Financials,3.60,2.93,6.50,0.45,0.21,0.35,0.57,-,Hybrid : Multi Asset Allocation,Nil upto 30% of units and 1% for remaining units on or before 365D Nil after 365D
Sundaram Multi Cap Fund(G),Rohit Seksaria,EQ-MLC,4,2806.7,1.96,Open Ended,25-Oct-00,Nifty500 Multicap 50:25:25 - TRI,363.34,398.33,333.92,-1.21,-3.90,-7.89,-2.07,2.85,13.82,13.22,14.50,24.58,3.38,48.8,70,108460,43.82,25.49,25.67,Financials,-,-,-,-0.09,0.20,0.36,0.93,14.08,Equity : Multi Cap,Nil upto 25% of units and 1% for remaining units on or before 365D Nil after 365D
Sundaram Multi-Factor Fund-Reg(G),Rohit Seksaria,EQ-THEM,Unrated,948.5,2.21,Open Ended,22-Jul-25,BSE 200 - TRI,9.81,10.68,9.05,-0.68,-4.64,-6.57,-,-,-,-,-,14.99,2.25,102.4,63,159192,54.49,37.44,2.04,Financials,-,-,-,-,-,-,-,-,Equity : Thematic,1% on or before 365D Nil after 365D
Sundaram Nifty 100 Equal Weight Fund(G),Rohit Seksaria,EQ-INDX,Unrated,138.4,1.06,Open Ended,27-Jul-99,Nifty100 Equal Weight - TRI,179.05,182.91,158.40,0.19,-0.62,-0.81,4.72,4.44,16.05,12.48,12.38,19.57,3.29,25.4,104,188953,88.19,9.93,-,Financials,-,-,-,-0.08,0.24,0.45,0.98,14.29,Equity : Index Funds,Nil
Sundaram Overnight Fund-Reg(G),Sandeep Agarwal,DT-ON,4,623.7,0.16,Open Ended,20-Mar-19,Nifty 1D Rate Index,1432.96,1432.96,1362.18,0.43,1.26,2.50,5.21,5.80,6.09,5.47,-,-,-,0,-,-,-,-,-,-,0.01,-,5.23,-0.02,-0.83,-0.21,0.85,0.19,Debt : Overnight,Nil
Sundaram Services Fund-Reg(G),Rohit Seksaria,EQ-THEM,4,4624.5,1.85,Open Ended,21-Sep-18,Nifty Services Sector - TRI,33.66,36.66,30.26,0.45,-1.04,-7.47,-1.63,8.77,14.23,14.26,-,25.73,2.92,26.7,51,113427,51.36,14.4,28.94,Financials,-,-,-,0.51,0.20,0.37,0.96,13.96,Equity : Thematic,Nil upto 25% of units and 1% for remaining units on or before 365D Nil after 365D
Sundaram Short Duration Fund(G),Dwijendra Srivastava,DT-SD,2,187.9,0.80,Open Ended,13-May-03,Nifty Short Duration Debt Index,46.16,46.16,44.30,0.22,0.53,1.58,4.05,6.72,6.61,5.83,5.57,-,-,0,-,-,-,-,-,-,1.96,1.68,7.36,0.03,0.04,0.07,0.38,1.08,Debt : Short Duration,Nil
Sundaram Small Cap Fund(G),Rohit Seksaria,EQ-SML,3,3562.9,1.91,Open Ended,15-Feb-05,Nifty Smallcap 250 - TRI,273.40,279.72,224.18,1.25,7.95,3.07,8.06,8.99,18.47,17.54,14.97,28.74,3.09,31.1,69,15330,7.5,4.43,81.84,Financials,-,-,-,0.10,0.24,0.45,0.85,18.04,Equity : Small Cap,Nil upto 25% of units and 1% for remaining units on or before 365D Nil after 365D
Sundaram Ultra Short Duration Fund(G),Sandeep Agarwal,DT-USD,1,1816.8,1.37,Open Ended,28-Dec-07,NIFTY Ultra Short Duration Debt Index,2805.46,2805.46,2676.42,0.28,1.15,2.22,4.89,5.74,5.87,5.11,4.89,-,-,0,-,-,-,-,-,-,0.57,0.54,7.03,-0.04,-0.46,-0.25,0.51,0.39,Debt : Ultra Short Duration,Nil
Sundaram Value Fund-Reg(G),S. Bharath,EQ-ELSS,2,1323.0,2.17,Open Ended,02-May-05,NIFTY 500 - TRI,205.57,230.09,194.37,-3.38,-7.51,-9.42,-4.83,1.83,8.74,9.90,10.87,16.90,2.55,46.3,52,172029,64.28,10.51,23.56,Financials,-,-,-,-0.28,0.11,0.20,0.89,12.47,Equity : Tax Saving (ELSS),1% on or before 365D Nil after 365D
Tata Aggressive Hybrid Fund-Reg(G),Satish Chandra Mishra,HY-AGR,3,3864.7,1.63,Open Ended,08-Oct-95,CRISIL Hybrid 35+65 - Aggressive Index,425.18,456.11,397.65,-0.85,-3.98,-5.96,-1.82,2.74,8.41,9.28,9.62,23.58,3.09,28.59,44,188427,56.84,6.49,9.53,Financials,6.08,3.54,7.74,-0.20,0.10,0.17,1.12,10.08,Hybrid : Aggressive Hybrid,0.50% on or before 30D Nil after 30D
Tata Arbitrage Fund-Reg(G),Sailesh Jain,HY-ARB,5,21823.9,0.90,Open Ended,18-Dec-18,Nifty 50 Arbitrage,15.09,15.11,14.29,0.33,1.25,2.81,5.75,6.32,6.74,5.83,-,19.11,2.64,291.63,140,223674,46.69,15.16,3.13,Financials,0.56,0.54,7.01,-0.02,0.09,0.05,0.48,0.45,Hybrid : Arbitrage,0.25% on or before 15D
Tata Balanced Adv Fund-Reg(G),Rahul Singh (Tata),HY-DYN,4,9128.0,1.51,Open Ended,28-Jan-19,CRISIL Hybrid 50+50 - Moderate Index,20.44,21.20,19.37,-0.48,-2.10,-2.88,0.94,3.38,8.66,8.63,-,25.60,3.34,31.9,66,205828,46.63,11.27,7.01,Financials,7.27,3.90,7.52,0.04,0.13,0.24,0.56,7.14,Hybrid : Dynamic Asset Allocation,0.50% on or before 30D Nil after 30D
Tata Banking & Financial Services Fund-Reg(G),Kapil Malhotra,EQ-FIN,2,3043.2,1.67,Open Ended,28-Dec-15,Nifty Financial Services - TRI,41.28,46.31,38.62,-2.08,-8.52,-8.90,-2.51,8.08,11.49,10.81,14.21,18.48,2.33,62.77,30,185807,63.53,19.54,14.94,Financials,-,-,-,0.24,0.15,0.28,0.93,14.39,Equity : Sectoral - Financial Services,0.25% on or before 30D
Tata BSE Multicap Consumption 50:30:20 Index Fund-Reg(G),Nitin Sharma,EQ-INDX,Unrated,44.3,0.90,Open Ended,29-Dec-25,BSE Multicap Consumption 50:30:20 Index - TRI,9.17,10.11,8.34,-2.78,-4.28,-,-,-,-,-,-,29.34,5.53,21,100,96714,48.39,31.05,20.63,Automobile and Ancillaries,-,-,-,-,-,-,-,-,Equity : Index Funds,0.25% on or before 15D Nil after 15D
Tata BSE Quality Index Fund-Reg(G),Nitin Sharma,EQ-INDX,Unrated,57.2,0.90,Open Ended,03-Apr-25,BSE Quality Index - TRI,11.41,11.72,10.06,-1.41,2.83,0.24,2.81,-,-,-,-,30.00,9.92,104.53,30,153330,59.73,37.36,2.93,FMCG,-,-,-,0.02,0.15,0.35,0.98,-,Equity : Index Funds,0.25% on or before 15D Nil after 15D
Tata BSE Select Business Groups Index Fund-Reg(G),Nitin Sharma,EQ-INDX,Unrated,239.4,0.90,Open Ended,12-Dec-24,BSE Select Business Groups Index - TRI,10.23,10.71,9.08,-0.30,0.26,-2.97,4.90,-,-,-,-,20.77,3.29,34.22,30,444309,95.85,3.95,0.31,Energy,-,-,-,0.45,0.02,0.03,1.17,-,Equity : Index Funds,0.25% on or before 15D
Tata BSE Sensex Index Fund-Reg(G),Nitin Sharma,EQ-INDX,1,384.6,0.51,Open Ended,25-Feb-03,BSE SENSEX - TRI,187.55,215.61,180.60,-3.33,-8.59,-13.30,-8.43,0.87,6.55,8.07,11.27,21.37,3.11,23.5,30,648956,99.99,-,-,Financials,-,-,-,-0.22,0.05,0.09,1.00,12.24,Equity : Index Funds,0.25% on or before 7D Nil after 7D
Tata Business Cycle Fund-Reg(G),Rahul Singh (Tata),EQ-THEM,Unrated,2637.2,1.70,Open Ended,04-Aug-21,NIFTY 500 - TRI,18.58,19.32,16.45,0.87,0.52,-2.85,0.49,1.54,15.23,-,-,27.94,3.16,53.14,56,90889,49.63,21.41,24.11,Financials,-,-,-,0.12,0.21,0.40,1.02,14.33,Equity : Thematic,0.50% on or before 30D Nil after 30D
Tata Childrens Fund-Reg(G),Rahul Singh (Tata),EQ-FLEX,4,331.2,2.09,Open Ended,14-Oct-95,NIFTY 500 - TRI,55.02,63.12,50.88,-1.55,-5.34,-10.71,-10.31,-0.69,7.27,8.77,10.10,-,-,12.47,52,85807,48.05,13.59,35.33,Financials,1.86,1.55,5.57,-0.42,0.08,0.14,0.96,13.52,Equity : Flexi Cap,Compulsory Lock-in Option 5Y or till the child attains age of majority (whichever is earlier). 1% - If redeemed before child attains 18Y of age
Tata Corp Bond Fund-Reg(G),Puja Kasat,DT-CORP,Unrated,3853.8,0.74,Open Ended,01-Dec-21,CRISIL Corporate Bond Index,12.80,12.82,12.38,0.16,0.08,0.97,2.92,6.38,6.47,-,-,-,-,0,-,-,-,-,-,-,4.50,3.00,7.70,0.02,0.01,0.01,0.48,1.39,Debt : Corporate Bond,Nil
Tata Digital India Fund-Reg(G),Meeta Shetty,EQ-TECH,Unrated,9697.4,1.51,Open Ended,28-Dec-15,NIFTY IT - TRI,40.71,50.28,37.33,1.41,-0.59,-18.04,-15.71,0.20,7.40,7.94,14.14,24.92,4.96,23.68,45,159153,60.47,13.75,16.22,Technology,-,-,-,0.27,0.07,0.12,0.84,19.88,Equity : Sectoral - Technology,0.25% on or before 30D
Tata Dividend Yield Fund-Reg(G),Sailesh Jain,EQ-DIV,Unrated,1043.9,1.91,Open Ended,20-May-21,NIFTY 500 - TRI,19.02,19.52,16.68,0.11,1.74,0.50,8.14,4.86,15.88,13.60,-,24.77,3.47,29.59,75,138562,58.81,20.3,16.27,Financials,-,-,-,0.15,0.22,0.41,1.06,15.01,Equity : Thematic - Dividend Yield,0.50% on or before 30D Nil after 30D
Tata ELSS Fund-Reg(G),Sailesh Jain,EQ-ELSS,2,4519.1,1.62,Open Ended,13-Oct-14,NIFTY 500 - TRI,44.68,46.83,40.55,-0.80,-2.69,-3.80,2.19,6.61,14.03,12.78,13.77,24.38,3.40,34.81,65,152681,60.82,17.04,19.42,Financials,-,-,-,0.04,0.20,0.37,1.01,14.18,Equity : Tax Saving (ELSS),Nil
Tata Equity Savings Fund-Reg(G),Sailesh Jain,HY-EQS,2,284.6,1.14,Open Ended,27-Apr-00,NIFTY 50 Equity Savings Index,56.36,56.73,54.61,0.34,-0.11,1.84,6.88,7.47,9.84,8.01,-,13.91,2.73,21.14,39,443758,62.27,6.66,0.67,Financials,3.33,2.50,6.01,0.21,0.28,0.73,0.54,-,Hybrid : Equity Savings,0.25% on or before 7D Nil after 7D
Tata Ethical Fund-Reg(G),Abhinav Sharma,EQ-THEM,4,3703.8,1.64,Open Ended,24-May-96,Nifty500 Shariah - TRI,364.40,395.95,334.69,-0.09,-3.00,-7.21,-4.78,-1.10,7.01,8.90,11.04,26.26,3.93,18.34,60,110878,55.12,22.18,16.08,Technology,-,-,-,-0.24,0.07,0.13,0.87,12.97,Equity : Thematic,0.50% on or before 90D Nil after 90D
Tata Flexi Cap Fund-Reg(G),Anand Sharma,EQ-FLEX,2,3633.3,1.64,Open Ended,06-Sep-18,NIFTY 500 - TRI,23.12,25.18,21.55,-1.65,-4.93,-7.41,-3.55,4.78,12.19,10.22,-,24.04,2.98,60.2,55,175872,63.2,13.5,15.55,Financials,-,-,-,0.02,0.19,0.35,0.87,12.42,Equity : Flexi Cap,0.50% on or before 30D Nil after 30D
Tata Floating Rate Fund-Reg(G),Akhil Mittal,DT-FL,Unrated,110.8,0.63,Open Ended,07-Jul-21,CRISIL Short Duration Debt Index,13.37,13.37,12.77,0.17,0.76,1.88,4.51,6.88,6.90,-,-,-,-,0,-,-,-,-,-,-,1.74,1.07,7.25,0.04,0.11,0.15,0.29,1.05,Debt : Floater,NIL
Tata Focused Fund-Reg(G),Anand Sharma,EQ-FOC,Unrated,1745.4,1.79,Open Ended,05-Dec-19,NIFTY 500 - TRI,22.54,24.06,20.59,0.42,-2.98,-5.90,-0.68,2.99,12.02,11.36,-,24.59,3.17,67.01,25,228821,72.43,12.34,9.23,Financials,-,-,-,-0.09,0.16,0.29,0.97,13.70,Equity : Focused,0.50% on or before 30D Nil after 30D
Tata Gilt Securities Fund-Reg(G),Akhil Mittal,DT-GILT,1,1060.8,1.19,Open Ended,04-Sep-99,CRISIL Dynamic Gilt Index,77.60,79.42,75.53,-0.01,-1.61,-0.39,-2.18,3.94,4.66,4.60,5.86,-,-,0,-,-,-,-,-,-,26.80,10.56,7.35,-0.09,-0.13,-0.23,1.17,3.43,Debt : Gilt,Nil
Tata Gold ETF,Tapan Patel,PM-ETF,Unrated,5857.9,0.30,Open Ended,12-Jan-24,Gold-India,15.10,16.89,9.33,3.31,-2.36,18.78,59.24,45.15,-,-,-,-,-,-,-,-,-,-,-,-,-,-,-,2.93,0.61,1.43,0.56,-,Metal : ETFs,null
Tata Gold ETF FoF-Reg(G),Tapan Patel,FOF-DOM,Unrated,1364.2,0.57,Open Ended,19-Jan-24,Gold-India,23.58,27.02,14.88,3.16,-3.08,19.03,57.61,43.29,-,-,-,-,-,10.44,-,-,-,-,-,-,-,-,-,2.84,0.57,1.35,0.50,-,FoFs : Domestic,0.50% on or before 7D Nil after 7D
Tata Housing Opportunities Fund-Reg(G),Murthy Nagarajan,EQ-THEM,Unrated,476.1,2.10,Open Ended,02-Sep-22,Nifty Housing - TRI,14.31,15.83,12.66,-1.10,-4.24,-5.78,-3.81,-1.69,8.95,-,-,23.69,2.79,61.22,29,110345,52.35,14.24,24.95,Construction,-,-,-,-0.33,0.10,0.17,1.00,17.42,Equity : Thematic,1% on or before 30D Nil after 30D
Tata Income Plus Arbitrage Active FOF-Reg(G),Sailesh Jain,FOF-DOM,Unrated,248.1,0.54,Open Ended,20-May-25,CRISIL Composite Bond Index,10.43,10.43,10.01,0.23,0.55,1.71,4.05,-,-,-,-,-,-,0,-,-,-,-,-,-,4.50,3.00,7.64,-0.05,-0.80,-1.52,0.40,-,FoFs : Domestic,0.25% on or before 30D Nil after 30D
Tata India Consumer Fund-Reg(G),Sonam Udasi,EQ-CONS,2,2590.6,1.70,Open Ended,28-Dec-15,Nifty India Consumption - TRI,43.50,46.69,38.36,-1.28,2.92,-5.55,0.76,6.71,13.70,13.99,15.85,51.37,8.71,60.17,33,90201,54.65,16.99,23.73,FMCG,-,-,-,0.13,0.19,0.35,0.97,15.40,Equity : Thematic - Consumption,0.25% on or before 30D
Tata India Innovation Fund-Reg(G),Meeta Shetty,EQ-THEM,Unrated,1363.3,1.84,Open Ended,28-Nov-24,NIFTY 500 - TRI,9.53,10.14,8.33,3.32,2.52,-5.53,0.20,-,-,-,-,28.90,3.86,47.65,62,97543,46.4,16.17,32.46,Financials,-,-,-,-0.36,-0.15,-0.24,1.00,-,Equity : Thematic,0.50% on or before 30D Nil after 30D
Tata India Pharma & Healthcare Fund-Reg(G),Rajat Srivastava,EQ-PHRM,1,1325.2,1.84,Open Ended,28-Dec-15,BSE Health Care - TRI,30.80,31.81,27.91,3.13,3.13,0.71,5.90,10.90,21.41,12.96,12.66,41.64,5.89,88.46,37,49836,30.33,29,40.25,Healthcare,-,-,-,1.13,0.33,0.72,0.70,14.86,Equity : Sectoral - Pharma,0.25% on or before 30D
Tata Infrastructure Fund-Reg(G),Abhinav Sharma,EQ-INFRA,3,2084.2,1.75,Open Ended,31-Dec-04,BSE India Infrastructure Index - TRI,178.40,182.13,150.67,0.64,5.05,5.52,4.25,-2.00,17.20,18.58,15.72,30.96,3.56,8.42,54,58832,41.48,15.87,36.21,Infrastructure,-,-,-,0.63,0.20,0.38,1.17,19.11,Equity : Sectoral - Infrastructure,0.25% on or before 30D
Tata Large & Mid Cap Fund-Reg(G),Chandraprakash Padiyar,EQ-L&M,2,7802.2,1.53,Open Ended,25-Feb-93,NIFTY LargeMidcap 250 - TRI,480.90,538.85,432.64,-0.29,-3.73,-8.78,-6.92,-0.12,8.34,10.40,12.43,21.76,2.85,21.89,51,124363,41.13,37.11,17.55,Financials,-,-,-,-0.56,0.09,0.15,0.93,13.70,Equity : Large & Mid Cap,0.50% on or before 30D Nil after 30D
Tata Large Cap Fund-Reg(G),Abhinav Sharma,EQ-LC,3,2687.6,1.69,Open Ended,07-May-98,NIFTY 100 - TRI,491.68,532.20,452.01,-1.40,-4.77,-6.87,-1.12,2.71,11.45,10.91,11.73,22.62,3.25,50.03,42,353273,87.26,5.4,5.03,Financials,-,-,-,0.04,0.16,0.28,1.00,12.92,Equity : Large Cap,0.50% on or before 30D Nil after 30D
Tata Liquid Fund-Reg(G),Harsh Dave,DT-LIQ,4,27400.4,0.28,Open Ended,01-Sep-04,CRISIL Liquid Debt Index,4344.31,4344.31,4093.89,0.49,1.65,3.13,6.14,6.68,6.85,6.02,6.05,-,-,0,-,-,-,-,-,-,0.12,0.12,6.37,-,0.20,0.06,1.08,0.24,Debt : Liquid,0.007% for Day 1 0.0065% on Day 2 0.0060% on Day 3 0.0055% on Day 4 0.0050% on Day 5 0.0045% on Day 6 NIL on or after 7D
Tata Mid Cap Fund-Reg(G),Satish Chandra Mishra,EQ-MID,3,5604.4,1.58,Open Ended,01-Jul-94,Nifty Midcap 150 - TRI,441.28,457.33,396.87,0.02,-0.70,-2.14,6.35,4.61,18.03,16.21,16.34,31.08,3.55,30.52,62,67089,15.57,67.93,10.13,Financials,-,-,-,-0.05,0.27,0.52,0.88,15.20,Equity : Mid Cap,0.50% on or before 30D Nil after 30D
Tata Money Market Fund-Reg(G),Amit Somani,DT-MM,4,37476.5,0.36,Open Ended,22-May-03,CRISIL Money Market Index,4982.50,4982.50,4708.28,0.25,1.23,2.61,5.89,6.97,7.13,6.33,5.82,-,-,0,-,-,-,-,-,-,0.64,0.64,7.05,0.06,0.35,0.19,0.65,0.50,Debt : Money Market,Nil
Tata Multi Asset Allocation Fund-Reg(G),Rahul Singh (Tata),HY-MULTI,Unrated,5001.0,1.59,Open Ended,04-Mar-20,BSE 200,24.95,25.80,23.04,0.59,-1.29,-0.90,8.28,8.69,13.94,12.37,-,18.77,2.92,16.7,75,145493,42.91,8.98,12.42,Financials,3.39,2.43,7.74,0.33,0.28,0.51,0.63,8.51,Hybrid : Multi Asset Allocation,0.50% on or before 30D Nil after 30D
Tata Multicap Fund-Reg(G),Meeta Shetty,EQ-MLC,Unrated,3215.7,1.66,Open Ended,02-Feb-23,Nifty500 Multicap 50:25:25 - TRI,14.82,15.11,13.01,1.58,1.48,-0.05,6.79,5.07,11.77,-,-,22.12,3.01,46.85,82,85381,46.08,25.38,24.08,Financials,-,-,-,-0.27,0.15,0.27,0.95,14.59,Equity : Multi Cap,0.50% on or before 30D Nil after 30D
Tata Nifty 50 ETF,Nitin Sharma,EQ-ETF,Unrated,709.0,0.07,Open Ended,01-Jan-19,NIFTY 50 - TRI,254.35,284.58,241.48,-2.42,-6.98,-10.44,-4.59,3.09,9.27,9.70,-,19.98,3.02,3.6,50,532522,99.3,0.67,-,Financials,-,-,-,-0.01,0.11,0.20,1.00,12.14,Equity : ETFs,null
Tata NIFTY 50 Index Fund-Reg(G),Nitin Sharma,EQ-INDX,3,1634.7,0.45,Open Ended,25-Feb-03,NIFTY 50 - TRI,146.13,163.86,138.86,-2.45,-7.12,-10.67,-5.09,2.53,8.68,9.14,11.70,19.98,3.02,8.59,50,532522,99.35,0.67,-,Financials,-,-,-,-0.05,0.10,0.18,1.00,12.15,Equity : Index Funds,0.25% on or before 7D Nil after 7D
Tata Nifty Auto Index Fund-Reg(G),Nitin Sharma,EQ-AUTO,Unrated,94.7,0.90,Open Ended,26-Apr-24,NIFTY AUTO - TRI,11.67,12.96,10.41,-0.05,-8.16,-7.76,10.86,5.26,-,-,-,13.79,4.22,25.83,15,199174,80.59,17.84,1.42,Automobile and Ancillaries,-,-,-,-0.10,0.06,0.10,1.00,-,Equity : Sectoral - Auto,0.25% on or before 15D Nil after 15D
Tata Nifty Capital Markets Index Fund-Reg(G),Nitin Sharma,EQ-INDX,Unrated,644.1,0.90,Open Ended,24-Oct-24,Nifty Capital Markets Index - TRI,14.37,15.27,11.09,2.41,16.35,11.43,25.15,-,-,-,-,44.27,11.20,30.02,17,64380,40.76,31.49,28.2,Financials,-,-,-,-1.59,0.23,0.51,1.00,-,Equity : Index Funds,0.25% on or before 15D
Tata Nifty Financial Services Index Fund-Reg(G),Nitin Sharma,EQ-INDX,Unrated,68.2,0.90,Open Ended,26-Apr-24,Nifty Financial Services - TRI,11.49,13.17,10.88,-2.46,-10.35,-10.47,-5.87,6.24,-,-,-,17.61,2.33,116.87,20,446975,94.51,4.78,0.77,Financials,-,-,-,-0.12,0.06,0.10,1.00,-,Equity : Index Funds,0.25% on or before 15D Nil after 15D
Tata Nifty G-Sec Dec 2026 Index Fund-Reg(G),Amit Somani,DT-MD,Unrated,73.6,0.36,Open Ended,16-Jan-23,Nifty G-sec Dec 2026 Index,12.52,12.52,11.90,0.38,1.09,2.45,5.27,6.83,6.65,-,-,-,-,0,-,-,-,-,-,-,0.55,0.52,5.78,0.02,0.08,0.08,0.24,0.78,Debt : Medium Duration,Nil
Tata Nifty G-Sec Dec 2029 Index Fund-Reg(G),Murthy Nagarajan,DT-M&LD,Unrated,134.6,0.39,Open Ended,13-Jan-23,Nifty G-Sec Dec 2029 Index,12.69,12.73,12.22,0.15,-0.20,1.14,3.35,7.15,6.85,-,-,-,-,0,-,-,-,-,-,-,3.21,2.80,6.56,0.06,0.09,0.18,0.62,1.73,Debt : Medium to Long Duration,Nil
Tata Nifty India Digital ETF,Nitin Sharma,EQ-ETF,Unrated,166.8,0.35,Open Ended,31-Mar-22,Nifty India Digital - TRI,84.01,100.55,75.51,2.15,0.91,-16.21,-8.80,4.22,13.22,-,-,26.87,5.15,37.4,51,130316,50.13,37.95,11.79,Technology,-,-,-,-0.04,0.15,0.26,1.00,18.43,Equity : ETFs,null
Tata Nifty India Digital ETF FoF-Reg(G),Nitin Sharma,FOF-DOM,Unrated,113.2,0.43,Open Ended,13-Apr-22,Nifty India Digital - TRI,12.85,15.54,11.53,1.48,-0.61,-17.23,-9.54,3.12,12.13,-,-,-,-,-,30,-,-,-,-,-,-,-,-,-0.10,0.14,0.24,0.97,17.96,FoFs : Domestic,Nil upto 12% of investment and 1% for remaining investments on or before 365D Nil after 365D
Tata Nifty India Tourism Index Fund-Reg(G),Nitin Sharma,EQ-INDX,Unrated,243.4,0.90,Open Ended,24-Jul-24,Nifty India Tourism Index - TRI,8.22,10.77,7.38,-1.77,-7.80,-20.41,-19.81,-,-,-,-,52.56,7.92,44.5,15,56200,19.3,61.27,19.47,Travel,-,-,-,-0.11,-0.19,-0.30,1.00,-,Equity : Index Funds,0.25% on or before 15D
Tata Nifty Midcap 150 Index Fund-Reg(G),Nitin Sharma,EQ-INDX,Unrated,270.0,0.90,Open Ended,19-Jun-25,Nifty Midcap 150 - TRI,10.50,10.78,9.16,1.15,1.62,-0.95,-,-,-,-,-,28.44,3.87,49.88,150,68102,11.69,85.69,3.58,Financials,-,-,-,-,-,-,-,-,Equity : Index Funds,0.50% on or before 30D Nil after 30D
Tata Nifty Midcap 150 Momentum 50 Index Fund-Reg(G),Nitin Sharma,EQ-INDX,Unrated,1123.2,0.90,Open Ended,20-Oct-22,Nifty Midcap150 Momentum 50 - TRI,17.83,18.47,15.63,1.86,0.76,-2.39,1.29,0.85,19.68,-,-,24.53,3.95,96.96,50,85465,32.61,67.14,0.34,Financials,-,-,-,-0.14,0.24,0.43,1.00,19.09,Equity : Index Funds,0.25% on or before 90D Nil after 90D
Tata Nifty MidSmall Healthcare Index Fund-Reg(G),Nitin Sharma,EQ-INDX,Unrated,163.8,0.90,Open Ended,26-Apr-24,Nifty MidSmall Healthcare - TRI,13.67,14.16,11.87,5.68,7.94,7.37,14.41,17.70,-,-,-,40.62,4.70,32.9,30,46938,-,69.03,31.04,Healthcare,-,-,-,-0.11,0.22,0.45,1.00,-,Equity : Index Funds,0.25% on or before 15D Nil after 15D
Tata Nifty Next 50 Index Fund-Reg(G),Nitin Sharma,EQ-INDX,Unrated,117.2,0.90,Open Ended,01-Oct-25,NIFTY NEXT 50 - TRI,10.26,10.53,8.84,0.35,0.20,0.77,-,-,-,-,-,19.51,3.34,38.22,54,98962,84.63,12.18,-,Financials,-,-,-,-,-,-,-,-,Equity : Index Funds,0.25% on or before 15D Nil after 15D
Tata Nifty Pvt Bank ETF,Nitin Sharma,EQ-ETF,Unrated,10.6,0.13,Open Ended,30-Aug-19,Nifty Private Bank - TRI,268.51,301.36,249.36,-0.83,-8.93,-9.33,-4.96,4.06,5.62,7.48,-,17.74,1.89,22.35,10,399398,80.61,16.26,2.92,Financials,-,-,-,-0.01,0.02,0.03,1.00,14.64,Equity : ETFs,null
Tata Nifty Realty Index Fund-Reg(G),Nitin Sharma,EQ-INDX,Unrated,48.4,0.90,Open Ended,26-Apr-24,NIFTY REALTY - TRI,7.81,10.59,6.59,-3.28,-1.92,-14.62,-19.74,-13.87,-,-,-,35.42,3.58,87.85,10,60967,18.94,64.9,16.38,Construction,-,-,-,-0.11,-0.11,-0.20,1.00,-,Equity : Index Funds,0.25% on or before 15D Nil after 15D
Tata Nifty SDL Plus AAA PSU Bond Dec 2027 60:40 Index Fund-Reg(G),Murthy Nagarajan,DT-M&LD,Unrated,641.6,0.41,Open Ended,30-Mar-22,Nifty SDL Plus AAA PSU Bond Dec 2027 60: 40 Index - TRI,12.95,12.95,12.40,0.13,0.53,1.74,4.38,7.03,6.79,-,-,-,-,0,-,-,-,-,-,-,1.53,1.37,6.94,0.04,0.10,0.15,0.36,1.08,Debt : Medium to Long Duration,Nil
Tata Nifty200 Alpha 30 Index Fund-Reg(G),Nitin Sharma,EQ-INDX,Unrated,191.1,0.90,Open Ended,05-Sep-24,Nifty200 Alpha 30 - TRI,8.57,8.88,7.43,2.04,-0.10,-2.24,3.57,-,-,-,-,22.74,3.54,172.9,34,85727,45.74,52.21,-,Financials,-,-,-,-0.16,-0.15,-0.24,1.00,-,Equity : Index Funds,0.25% on or before 15D
Tata Nifty500 Multicap India Manufacturing 50:30:20 Index Fund-Reg(G),Nitin Sharma,EQ-INDX,Unrated,124.3,0.90,Open Ended,26-Apr-24,Nifty500 Multicap India Manufacturing 50:30:20 - TRI,11.74,12.15,10.52,0.04,0.62,-0.13,8.00,6.76,-,-,-,22.89,3.76,31.48,75,132093,52.1,27.96,19.93,Automobile and Ancillaries,-,-,-,-0.10,0.08,0.15,1.00,-,Equity : Index Funds,0.25% on or before 15D Nil after 15D
Tata Nifty500 Multicap Infrastructure 50:30:20 Index Fund-Reg(G),Nitin Sharma,EQ-INDX,Unrated,72.8,0.90,Open Ended,26-Apr-24,Nifty500 Multicap Infrastructure 50:30:20 - TRI,10.72,11.14,9.58,-1.35,0.09,-2.46,1.88,2.81,-,-,-,24.27,3.36,31.83,75,154017,50.6,30.9,18.07,Energy,-,-,-,-0.09,0.01,0.01,1.00,-,Equity : Index Funds,0.25% on or before 15D Nil after 15D
Tata Overnight Fund-Reg(G),Jennifer Karkaria,DT-ON,4,4376.2,0.17,Open Ended,27-Mar-19,CRISIL Liquid Overnight Index,1422.81,1422.81,1351.96,0.43,1.28,2.53,5.26,5.83,6.12,5.48,-,-,-,0,-,-,-,-,-,-,-,-,5.34,0.01,-0.82,-0.20,0.98,0.18,Debt : Overnight,Nil
Tata Resources & Energy Fund-Reg(G),Satish Chandra Mishra,EQ-POWER,Unrated,1343.3,1.84,Open Ended,28-Dec-15,NIFTY COMMODITIES - TRI,49.04,50.26,42.45,0.17,3.51,8.38,11.62,7.75,18.64,13.74,16.37,18.38,2.51,15.74,49,47993,51.7,13.7,25.55,Energy,-,-,-,-0.08,0.25,0.52,0.91,15.17,Equity : Sectoral - Energy / Power,0.25% on or before 30D
Tata Retirement Sav Fund - Cons Plan(G),Sonam Udasi,HY-CON,2,164.3,1.84,Open Ended,04-Nov-11,CRISIL Short Term Debt Hybrid 75+25 Index,32.06,32.25,30.54,0.35,0.85,-0.18,1.43,4.64,7.22,5.98,7.52,-,-,0,50,119983,17.93,5.64,5.68,Financials,9.30,5.08,7.03,-0.12,0.08,0.17,1.23,4.76,Hybrid : Conservative Hybrid,Nil on or after age of 60Y 1% before 61 months from the Date of allotment
Tata Retirement Sav Fund - Mod Plan(G),Sonam Udasi,HY-AGR,3,2113.7,1.75,Open Ended,04-Nov-11,CRISIL Hybrid 25+75 - Aggressive Index,65.15,66.28,57.25,0.92,3.89,-0.91,1.86,6.60,12.94,10.68,12.24,-,-,42.35,51,114378,48.54,17.12,16.58,Financials,-,-,-,0.32,0.19,0.36,0.87,12.55,Hybrid : Aggressive Hybrid,Nil on or after age of 60Y 1% before 61 months from the Date of allotment
Tata Retirement Sav Fund - Prog Plan(G),Sonam Udasi,EQ-FLEX,4,2086.4,1.75,Open Ended,04-Nov-11,NIFTY 500 - TRI,65.96,67.70,56.72,1.22,4.97,-0.65,1.40,5.93,14.11,11.08,13.29,-,-,52.5,50,119191,56.9,19.98,18.16,Financials,-,-,-,0.04,0.19,0.36,1.01,14.83,Equity : Flexi Cap,Nil on or after age of 60Y 1% before 61 months from the Date of allotment
Tata Silver ETF,Tapan Patel,PM-ETF,Unrated,5368.2,0.33,Open Ended,12-Jan-24,Silver,25.52,38.52,9.83,9.49,-1.18,47.87,165.40,66.13,-,-,-,-,-,-,-,-,-,-,-,-,-,-,-,5.15,0.43,1.12,-3.77,-,Metal : ETFs,null
Tata Silver ETF FoF-Reg(G),Tapan Patel,FOF-DOM,Unrated,1066.4,0.51,Open Ended,19-Jan-24,Silver,34.08,46.34,13.62,9.43,-1.44,49.00,155.17,63.29,-,-,-,-,-,29.22,-,-,-,-,-,-,-,-,-,4.92,0.42,1.15,-2.92,-,FoFs : Domestic,0.50% on or before 7D Nil after 7D
Tata Small Cap Fund-Reg(G),Chandraprakash Padiyar,EQ-SML,3,11329.9,1.48,Open Ended,12-Nov-18,Nifty Smallcap 250 - TRI,35.61,42.17,30.26,1.75,3.63,-5.31,-9.63,-0.06,11.14,15.01,-,28.70,2.78,11.48,63,8535,-,7.02,84.73,Capital Goods,-,-,-,-0.49,0.12,0.22,0.86,18.40,Equity : Small Cap,0.50% on or before 30D Nil after 30D
Tata ST Bond Fund-Reg(G),Amit Somani,DT-SD,3,3141.8,1.00,Open Ended,08-Aug-02,CRISIL Short Duration Debt Index,49.59,49.63,47.92,0.15,0.39,1.21,3.27,6.07,6.08,5.30,5.67,-,-,0,-,-,-,-,-,-,2.33,1.89,7.45,-0.02,-0.09,-0.14,0.39,1.12,Debt : Short Duration,Nil
Tata Treasury Advantage Fund-Reg(G),Akhil Mittal,DT-LOWD,3,2859.3,0.51,Open Ended,06-Sep-05,CRISIL Low Duration Debt Index,4131.43,4131.43,3920.35,0.30,1.09,2.32,5.45,6.71,6.76,5.92,5.98,-,-,0,-,-,-,-,-,-,1.14,0.91,7.25,-0.02,0.13,0.09,1.17,0.54,Debt : Low Duration,Nil
Tata Ultra Short Term Fund-Reg(G),Dhawal Joshi,DT-USD,3,5712.9,0.99,Open Ended,22-Jan-19,CRISIL Ultra Short Term Debt Index,14.91,14.91,14.12,0.31,1.41,2.64,5.66,6.42,6.49,5.64,-,-,-,0,-,-,-,-,-,-,0.55,0.43,7.15,-0.03,-0.02,-0.01,0.96,0.37,Debt : Ultra Short Duration,Nil
Tata Value Fund(G),Sonam Udasi,EQ-VAL,1,8591.5,1.52,Open Ended,29-Jun-04,NIFTY 500 - TRI,336.58,366.22,317.45,-2.35,-4.70,-7.37,-1.20,1.35,14.70,14.21,14.65,15.54,2.72,52.8,44,118998,64.53,19.36,8.66,Financials,-,-,-,0.10,0.21,0.39,1.02,14.51,Equity : Value / Contra,0.50% on or before 30D Nil after 30D
Taurus Banking & Fin Serv Fund-Reg(G),Anuj Kapil,EQ-FIN,Unrated,11.4,2.08,Open Ended,22-May-12,BSE BANKEX - TRI,50.78,56.22,47.78,-3.14,-7.20,-8.72,-5.73,2.95,8.06,9.17,12.29,13.32,1.82,63,23,214184,70.59,4.79,19.46,Financials,-,-,-,-0.11,0.07,0.14,0.99,13.52,Equity : Sectoral - Financial Services,1% on or before 365D Nil after 365D
Taurus ELSS Tax Saver Fund-Reg(G),Anuj Kapil,EQ-ELSS,Unrated,70.9,2.07,Open Ended,31-Mar-96,BSE 500 - TRI,173.47,191.24,158.77,-1.69,-2.25,-7.82,-6.01,2.68,11.29,10.96,12.56,16.91,2.95,68,30,137718,66.6,11.82,19.57,Financials,-,-,-,0.21,0.16,0.31,0.94,12.96,Equity : Tax Saving (ELSS),Nil
Taurus Ethical Fund-Reg(G),Anuj Kapil,EQ-MLC,Unrated,394.6,2.10,Open Ended,06-Apr-09,BSE 500 Shariah - TRI,125.38,131.24,113.86,-0.25,-1.12,-4.20,-0.73,1.82,13.68,10.51,12.33,19.86,3.79,76,57,110344,44.56,36.11,17.52,Energy,-,-,-,0.41,0.20,0.39,0.97,14.03,Equity : Multi Cap,1% on or before 365D Nil after 365D
Taurus Flexi Cap Fund-Reg(G),Anuj Kapil,EQ-FLEX,1,343.6,2.09,Open Ended,29-Jan-94,BSE 500 - TRI,218.00,231.78,194.23,-0.93,-1.50,-5.42,-2.73,0.54,11.94,10.17,9.67,17.15,2.68,88,42,112678,59.51,7.95,24.38,Financials,-,-,2.90,0.21,0.15,0.29,1.01,13.81,Equity : Flexi Cap,1% on or before 365D Nil after 365D
Taurus Infrastructure Fund-Reg(G),Anuj Kapil,EQ-INFRA,Unrated,9.0,2.06,Open Ended,05-Mar-07,Nifty Infrastructure - TRI,63.96,70.61,57.92,-2.67,-1.37,-5.77,-4.06,-1.38,15.35,13.01,14.41,16.87,2.78,67,33,98607,60.07,6.99,31.83,Energy,-,-,-,-0.23,0.20,0.36,0.99,17.24,Equity : Sectoral - Infrastructure,1% on or before 365D Nil after 365D
Taurus Large Cap Fund-Reg(G),Anuj Kapil,EQ-LC,Unrated,51.2,2.08,Open Ended,28-Feb-95,BSE 100 - TRI,151.88,164.40,143.74,-3.66,-4.41,-7.34,-1.85,1.89,11.91,9.98,9.89,21.27,3.16,92,36,267727,80.14,13,5.41,Financials,-,-,-,0.25,0.17,0.33,0.94,12.52,Equity : Large Cap,1% on or before 365D Nil after 365D
Taurus Mid Cap Fund-Reg(G),Anuj Kapil,EQ-MID,Unrated,122.8,2.09,Open Ended,05-Sep-94,Nifty Midcap 150 - TRI,116.67,125.70,102.40,0.06,-0.48,-5.83,-3.83,-0.45,12.24,11.96,14.75,18.03,2.96,81,35,36091,3.01,64.34,22.94,Energy,-,-,-,-0.58,0.16,0.31,0.97,16.76,Equity : Mid Cap,1% on or before 365D Nil after 365D
Taurus Nifty 50 Index Fund-Reg(G),Anuj Kapil,EQ-INDX,Unrated,6.4,0.90,Open Ended,19-Jun-10,NIFTY 50 - TRI,44.52,50.02,42.40,-2.48,-7.25,-10.93,-5.60,1.97,8.00,8.37,11.41,19.99,3.02,14,50,532482,98.5,0.67,-,Financials,-,-,-,-0.11,0.08,0.15,0.99,12.05,Equity : Index Funds,1% on or before 365D Nil after 365D
Templeton India Value Fund(G),Ajay Argal,EQ-VAL,4,2150.0,1.74,Open Ended,05-Sep-03,NIFTY 500 - TRI,686.09,749.70,646.36,-2.62,-6.22,-6.91,-3.11,0.65,13.03,14.82,13.96,16.59,2.19,28.34,48,170620,62.9,6.43,24.25,Financials,-,-,-,-0.01,0.18,0.34,0.93,13.13,Equity : Value / Contra,1% on or before 1Y
The Wealth Company Arbitrage Fund-Reg(G),Rouhak Shah,HY-ARB,Unrated,154.2,0.82,Open Ended,14-Oct-25,Nifty 50 Arbitrage - TRI,10.33,10.35,10.00,0.37,1.27,2.70,-,-,-,-,-,17.83,2.30,-,48,249286,55.68,16.2,0.77,Financials,-,-,-,-,-,-,-,-,Hybrid : Arbitrage,0.25% on or before 7D Nil after 7D
The Wealth Company Balanced Advantage Fund-Reg(G),Aparna Shanker,HY-DYN,Unrated,45.0,2.10,Open Ended,16-Feb-26,CRISIL Hybrid 50+50 - Moderate Index,9.82,10.12,9.36,-1.26,-1.32,-,-,-,-,-,-,24.01,3.64,-,41,202544,52.76,8.78,10.03,Financials,-,-,-,-,-,-,-,-,Hybrid : Dynamic Asset Allocation,1% on or before 180D Nil after 180D
The Wealth Company Ethical Fund-Reg(G),Aparna Shanker,EQ-THEM,Unrated,37.6,2.01,Open Ended,14-Oct-25,Nifty500 Shariah - TRI,9.61,10.04,8.52,0.85,-0.01,-3.82,-,-,-,-,-,30.28,5.24,-,43,82447,41.14,32.19,21.86,Technology,-,-,-,-,-,-,-,-,Equity : Thematic,1% on or before 30D Nil after 30D
The Wealth Company Flexi Cap Fund-Reg(G),Aparna Shanker,EQ-FLEX,Unrated,227.7,2.10,Open Ended,14-Oct-25,NIFTY 500 - TRI,9.74,10.37,8.66,-1.66,0.67,-4.71,-,-,-,-,-,25.93,3.91,-,45,82629,49.33,13.15,27.52,Financials,-,-,-,-,-,-,-,-,Equity : Flexi Cap,1% on or before 30D Nil after 30D
The Wealth Company Gold ETF,Niranjan Das,PM-ETF,Unrated,23.5,0.29,Open Ended,29-Dec-25,Gold-India,154.45,171.39,134.74,3.25,-2.28,-,-,-,-,-,-,-,-,-,-,-,-,-,-,-,-,-,-,-,-,-,-,-,Metal : ETFs,null
The Wealth Company Gold ETF FOF-Reg(G),Niranjan Das,FOF-DOM,Unrated,13.7,0.59,Open Ended,30-Jan-26,Gold-India,9.82,10.70,8.62,2.94,-2.53,-,-,-,-,-,-,-,-,-,-,-,-,-,-,-,-,-,-,-,-,-,-,-,FoFs : Domestic,NIL
The Wealth Company Large & Mid Cap Fund-Reg(G),Aparna Shanker,EQ-L&M,Unrated,-,-,Open Ended,-,NIFTY LargeMidcap 250 - TRI,-,-,-,-,-,-,-,-,-,-,-,-,-,-,-,-,-,-,-,-,-,-,-,-,-,-,-,-,Equity : Large & Mid Cap,1% on or before 120D Nil after 120D
The Wealth Company Liquid Fund-Reg(G),Umesh Sharma,DT-LIQ,Unrated,564.3,0.23,Open Ended,14-Oct-25,Nifty Liquid Fund Index,1039.90,1039.90,1000.00,0.49,1.66,3.13,-,-,-,-,-,-,-,0,-,-,-,-,-,-,0.12,0.12,6.17,-,-,-,-,-,Debt : Liquid,0.007% for Day 1 0.0065% on Day 2 0.0060% on Day 3 0.0055% on Day 4 0.0050% on Day 5 0.0045% on Day 6 NIL on or after 7D
The Wealth Company Multi Asset Allocation Fund-Reg(G),Aparna Shanker,HY-MULTI,Unrated,162.6,1.81,Open Ended,09-Dec-25,Nifty Short Duration Debt Index,10.69,10.93,9.70,1.32,1.42,-,-,-,-,-,-,25.68,4.24,-,47,131770,31.56,15.99,7.6,Financials,-,-,-,-,-,-,-,-,Hybrid : Multi Asset Allocation,1% on or before 30D Nil after 30D
The Wealth Company Small Cap Fund-Reg(G),Aparna Shanker,EQ-SML,Unrated,53.4,2.10,Open Ended,25-Mar-26,Nifty Smallcap 250 - TRI,10.88,11.14,9.87,-0.12,-,-,-,-,-,-,-,35.58,4.78,-,53,28169,20.23,5.79,64.93,Capital Goods,-,-,-,-,-,-,-,-,Equity : Small Cap,1% on or before 1Y Nil after 1Y
Titanium Equity Long-Short Fund-Reg(G),Suraj Nanda,HY-LS,Unrated,-,-,Open Ended,14-May-26,NIFTY 500 - TRI,9.97,10.10,9.95,-,-,-,-,-,-,-,-,-,-,-,-,-,-,-,-,-,-,-,-,-,-,-,-,-,Hybrid : Long - Short,1% on or before 1M Nil after 1M
Titanium Hybrid Long-Short Fund-Reg(G),Suraj Nanda,HY-LS,Unrated,483.5,2.09,Open Ended,11-Dec-25,CRISIL Hybrid 50+50 - Moderate Index,9.86,10.14,9.36,-,-,-,-,-,-,-,-,-,-,0,44,215691,35.62,9.17,5.17,Financials,1.79,1.38,6.22,-,-,-,-,-,Hybrid : Long - Short,1% on or before 1Y Nil after 1Y
TRUSTMF Arbitrage Fund-Reg(G),Mihir Vora,HY-ARB,Unrated,72.7,0.85,Open Ended,28-Aug-25,Nifty 50 Arbitrage - TRI,10.39,10.41,10.00,0.36,1.16,2.73,-,-,-,-,-,19.51,2.56,-,42,162171,47.86,9.58,19.02,Financials,-,-,-,-,-,-,-,-,Hybrid : Arbitrage,0.25% on or before 7D Nil after 7D
TRUSTMF Banking & PSU Fund-Reg(G),Jalpan Shah,DT-B&PSU,2,130.7,0.71,Open Ended,01-Feb-21,CRISIL Banking and PSU Debt Index,1308.45,1309.49,1269.11,0.31,0.76,2.17,6.72,7.12,6.98,5.64,-,-,-,0,-,-,-,-,-,-,2.26,1.94,6.93,0.02,0.11,0.13,0.83,-,Debt : Banking & PSU,Nil
TRUSTMF Corporate Bond Fund-Reg(G),Jalpan Shah,DT-CORP,Unrated,120.6,0.55,Open Ended,20-Jan-23,CRISIL Corporate Bond Index,1232.84,1234.27,1191.94,0.18,0.32,0.79,3.18,6.12,6.18,-,-,-,-,0,-,-,-,-,-,-,2.03,1.75,7.27,-0.01,-0.06,-0.10,0.39,1.24,Debt : Corporate Bond,Nil
TRUSTMF Flexi Cap Fund-Reg(G),Mihir Vora,EQ-FLEX,Unrated,1081.3,1.90,Open Ended,26-Apr-24,NIFTY 500 - TRI,11.27,11.82,10.13,1.08,-0.44,-4.43,-0.53,4.74,-,-,-,30.43,4.35,280,62,155960,55.73,17.72,17.91,Financials,-,-,-,0.04,0.03,0.05,0.99,-,Equity : Flexi Cap,1% on or before 180D Nil after 180D
TRUSTMF FMP-SR-II-Reg(G),Jalpan Shah,DT-FMP,Unrated,64.9,-,Closed Ended,31-Mar-23,CRISIL Medium Duration Debt Index,1287.17,1287.17,1202.98,0.53,1.84,3.34,7.11,8.14,8.28,-,-,-,-,-,-,-,-,-,-,-,-,-,-,0.14,0.97,0.49,0.17,0.51,Debt : FTP/FMP,null
TRUSTMF Liquid Fund-Reg(G),Jalpan Shah,DT-LIQ,Unrated,893.0,0.22,Open Ended,23-Apr-21,CRISIL Liquid Debt Index,1339.11,1339.11,1263.47,0.49,1.61,3.07,6.01,6.55,6.74,5.94,-,-,-,0,-,-,-,-,-,-,0.15,0.15,6.20,-,0.07,0.02,1.09,0.24,Debt : Liquid,0.007% for Day 1 0.0065% on Day 2 0.0060% on Day 3 0.0055% on Day 4 0.0050% on Day 5 0.0045% on Day 6 NIL on or after 7D
TRUSTMF Mid Cap Fund-Reg(G),Mihir Vora,EQ-MID,Unrated,191.1,2.10,Open Ended,20-Mar-26,Nifty Midcap 150 - TRI,11.13,11.23,9.80,3.45,-,-,-,-,-,-,-,36.61,5.09,-,69,62185,18.13,53.99,17.24,Financials,-,-,-,-,-,-,-,-,Equity : Mid Cap,1% on or before 180D Nil after 180D
TRUSTMF Money Market Fund-Reg(G),Jalpan Shah,DT-MM,Unrated,132.0,0.40,Open Ended,17-Aug-22,CRISIL Money Market Index,1283.15,1283.15,1215.44,0.29,1.25,2.55,5.64,6.66,6.77,-,-,-,-,0,-,-,-,-,-,-,0.59,0.59,6.77,0.03,0.18,0.09,0.56,0.42,Debt : Money Market,Nil
TRUSTMF Multi Cap Fund-Reg(G),Mihir Vora,EQ-MLC,Unrated,478.5,2.10,Open Ended,21-Jul-25,Nifty500 Multicap 50:25:25 - TRI,10.75,10.83,9.28,2.00,3.19,0.56,-,-,-,-,-,32.19,4.70,-,71,96850,39.53,24.08,28.8,Financials,-,-,-,-,-,-,-,-,Equity : Multi Cap,1% on or before 180D Nil after 180D
TRUSTMF Overnight Fund-Reg(G),Jalpan Shah,DT-ON,Unrated,52.3,0.11,Open Ended,18-Jan-22,CRISIL Liquid Overnight Index,1281.87,1281.87,1218.82,0.42,1.24,2.47,5.19,5.80,6.11,-,-,-,-,0,-,-,-,-,-,-,0.01,-,5.28,0.01,-0.77,-0.21,1.06,0.20,Debt : Overnight,Nil
TRUSTMF Short Duration Fund-Reg(G),Jalpan Shah,DT-SD,Unrated,102.3,0.62,Open Ended,06-Aug-21,CRISIL Short Duration Debt Index,1299.76,1301.32,1251.63,0.10,0.34,1.20,3.71,6.47,6.32,-,-,-,-,0,-,-,-,-,-,-,1.48,1.30,6.99,-,-0.03,-0.04,0.35,1.09,Debt : Short Duration,Nil
TRUSTMF Small Cap Fund-Reg(G),Mihir Vora,EQ-SML,Unrated,1656.5,1.79,Open Ended,04-Nov-24,Nifty Smallcap 250 - TRI,12.04,12.04,9.55,5.02,13.42,9.36,19.20,-,-,-,-,39.39,5.19,191,68,27533,5.74,20.37,69.91,Financials,-,-,-,0.97,0.11,0.20,0.95,-,Equity : Small Cap,1% on or before 180D Nil after 180D
Unifi Dynamic Asset Allocation Fund-Reg(G),Saravanan V N,HY-DYN,Unrated,1180.7,2.02,Open Ended,13-Mar-25,CRISIL Hybrid 50+50 - Moderate Index,10.88,10.89,10.20,0.47,1.32,3.21,6.73,-,-,-,-,23.19,2.64,0,82,279714,28.38,4.52,2.87,Financials,2.28,1.59,10.17,0.04,0.23,0.16,0.02,-,Hybrid : Dynamic Asset Allocation,NIL upto 20% of units and 1.5% for remaining units on or before 12M Nil after 12M
Unifi Flexi Cap Fund-Reg(G),Saravanan V N,EQ-FLEX,Unrated,188.0,2.70,Open Ended,06-Jun-25,NIFTY 500 - TRI,9.99,10.42,9.02,-0.12,-1.19,-3.64,-,-,-,-,-,20.31,2.86,-,58,94842,57.67,8.5,30.26,Financials,-,-,-,-,-,-,-,-,Equity : Flexi Cap,1% on or before 12M Nil after 12M
Unifi Liquid Fund-Reg(G),Saravanan V N,DT-LIQ,Unrated,144.3,0.15,Open Ended,11-Jun-25,Nifty Liquid Fund Index,1059.02,1059.02,1000.00,0.44,1.59,2.99,-,-,-,-,-,-,-,0,-,-,-,-,-,-,0.02,-,5.45,-,-,-,-,-,Debt : Liquid,0.007% for Day 1 0.0065% on Day 2 0.0060% on Day 3 0.0055% on Day 4 0.0050% on Day 5 0.0045% on Day 6 NIL on or after 7D
Union Active Momentum Fund-Reg(G),Gaurav Chopra,EQ-THEM,Unrated,440.3,2.10,Open Ended,19-Dec-24,NIFTY 500 - TRI,9.27,9.41,7.58,5.65,6.51,6.76,6.64,-,-,-,-,26.31,3.62,376,56,50102,24.82,23.66,39.12,Financials,-,-,-,-0.77,-0.15,-0.22,1.21,-,Equity : Thematic,1% on or before 1Y Nil after 1Y
Union Aggressive Hybrid Fund-Reg(G),Sanjay Bembalkar,HY-AGR,Unrated,707.1,2.04,Open Ended,18-Dec-20,CRISIL Hybrid 35+65 - Aggressive Index,17.57,18.58,16.62,-1.57,-3.52,-5.39,-1.35,4.16,10.38,9.42,-,27.27,3.48,93,65,151633,43.21,16.88,14.21,Financials,4.39,3.18,7.07,-0.01,0.16,0.28,1.15,10.42,Hybrid : Aggressive Hybrid,1% on or before 15D Nil after 15D
Union Arbitrage Fund-Reg(G),Vishal Thakker,HY-ARB,Unrated,238.9,0.85,Open Ended,20-Feb-19,Nifty 50 Arbitrage - TRI,14.71,14.73,13.97,0.33,1.24,2.68,5.52,6.11,6.62,5.71,-,21.92,2.95,1212,66,262107,57.18,11.59,1.78,Financials,0.49,0.46,6.62,0.01,0.03,0.02,0.28,0.47,Hybrid : Arbitrage,0.25% on or before 1M Nil after 1M
Union Balanced Advantage Fund-Reg(G),Sanjay Bembalkar,HY-DYN,4,1241.4,1.86,Open Ended,29-Dec-17,NIFTY 50 Hybrid Composite Debt 50:50 Index,19.71,20.85,18.96,-1.50,-4.28,-5.29,-1.10,2.71,7.53,6.71,-,25.17,3.53,191,72,228485,47.12,11.8,8.89,Financials,3.50,2.62,7.01,0.10,0.08,0.14,0.61,7.89,Hybrid : Dynamic Asset Allocation,1% on or before 15D Nil after 15D
Union Business Cycle Fund-Reg(G),Harshad Patwardhan,EQ-THEM,Unrated,507.2,2.09,Open Ended,05-Mar-24,NIFTY 500 - TRI,11.23,11.59,10.03,0.36,-1.58,-2.52,2.94,2.30,-,-,-,23.10,3.46,134,55,105681,44.69,25.17,25.46,Financials,-,-,-,-0.07,0.02,0.04,1.03,-,Equity : Thematic,1% on or before 1Y Nil after 1Y
Union Childrens Fund-Reg(G),Gaurav Chopra,EQ-FLEX,Unrated,83.4,2.10,Open Ended,19-Dec-23,BSE 500 - TRI,12.10,12.88,11.06,-0.58,-2.81,-5.77,-0.08,5.44,-,-,-,-,-,49,62,98089,39,29.15,27.54,Financials,-,-,-,0.18,0.07,0.12,1.02,-,Equity : Flexi Cap,Nil
Union Consumption Fund-Reg(G),Vinod Malviya,EQ-CONS,Unrated,316.9,2.10,Open Ended,22-Dec-25,Nifty India Consumption - TRI,9.02,10.05,8.34,-1.75,-3.44,-,-,-,-,-,-,51.58,7.37,27,46,132028,56.43,25.97,15.22,FMCG,-,-,-,-,-,-,-,-,Equity : Thematic - Consumption,1% on or before 1Y Nil after 1Y
Union Corporate Bond Fund-Reg(G),Parijat Agrawal,DT-CORP,2,513.8,0.61,Open Ended,25-May-18,CRISIL Corporate Bond Index,15.78,15.83,15.31,0.06,-0.10,0.55,2.83,6.40,6.41,5.34,-,-,-,0,-,-,-,-,-,-,4.93,3.27,7.60,0.01,-0.01,-0.01,0.49,1.46,Debt : Corporate Bond,NIL
Union Diversified Equity All Cap Active FOF-Reg(G),Gaurav Chopra,FOF-DOM,Unrated,186.7,1.25,Open Ended,22-Sep-25,BSE 500 - TRI,9.99,10.29,8.84,0.51,0.60,-0.85,-,-,-,-,-,-,-,-,-,-,-,-,-,-,-,-,-,-,-,-,-,-,FoFs : Domestic,1% on or before 1Y Nil after 1Y
Union Dynamic Bond Fund(G),Parijat Agrawal,DT-DYN,3,92.3,1.32,Open Ended,13-Feb-12,CRISIL Dynamic Bond Index,23.02,23.67,22.50,-0.01,-1.37,-0.61,-2.78,3.62,4.41,3.93,5.36,-,-,0,-,-,-,-,-,-,25.31,9.31,7.53,-0.13,-0.16,-0.30,1.56,3.25,Debt : Dynamic Bond,NIL
Union ELSS Tax Saver Fund(G),Vinod Malviya,EQ-ELSS,4,840.9,1.99,Open Ended,23-Dec-11,BSE 500 - TRI,62.22,67.29,57.51,-1.19,-4.19,-7.32,-1.75,3.42,11.68,11.99,12.61,28.37,3.77,67,71,164220,60.51,18.48,19.31,Financials,-,-,-,0.03,0.16,0.29,0.97,13.43,Equity : Tax Saving (ELSS),Nil
Union Equity Savings Fund-Reg(G),Sanjay Bembalkar,HY-EQS,2,142.1,1.66,Open Ended,09-Aug-18,Crisil Equity Savings Index,16.88,17.26,16.47,-0.59,-1.52,-1.63,1.56,3.78,6.78,5.95,-,26.77,3.26,562,73,188795,45.32,14.84,8.43,Financials,2.59,2.03,6.66,0.09,0.06,0.11,0.67,4.36,Hybrid : Equity Savings,1% on or before 15D Nil after 15D
Union Flexi Cap Fund-Reg(G),Sanjay Bembalkar,EQ-FLEX,4,2294.1,1.72,Open Ended,10-Jun-11,BSE 500 - TRI,49.07,52.75,45.13,-1.25,-4.00,-6.29,-2.27,2.98,11.80,11.34,12.84,27.14,3.68,77,68,148107,55.16,19.97,20.85,Financials,-,-,-,0.03,0.16,0.28,0.97,13.51,Equity : Flexi Cap,1% on or before 15D Nil after 15D
Union FMP-Sr 13-Reg(G),Devesh Thacker,DT-FMP,Unrated,27.2,-,Closed Ended,29-Mar-23,CRISIL Medium Duration Debt Index,12.20,12.20,11.67,0.44,1.22,2.54,5.67,6.68,6.59,-,-,-,-,-,-,-,-,-,-,-,-,-,-,-,0.06,0.04,0.22,0.59,Debt : FTP/FMP,null
Union Focused Fund-Reg(G),Pratik Dharmshi,EQ-FOC,Unrated,417.7,2.10,Open Ended,05-Aug-19,BSE 500 - TRI,26.05,26.74,23.12,0.97,0.82,0.62,5.31,5.43,12.07,11.25,-,33.12,5.02,47,28,132979,57.54,16.48,24.08,Financials,-,-,-,0.07,0.17,0.30,0.90,13.24,Equity : Focused,1% on or before 15D Nil after 15D
Union Gilt Fund-Reg(G),Parijat Agrawal,DT-GILT,Unrated,89.9,0.92,Open Ended,08-Aug-22,CRISIL Dynamic Gilt Index,11.94,12.41,11.60,0.00,-1.80,-0.48,-3.80,2.92,4.14,-,-,-,-,0,-,-,-,-,-,-,32.16,11.28,7.62,-0.13,-0.15,-0.25,1.25,3.83,Debt : Gilt,Nil
Union Gold ETF,Vinod Malviya,PM-ETF,Unrated,315.1,0.54,Open Ended,18-Feb-25,Gold-India,152.12,170.81,94.55,3.30,-2.39,19.68,60.18,-,-,-,-,-,-,14,-,-,-,-,-,-,-,-,-,4.14,0.69,1.52,1.82,-,Metal : ETFs,null
Union Gold ETF FoF-Reg(G),Vinod Malviya,FOF-DOM,Unrated,163.3,0.48,Open Ended,28-Feb-25,Gold-India,17.66,20.27,11.10,3.52,-3.02,19.66,57.74,-,-,-,-,-,-,-,-,-,-,-,-,-,-,-,-,4.06,0.65,1.44,2.00,-,FoFs : Domestic,1% on or before 1Y Nil after 1Y
Union Income Plus Arbitrage Active FOF-Reg(G),Vishal Thakker,FOF-DOM,Unrated,65.5,0.49,Open Ended,12-Jun-25,CRISIL Composite Bond Index,10.24,10.27,9.97,0.14,0.11,1.19,-,-,-,-,-,-,-,0,-,-,-,-,-,-,8.87,3.80,7.16,-,-,-,-,-,FoFs : Domestic,NIL
Union Innovation & Opp Fund-Reg(G),Gaurav Chopra,EQ-THEM,Unrated,1105.2,1.89,Open Ended,06-Sep-23,NIFTY 500 - TRI,14.06,14.95,12.13,1.38,5.03,-3.45,4.25,9.69,-,-,-,56.79,5.43,51,50,41244,17.16,28.84,51.18,Automobile and Ancillaries,-,-,-,0.19,0.14,0.25,1.08,-,Equity : Thematic,1% on or before 1Y Nil after 1Y
Union Large & Midcap Fund-Reg(G),Vinod Malviya,EQ-L&M,Unrated,919.6,1.95,Open Ended,06-Dec-19,NIFTY LargeMidcap 250 - TRI,25.25,26.45,23.00,-0.12,-2.66,-4.03,1.53,4.36,13.09,12.82,-,32.49,4.25,98,73,132472,47.64,37.65,12.25,Financials,-,-,-,-0.19,0.18,0.32,0.97,14.34,Equity : Large & Mid Cap,1% on or before 15D Nil after 15D
Union Largecap Fund-Reg(G),Pratik Dharmshi,EQ-LC,3,439.1,2.10,Open Ended,11-May-17,BSE 100 - TRI,22.33,24.42,20.91,-1.72,-5.75,-8.16,-3.59,0.43,9.17,9.04,-,26.18,3.60,45,52,363583,87.41,10.51,1.09,Financials,-,-,-,-0.02,0.11,0.19,0.96,12.37,Equity : Large Cap,1% on or before 15D Nil after 15D
Union Liquid Fund(G),Devesh Thacker,DT-LIQ,4,8162.7,0.15,Open Ended,15-Jun-11,CRISIL Liquid Debt Index,2654.59,2654.59,2501.31,0.50,1.65,3.14,6.15,6.69,6.88,6.07,5.65,-,-,0,-,-,-,-,-,-,0.11,0.10,6.15,-,0.24,0.07,1.06,0.24,Debt : Liquid,0.007% for Day 1 0.0065% on Day 2 0.0060% on Day 3 0.0055% on Day 4 0.0050% on Day 5 0.0045% on Day 6 NIL on or after 7D
Union Low Duration Fund-Reg(G),Anindya Sarkar,DT-LOWD,Unrated,575.5,0.82,Open Ended,16-Jul-25,NIFTY Low Duration Debt Index,10.39,10.39,10.00,0.18,0.76,1.78,-,-,-,-,-,-,-,0,-,-,-,-,-,-,1.20,1.06,7.12,-,-,-,-,-,Debt : Low Duration,NIL
Union Midcap Fund-Reg(G),Gaurav Chopra,EQ-MID,Unrated,1705.4,1.79,Open Ended,23-Mar-20,BSE 150 MidCap - TRI,49.18,50.50,43.42,1.44,1.24,0.31,7.01,8.38,18.14,16.87,-,38.47,4.88,91,68,64203,19.53,63.23,15.3,Financials,-,-,-,-0.03,0.25,0.46,0.96,16.21,Equity : Mid Cap,1% on or before 15D Nil after 15D
Union Money Market Fund-Reg(G),Parijat Agrawal,DT-MM,Unrated,876.6,0.77,Open Ended,26-Aug-21,CRISIL Money Market Index,1294.79,1294.79,1228.20,0.26,1.35,2.62,5.49,6.28,6.29,-,-,-,-,0,-,-,-,-,-,-,0.45,0.42,6.68,-0.01,-0.16,-0.08,0.48,0.40,Debt : Money Market,NIL
Union Multi Asset Allocation Fund-Reg(G),Sanjay Bembalkar,HY-MULTI,Unrated,963.6,1.84,Open Ended,10-Sep-24,NIFTY 50 - TRI,11.82,12.67,10.47,-1.42,-4.77,0.94,12.51,-,-,-,-,27.43,3.48,113,73,197097,43.71,12.49,12.29,Financials,2.65,1.77,6.19,0.91,0.15,0.27,0.70,-,Hybrid : Multi Asset Allocation,1% on or before 15D Nil after 15D
Union Multicap Fund-Reg(G),Harshad Patwardhan,EQ-MID,Unrated,1329.2,1.84,Open Ended,19-Dec-22,Nifty500 Multicap 50:25:25 - TRI,16.16,16.62,14.35,0.44,-0.19,-2.01,4.75,6.62,15.81,-,-,33.41,4.51,110,74,84308,38.13,22.65,34,Financials,-,-,-,0.04,0.23,0.41,0.95,14.53,Equity : Mid Cap,1% on or before 15D Nil after 15D
Union Overnight Fund-Reg(G),Tarun Singh,DT-ON,3,411.1,0.15,Open Ended,27-Mar-19,CRISIL Liquid Overnight Index,1420.20,1420.20,1349.65,0.43,1.29,2.53,5.24,5.81,6.11,5.48,-,-,-,0,-,-,-,-,-,-,0.01,0.01,5.37,0.01,-0.83,-0.21,0.97,0.19,Debt : Overnight,Nil
Union Retirement Fund-Reg(G),Pratik Dharmshi,EQ-FLEX,Unrated,195.8,2.10,Open Ended,22-Sep-22,BSE 500 - TRI,15.67,16.35,14.34,-0.89,-2.56,-3.46,2.90,5.59,14.59,-,-,-,-,34,73,127310,53.88,21.09,23.89,Financials,-,-,-,0.26,0.23,0.41,0.95,13.11,Equity : Flexi Cap,Nil
Union Short Duration Fund-Reg(G),Anindya Sarkar,DT-SD,Unrated,85.9,0.66,Open Ended,31-Jan-25,CRISIL Short Duration Debt Index,10.78,10.78,10.39,0.25,0.34,1.05,3.71,-,-,-,-,-,-,0,-,-,-,-,-,-,2.54,2.11,7.32,0.06,-0.13,-0.34,0.47,-,Debt : Short Duration,NIL
Union Small Cap Fund-Reg(G),Pratik Dharmshi,EQ-SML,4,1979.6,1.76,Open Ended,10-Jun-14,BSE 250 Small Cap - TRI,53.16,55.04,44.35,0.76,7.01,6.26,14.36,9.90,18.93,17.43,16.34,38.80,5.38,46,68,25528,4.25,18.96,75.38,Capital Goods,-,-,-,0.28,0.24,0.42,0.90,19.17,Equity : Small Cap,1% on or before 15D Nil after 15D
Union Value Fund-Reg(G),Vinod Malviya,EQ-VAL,3,373.1,2.10,Open Ended,05-Dec-18,BSE 500 - TRI,27.55,29.52,25.66,-1.75,-4.71,-5.56,-0.15,3.79,14.91,13.71,-,24.19,3.16,60,66,113945,54.29,16.24,25.59,Financials,-,-,-,0.30,0.23,0.43,0.99,13.88,Equity : Value / Contra,1% on or before 15D Nil after 15D
UTI Aggressive Hybrid Fund-Reg(G),V. Srivatsa,HY-AGR,4,6524.1,1.85,Open Ended,02-Jan-95,CRISIL Hybrid 35+65 - Aggressive Index,394.76,422.17,376.38,-1.37,-4.23,-5.82,-1.44,5.02,12.70,12.15,11.83,19.20,2.69,29,65,126300,43.18,13.43,11.51,Financials,10.26,5.57,7.53,0.17,0.22,0.42,1.10,9.94,Hybrid : Aggressive Hybrid,Nil for 10% of units and 1% for remaining units on or before 12M Nil after 12M
UTI Annual Interval Fund-I-(G),Amit Sharma,DT-FMP,Unrated,21.9,-,Interval,18-Jul-07,NIFTY Low Duration Debt Index,36.02,36.02,34.23,0.44,1.33,2.53,5.28,5.94,6.23,6.26,5.57,-,-,0,-,-,-,-,-,-,0.04,-,-,-0.03,-0.30,-0.10,0.33,0.25,Debt : FTP/FMP,Nil
UTI Arbitrage Fund-Reg(G),Sharwan Kumar Goyal,HY-ARB,4,10857.6,2.38,Open Ended,29-Jun-06,Nifty 50 Arbitrage,36.83,36.88,34.86,0.32,1.21,2.76,5.83,6.45,6.88,5.95,5.76,19.22,2.43,1109,147,210507,42.73,17.49,6.05,Financials,0.67,0.66,7.06,-0.02,0.18,0.10,0.52,0.46,Hybrid : Arbitrage,0.25% on or before 15D Nil after 15D
UTI Balanced Advantage Fund-Reg(G),Sachin Trivedi,HY-DYN,Unrated,3029.7,2.74,Open Ended,10-Aug-23,NIFTY 50 Hybrid Composite Debt 50:50 Index,12.13,13.13,11.72,-1.80,-4.73,-7.36,-3.16,3.65,-,-,-,21.71,3.08,100,58,397613,56.93,6.32,2.45,Financials,2.11,1.72,6.85,-0.03,0.06,0.11,0.60,-,Hybrid : Dynamic Asset Allocation,1% on or before 90D Nil after 90D
UTI Banking & PSU Fund-Reg(G),Anurag Mittal,DT-B&PSU,2,1206.4,0.46,Open Ended,03-Feb-14,NIFTY Banking and PSU Debt Index,23.01,23.01,21.94,0.22,0.99,2.04,4.90,7.02,6.72,7.18,6.49,-,-,0,-,-,-,-,-,-,0.97,0.90,7.19,0.03,0.08,0.11,0.31,0.99,Debt : Banking & PSU,Nil
UTI Banking and Financial Services Fund-Reg(G),Amit Premchandani,EQ-FIN,1,1350.3,4.40,Open Ended,30-Jul-05,Nifty Financial Services - TRI,182.11,206.11,171.91,-2.35,-9.78,-8.49,-2.42,7.50,11.54,10.45,10.90,18.82,2.47,40,27,298911,77.52,10.5,8.85,Financials,-,-,-,0.21,0.15,0.26,0.94,14.30,Equity : Sectoral - Financial Services,1% on or before 30D Nil after 30D
UTI BSE Housing Index Fund-Reg(G),Sharwan Kumar Goyal,EQ-INDX,Unrated,24.1,0.99,Open Ended,07-Jun-23,BSE Housing - TRI,13.32,15.18,11.78,-0.32,-3.97,-6.84,-5.76,-3.53,-,-,-,34.37,3.78,28,25,77537,30.09,65.7,4.1,Construction,-,-,-,0.09,0.09,0.16,1.22,-,Equity : Index Funds,Nil
UTI BSE Low Volatility Index Fund-Reg(G),Sharwan Kumar Goyal,EQ-INDX,Unrated,496.8,0.92,Open Ended,03-Mar-22,BSE Low Volatility Index - TRI,15.65,17.30,14.90,-2.08,-6.57,-8.35,-4.22,0.43,10.25,-,-,27.59,4.05,50,30,268772,83.85,12.75,3.38,FMCG,-,-,-,0.17,0.15,0.27,0.91,12.33,Equity : Index Funds,Nil
UTI BSE Sensex ETF,Sharwan Kumar Goyal,EQ-ETF,Unrated,53796.4,0.08,Open Ended,01-Sep-15,BSE SENSEX - TRI,823.06,943.13,791.72,-3.28,-8.45,-13.06,-7.87,1.48,7.19,8.77,12.16,21.37,3.11,6,30,648952,99.98,-,-,Financials,9.19,6.18,6.83,-0.17,0.06,0.11,1.00,12.26,Equity : ETFs,null
UTI BSE Sensex Index Fund-Reg(G),Sharwan Kumar Goyal,EQ-INDX,Unrated,199.6,0.30,Open Ended,31-Jan-22,BSE SENSEX - TRI,13.38,15.35,12.87,-3.31,-8.52,-13.18,-8.12,1.20,6.89,-,-,21.37,3.11,13,30,648954,99.94,-,-,Financials,-,-,-,-0.20,0.06,0.10,1.00,12.26,Equity : Index Funds,NIL
UTI BSE Sensex Next 50 ETF,Sharwan Kumar Goyal,EQ-ETF,Unrated,32.2,0.29,Open Ended,08-Mar-19,BSE Sensex Next 50 - TRI,90.48,94.51,80.43,-0.33,-1.90,-3.80,2.31,6.52,18.45,15.50,-,20.56,2.95,21,50,115773,61.89,38.11,-,Financials,-,-,-,0.73,0.26,0.49,1.15,15.67,Equity : ETFs,null
UTI Childrens Equity Fund(G),Sachin Trivedi,EQ-FLEX,5,1096.0,2.16,Open Ended,08-Mar-04,NIFTY 500 - TRI,78.37,86.90,73.28,-1.56,-5.43,-9.49,-6.34,1.13,9.02,8.55,11.51,-,-,17,64,255040,71.73,17.29,6.75,Financials,-,-,5.22,-0.28,0.11,0.20,0.94,13.27,Equity : Flexi Cap,Nil
UTI Childrens Hybrid Fund,Sachin Trivedi,HY-BAL,2,4330.0,1.61,Open Ended,12-Jul-93,CRISIL Short Term Debt Hybrid 60+40 Index,39.47,41.06,38.14,-0.37,-2.38,-3.74,-2.45,3.76,7.09,7.42,7.86,-,-,15,67,240539,28.1,7.28,2.95,Financials,9.73,5.85,7.56,-0.17,0.07,0.14,1.05,5.98,Hybrid : Balanced Hybrid,Nil
UTI Conservative Hybrid Fund-Reg(G),Amit Premchandani,HY-CON,3,1652.2,1.96,Open Ended,16-Dec-03,NIFTY 50 Hybrid Composite Debt 15:85 Index,69.14,70.79,67.54,-0.40,-1.79,-2.16,-0.43,5.17,7.65,7.87,7.65,21.29,2.70,22,64,175403,15.5,5.12,3.79,Financials,10.19,5.49,7.66,0.18,0.12,0.25,1.01,4.10,Hybrid : Conservative Hybrid,NIL upto 10% of units and 1% for remaining units on or before 12M NIL after 12M
UTI Corporate Bond Fund-Reg(G),Anurag Mittal,DT-CORP,4,5542.9,0.62,Open Ended,08-Aug-18,NIFTY Corporate Bond Index,17.07,17.08,16.43,0.19,0.33,1.22,3.68,6.74,6.75,5.85,-,-,-,0,-,-,-,-,-,-,3.79,2.48,7.48,0.04,0.06,0.11,0.44,1.29,Debt : Corporate Bond,Nil
UTI Credit Risk Fund-Reg(G),Abhishek Sonthalia,DT-CR,1,252.5,1.71,Open Ended,19-Nov-12,CRISIL Credit Risk Debt Index,17.90,17.92,17.06,0.17,0.66,1.97,4.87,6.91,6.78,9.24,2.72,-,-,0,-,-,-,-,-,-,2.74,2.09,8.04,0.03,0.10,0.11,0.28,0.86,Debt : Credit Risk,Nil upto 10% of units and 1% for remaining units on or before 12M Nil after 12M
UTI CRISIL SDL Maturity April 2033 Index Fund-Reg(G),Jaydeep Bhowal,DT-LD,Unrated,296.3,0.45,Open Ended,21-Dec-22,CRISIL IBX SDL Index - April 2033,12.57,12.68,12.25,0.13,-0.53,0.22,0.53,6.01,6.21,-,-,-,-,0,-,-,-,-,-,-,6.13,4.65,7.50,0.02,-0.01,-0.02,0.84,2.57,Debt : Long Duration,Nil
UTI CRISIL SDL Maturity June 2027 Index Fund-Reg(G),Jaydeep Bhowal,DT-M&LD,Unrated,64.8,0.42,Open Ended,11-Jan-23,CRISIL IBX SDL Index - June 2027,12.65,12.65,12.03,0.33,1.07,2.48,5.28,7.21,7.00,-,-,-,-,0,-,-,-,-,-,-,0.97,0.90,6.28,0.06,0.18,0.21,0.29,0.91,Debt : Medium to Long Duration,Nil
UTI Dividend Yield Fund-Reg(G),Amit Premchandani,EQ-DIV,Unrated,3750.5,2.38,Open Ended,03-May-05,NIFTY 500 - TRI,171.90,184.99,162.74,-2.00,-5.17,-5.88,-0.90,5.06,16.17,13.45,13.99,18.65,3.03,17,56,155868,62.95,10.56,17.49,Financials,-,-,-,0.30,0.26,0.51,0.92,13.16,Equity : Thematic - Dividend Yield,1% before 1Y Nil on or after 1Y
UTI Dynamic Bond Fund-Reg(G),Pankaj Pathak,DT-DYN,2,415.9,1.68,Open Ended,23-Jun-10,CRISIL Dynamic Bond Index,31.91,31.94,30.78,0.13,0.46,1.41,2.19,6.00,6.24,8.55,6.48,-,-,0,-,-,-,-,-,-,4.31,2.27,7.19,-,-0.02,-0.05,0.91,2.02,Debt : Dynamic Bond,NIL
UTI ELSS Tax Saver Fund-Reg(G),Amit Premchandani,EQ-ELSS,4,3437.9,2.10,Open Ended,01-Aug-05,NIFTY 500 - TRI,193.88,212.79,180.10,-1.34,-5.18,-8.34,-4.93,2.09,9.86,9.25,11.60,23.54,3.13,40,59,195886,66.83,20.33,10.74,Financials,-,-,-,-0.23,0.13,0.22,0.95,13.36,Equity : Tax Saving (ELSS),Nil
UTI Equity Savings Fund-Reg(G),V. Srivatsa,HY-EQS,2,820.5,1.72,Open Ended,30-Aug-18,Crisil Equity Savings Index,18.59,19.14,18.09,-0.64,-2.09,-1.60,2.48,5.16,8.70,8.48,-,18.80,2.69,428,51,334114,62.06,4.27,-,Financials,3.03,2.55,6.26,0.25,0.18,0.34,0.74,4.32,Hybrid : Equity Savings,1% on or before 30D Nil after 30D
UTI Flexi Cap Fund-Reg(G),Ajay Tyagi,EQ-FLEX,4,22167.6,1.63,Open Ended,01-Aug-05,NIFTY 500 - TRI,295.41,335.30,268.18,0.37,-1.92,-10.46,-7.49,3.17,6.96,5.70,11.20,35.68,4.69,9,59,155714,59.06,25.16,12.61,Financials,-,-,-,-0.43,0.06,0.12,0.90,13.38,Equity : Flexi Cap,Nil upto 10% of units and 1% for remaining units on or before 1Y Nil after 1Y
UTI Floater Fund-Reg(G),Pankaj Pathak,DT-FL,3,1521.3,0.84,Open Ended,30-Oct-18,CRISIL Short Duration Debt Index,1569.57,1569.57,1495.80,0.18,1.10,2.21,4.94,6.47,6.56,5.70,-,-,-,0,-,-,-,-,-,-,1.26,0.83,6.72,0.01,0.02,0.02,0.18,0.70,Debt : Floater,Nil
UTI Focused Fund-Reg(G),Vishal Chopda,EQ-FOC,Unrated,2393.9,2.52,Open Ended,25-Aug-21,NIFTY 500 - TRI,14.56,16.05,13.60,-1.70,-5.47,-8.87,-4.74,1.59,10.25,-,-,28.57,3.84,58,30,314754,78.01,18.15,1.49,Financials,-,-,-,-0.17,0.14,0.24,0.94,13.35,Equity : Focused,1% upto 1Y Nil on or after 1Y
UTI FTIF-XXXV-I(1260D)(G),Jaydeep Bhowal,DT-FMP,Unrated,343.1,-,Closed Ended,14-Nov-22,CRISIL Medium Duration Debt Index,12.57,12.57,12.00,0.45,1.27,2.58,5.61,6.76,6.62,-,-,-,-,0,-,-,-,-,-,-,0.03,-,-,0.01,0.09,0.08,0.23,0.63,Debt : FTP/FMP,null
UTI FTIF-XXXV-II(1223D)(G),Jaydeep Bhowal,DT-FMP,Unrated,191.2,-,Closed Ended,09-Dec-22,CRISIL Medium Duration Debt Index,12.43,12.43,11.89,0.47,1.24,2.59,5.74,6.76,6.72,-,-,-,-,0,-,-,-,-,-,-,0.03,-,-,0.02,0.14,0.12,0.25,0.67,Debt : FTP/FMP,null
UTI FTIF-XXXV-III(1176D)(G),Jaydeep Bhowal,DT-FMP,Unrated,46.2,-,Closed Ended,25-Jan-23,CRISIL Medium Duration Debt Index,12.33,12.33,11.80,0.43,1.20,2.48,5.58,6.60,6.61,-,-,-,-,0,-,-,-,-,-,-,0.03,-,-,0.01,0.10,0.08,0.23,0.62,Debt : FTP/FMP,null
UTI FTIF-XXXVI-I(1574D)(G),Jaydeep Bhowal,DT-FMP,Unrated,63.6,-,Closed Ended,28-Feb-23,CRISIL Short Duration Debt Index,12.66,12.66,12.05,0.48,1.06,2.40,5.03,7.33,6.93,-,-,-,-,0,-,-,-,-,-,-,1.13,-,-,0.05,0.15,0.19,0.40,1.00,Debt : FTP/FMP,null
UTI Gilt Fund with 10 year Constant Duration-Reg(G),Jaydeep Bhowal,DT-GL10Y,Unrated,123.9,0.77,Open Ended,01-Aug-22,CRISIL 10 Year Gilt Index,12.83,12.94,12.53,0.60,-0.76,0.31,0.67,5.89,5.97,-,-,-,-,0,-,-,-,-,-,-,9.67,6.83,7.17,-,-0.04,-0.07,0.99,2.52,Debt : Gilt (10 Yr Constant Duration),Nil
UTI Gilt Fund-Reg(G),Pankaj Pathak,DT-GILT,2,548.4,0.99,Open Ended,21-Jan-02,CRISIL Dynamic Gilt Index,64.84,64.92,61.74,0.14,0.76,2.44,1.86,5.93,6.31,5.52,7.31,-,-,0,-,-,-,-,-,-,7.97,3.26,6.18,0.03,-,-,0.90,2.72,Debt : Gilt,Nil
UTI Gold ETF,Sharwan Kumar Goyal,PM-ETF,Unrated,4201.4,0.52,Open Ended,10-Apr-07,Gold-India,130.87,145.56,80.72,3.34,-2.98,19.30,60.89,45.83,36.43,24.83,17.06,-,-,0,-,-,-,-,-,-,-,-,-,2.24,0.46,1.17,0.70,16.84,Metal : ETFs,Nil
UTI Gold ETF FoF-Reg(G),Sharwan Kumar Goyal,FOF-DOM,Unrated,1333.0,0.53,Open Ended,28-Oct-22,Gold-India,29.46,33.48,18.33,3.34,-2.98,19.57,60.04,44.75,35.63,-,-,-,-,-,-,-,-,-,-,-,-,-,-,2.19,0.46,1.17,0.59,16.53,FoFs : Domestic,1% on or before 15D Nil after 15D
UTI Healthcare Fund-Reg(G),Kamal Gada,EQ-PHRM,3,1143.6,2.30,Open Ended,01-Aug-05,BSE Health Care - TRI,303.92,311.14,268.59,3.95,6.83,5.11,9.99,16.65,25.51,13.62,13.29,38.04,5.08,33,43,41164,21.55,32.61,41.09,Healthcare,-,-,-,1.37,0.39,0.86,0.68,14.74,Equity : Sectoral - Pharma,1% on or before 30D Nil after 30D
UTI Income Plus Arbitrage Active FoF-Reg(G),Anurag Mittal,FOF-DOM,Unrated,186.0,0.56,Open Ended,04-Apr-25,CRISIL Short Term Bond Index,10.62,10.63,10.17,0.23,0.68,1.87,4.51,-,-,-,-,-,-,0,-,-,-,-,-,-,2.59,1.78,7.74,-0.04,-0.44,-0.75,0.83,-,FoFs : Domestic,NIL
UTI India Consumer Fund-Reg(G),Vishal Chopda,EQ-CONS,2,673.8,2.48,Open Ended,30-Jul-07,Nifty India Consumption - TRI,53.86,60.61,49.72,-2.68,-4.59,-10.84,-4.03,1.56,9.60,10.22,10.77,42.71,6.79,39,41,182899,72.92,16.97,7.99,Retail and Other Services,-,-,-,-0.23,0.12,0.20,0.99,14.53,Equity : Thematic - Consumption,1% on or before 30D Nil after 30D
UTI Infrastructure Fund-Reg(G),Sachin Trivedi,EQ-INFRA,2,2162.4,2.25,Open Ended,19-Apr-04,Nifty Infrastructure - TRI,141.34,146.34,127.82,-2.28,-1.71,-1.95,1.08,0.67,16.94,15.44,13.79,22.32,3.06,26,67,182883,67.75,8.94,17.83,Energy,-,-,-,-0.13,0.23,0.44,0.95,15.47,Equity : Sectoral - Infrastructure,1% on or before 30D Nil after 30D
UTI Innovation Fund-Reg(G),Nitin Jain,EQ-THEM,Unrated,739.7,2.28,Open Ended,13-Oct-23,NIFTY 500 - TRI,10.64,12.05,8.88,0.90,7.73,-10.29,-7.01,1.50,-,-,-,56.38,4.64,21,28,24995,8.46,28.15,60.69,Technology,-,-,-,-0.80,-0.02,-0.03,1.12,-,Equity : Thematic,1% on or before 12M Nil after 12M
UTI Large & Mid Cap Fund-Reg(G),V. Srivatsa,EQ-L&M,4,5896.4,1.85,Open Ended,20-May-09,NIFTY LargeMidcap 250 - TRI,178.69,190.27,164.46,-1.44,-3.21,-4.73,2.03,7.28,18.43,15.49,14.05,19.80,2.79,34,73,94532,43.17,36.45,13.36,Financials,-,-,-,0.22,0.29,0.55,0.93,13.62,Equity : Large & Mid Cap,1% before 1Y Nil on or after 1Y
UTI Large Cap Fund-Reg(G),Karthikraj Lakshmanan,EQ-LC,4,12052.6,1.94,Open Ended,03-Aug-05,BSE 100 - TRI,255.46,285.09,240.72,-1.99,-6.35,-10.46,-5.75,1.91,8.67,8.46,11.15,20.62,3.32,43,66,359224,86.64,8.94,1.49,Financials,-,-,-,-0.05,0.10,0.18,0.94,12.13,Equity : Large Cap,Nil upto 10% of units and 1% for remaining units on or before 1Y Nil after 1Y
UTI Liquid Fund-Reg(G),Amit Sharma,DT-LIQ,3,31183.9,0.28,Open Ended,10-Dec-03,Nifty Liquid Fund Index,4526.42,4526.42,4264.40,0.50,1.68,3.15,6.17,6.70,6.87,6.07,6.07,-,-,0,-,-,-,-,-,-,0.10,0.10,6.26,0.02,0.22,0.06,0.27,0.25,Debt : Liquid,0.007% for Day 1 0.0065% on Day 2 0.0060% on Day 3 0.0055% on Day 4 0.0050% on Day 5 0.0045% on Day 6 NIL after 7D
UTI Long Duration Fund-Reg(G),Pankaj Pathak,DT-LD,Unrated,67.6,1.67,Open Ended,17-Mar-23,NIFTY Long Duration Debt Index,11.71,12.15,11.42,-0.01,-1.35,0.18,-3.64,2.61,4.09,-,-,-,-,0,-,-,-,-,-,-,19.57,7.86,7.25,-0.13,-0.13,-0.24,1.35,4.35,Debt : Long Duration,NIL
UTI Low Duration Fund-Reg(G),Anurag Mittal,DT-LOWD,4,3108.3,0.42,Open Ended,23-Apr-07,NIFTY Low Duration Debt Index,3737.29,3737.29,3537.82,0.26,1.08,2.35,5.69,7.00,7.03,7.24,5.96,-,-,0,-,-,-,-,-,-,0.98,0.85,7.31,0.06,0.27,0.18,0.77,0.56,Debt : Low Duration,Nil
UTI Medium Duration Fund-Reg(G),Abhishek Sonthalia,DT-MD,Unrated,36.3,1.49,Open Ended,31-Mar-15,NIFTY Medium Duration Debt Index,18.82,18.85,18.27,0.19,0.00,1.00,2.66,5.90,5.95,5.85,5.52,-,-,0,-,-,-,-,-,-,4.20,3.21,7.35,-0.02,-0.09,-0.18,0.50,1.33,Debt : Medium Duration,Nil upto 10% of units and 1% for remaining units on or before 12M Nil after 12M
UTI Medium to Long Duration Fund-Reg(G),Amit Sharma,DT-M&LD,1,299.7,1.67,Open Ended,17-Jun-98,CRISIL Medium to Long Term Debt Index,74.62,74.75,72.87,0.28,-0.17,0.56,0.75,5.39,5.46,7.95,5.27,-,-,0,-,-,-,-,-,-,8.49,4.99,7.94,-0.05,-0.11,-0.26,0.82,2.22,Debt : Medium to Long Duration,NIL
UTI MEPUS,Karthikraj Lakshmanan,EQ-ELSS,Unrated,2752.3,-,Closed Ended,28-Mar-03,BSE 100 - TRI,214.52,238.47,201.59,-1.72,-6.07,-10.11,-5.38,1.91,9.01,9.05,10.94,20.58,3.33,38.65,68,347756,84.42,8.63,2.53,Financials,14.57,-,-,-0.02,0.11,0.19,0.95,12.19,Equity : Tax Saving (ELSS),Nil
UTI Mid Cap Fund-Reg(G),Vishal Chopda,EQ-MID,4,11679.7,2.09,Open Ended,30-Jul-05,Nifty Midcap 150 - TRI,297.70,309.15,265.55,0.37,-0.44,-2.84,0.90,4.92,14.41,13.70,14.14,30.98,4.05,43,92,54167,9.27,69.81,19.29,Financials,-,-,-,-0.39,0.20,0.37,0.94,15.99,Equity : Mid Cap,1% on or before 1Y Nil after 1Y
UTI MNC Fund-Reg(G),Karthikraj Lakshmanan,EQ-MNC,Unrated,2662.1,2.14,Open Ended,14-Oct-98,NIFTY MNC - TRI,384.82,408.44,347.43,0.21,-1.38,-5.33,1.26,2.60,10.27,9.87,10.19,32.19,6.21,29,56,54715,36.54,24.71,30.17,Automobile and Ancillaries,-,-,-,-0.29,0.14,0.24,0.83,13.18,Equity : Thematic - MNC,1% on or before 1Y Nil after 1Y
UTI Money Market Fund-Reg(G),Amit Sharma,DT-MM,3,19328.1,0.25,Open Ended,09-Jul-09,CRISIL Money Market Index,3254.38,3254.38,3075.00,0.26,1.21,2.59,5.91,7.01,7.17,6.37,6.60,-,-,0,-,-,-,-,-,-,0.67,0.67,7.11,0.07,0.38,0.21,0.65,0.49,Debt : Money Market,Nil
UTI Multi Asset Allocation Fund-Reg(G),Sharwan Kumar Goyal,HY-MULTI,Unrated,6864.6,2.28,Open Ended,17-Dec-08,BSE 200 - TRI,77.63,80.96,71.91,-0.09,-2.68,-2.50,5.81,7.80,16.54,13.48,10.87,25.90,4.95,179,99,208556,50.7,12.62,2.23,Financials,8.66,4.73,7.24,0.91,0.34,0.62,2.02,9.03,Hybrid : Multi Asset Allocation,1% on or before 30D Nil after 30D
UTI Multi Cap Fund-Reg(G),Karthikraj Lakshmanan,EQ-MLC,Unrated,1931.0,2.10,Open Ended,16-May-25,Nifty500 Multicap 50:25:25 - TRI,9.99,10.70,9.16,-1.04,-3.04,-6.20,-0.73,-,-,-,-,17.80,3.04,66,73,85829,36.86,27.87,31.37,Financials,-,-,-,-0.13,-0.11,-0.16,0.87,-,Equity : Multi Cap,1% on or before 90D Nil after 90D
UTI Nifty 10 yr Benchmark G-Sec ETF,Jaydeep Bhowal,DT-ETF,Unrated,23.3,0.29,Open Ended,29-Jan-24,Nifty 10 yr Benchmark G-Sec,26.00,26.33,25.59,0.29,-0.99,-0.45,-0.13,5.61,-,-,-,-,-,536.79,-,-,-,-,-,-,-,-,-,-0.01,-0.02,-0.04,0.93,-,Debt : ETFs,null
UTI Nifty 5 yr Benchmark G-Sec ETF,Jaydeep Bhowal,DT-ETF,Unrated,25.4,0.22,Open Ended,29-Jan-24,Nifty 5 yr Benchmark G-Sec Index TRI,64.67,64.87,62.52,0.19,-0.06,1.49,3.05,7.12,-,-,-,-,-,549.07,-,-,-,-,-,-,-,-,-,0.09,0.11,0.22,0.69,-,Debt : ETFs,null
UTI Nifty 50 ETF,Sharwan Kumar Goyal,EQ-ETF,Unrated,69606.8,0.09,Open Ended,01-Sep-15,NIFTY 50 - TRI,259.05,289.58,245.89,-2.40,-6.96,-10.41,-4.52,3.15,9.34,9.76,12.47,19.99,3.02,6,50,532359,99.32,0.67,-,Financials,-,-,-,-,0.11,0.20,1.00,12.16,Equity : ETFs,null
UTI Nifty 50 Index Fund-Reg(G),Sharwan Kumar Goyal,EQ-INDX,5,27848.7,0.38,Open Ended,04-Mar-00,NIFTY 50 - TRI,161.97,181.28,153.82,-2.43,-7.03,-10.54,-4.80,2.87,9.02,9.44,12.14,19.99,3.02,5,50,532358,99.41,0.67,-,Financials,-,-,-,-0.03,0.11,0.19,1.00,12.16,Equity : Index Funds,Nil
UTI Nifty 500 Value 50 Index Fund-Reg(G),Sharwan Kumar Goyal,EQ-INDX,Unrated,722.3,1.08,Open Ended,10-May-23,NIFTY500 Value 50 - TRI,22.55,23.21,18.53,-0.29,-2.06,9.91,19.85,8.30,30.70,-,-,8.45,1.51,37,54,93756,68.15,18.52,9.72,Energy,46.09,-,-,-0.08,0.38,0.80,1.00,18.21,Equity : Index Funds,Nil
UTI Nifty Alpha Low-Volatility 30 Index Fund-Reg(G),Sharwan Kumar Goyal,EQ-INDX,Unrated,74.6,1.02,Open Ended,28-Nov-24,NIFTY Alpha Low-Volatility 30 - TRI,9.16,10.01,8.67,-1.36,-6.86,-6.52,-4.31,-,-,-,-,33.13,4.41,90,30,263774,86.71,13.27,-,Financials,-,-,-,-0.08,-0.21,-0.31,1.00,-,Equity : Index Funds,Nil
UTI Nifty Bank ETF,Sharwan Kumar Goyal,EQ-ETF,Unrated,3387.0,0.18,Open Ended,03-Sep-20,NIFTY BANK - TRI,55.41,63.43,51.79,-2.07,-11.27,-10.08,-3.20,5.24,7.52,9.41,-,14.17,1.65,27,14,330019,76.17,23.83,-,Financials,1.00,-,-,-0.01,0.05,0.08,1.00,14.74,Equity : ETFs,null
UTI Nifty India Manufacturing Index Fund-Reg(G),Sharwan Kumar Goyal,EQ-THEM,Unrated,27.9,1.01,Open Ended,13-Feb-25,Nifty India Manufacturing - TRI,12.15,12.45,10.82,1.06,-0.42,2.24,10.73,-,-,-,-,20.51,3.99,30,80,129831,68.34,26.98,2.37,Automobile and Ancillaries,-,-,-,-0.10,0.30,0.60,1.00,-,Equity : Thematic,Nil
UTI Nifty IT ETF,Sharwan Kumar Goyal,EQ-ETF,Unrated,6.4,0.21,Open Ended,25-Jan-24,NIFTY IT - TRI,326.52,410.23,286.23,2.03,-1.93,-19.69,-18.15,-0.03,-,-,-,20.21,4.84,6.28,10,284024,82.27,17.51,-,Technology,-,-,-,-0.01,-0.11,-0.18,1.00,-,Equity : ETFs,null
UTI Nifty Midcap 150 ETF,Sharwan Kumar Goyal,EQ-ETF,Unrated,13.3,0.28,Open Ended,30-Aug-23,Nifty Midcap 150 - TRI,225.01,230.82,195.94,1.23,1.91,-0.36,5.83,7.88,-,-,-,28.43,3.86,38.86,150,68103,11.58,84.88,3.53,Financials,-,-,-,-0.01,0.19,0.36,1.00,-,Equity : ETFs,null
UTI Nifty Midcap 150 Index Fund-Reg(G),Sharwan Kumar Goyal,EQ-INDX,Unrated,66.2,1.05,Open Ended,28-Nov-24,Nifty Midcap 150 - TRI,10.61,10.88,9.25,1.17,1.73,-0.71,5.00,-,-,-,-,28.44,3.87,35,150,68101,11.57,84.78,3.54,Financials,-,-,-,-0.08,-0.01,-0.01,1.00,-,Equity : Index Funds,Nil
UTI Nifty Midcap 150 Quality 50 Index Fund-Reg(G),Sharwan Kumar Goyal,EQ-INDX,Unrated,238.5,1.01,Open Ended,11-Apr-22,NIFTY Midcap150 Quality 50 - TRI,13.83,14.62,12.07,1.42,0.65,-2.91,-3.06,2.77,12.05,-,-,31.45,6.34,38,50,56811,16.86,73.89,9.2,Automobile and Ancillaries,-,-,-,-0.07,0.15,0.30,1.00,15.66,Equity : Index Funds,Nil
UTI Nifty Midsmallcap 400 Momentum Quality 100 Index Fund-Reg(G),Sharwan Kumar Goyal,EQ-INDX,Unrated,110.2,1.18,Open Ended,13-Feb-25,Nifty MidSmallcap400 Momentum Quality 100 - TRI,11.40,11.76,9.68,1.23,6.21,1.39,0.78,-,-,-,-,27.90,5.07,74,100,62241,27.13,51.93,21.27,Financials,-,-,-,-0.10,0.18,0.43,1.00,-,Equity : Index Funds,Nil
UTI Nifty Next 50 ETF,Sharwan Kumar Goyal,EQ-ETF,Unrated,2321.7,0.15,Open Ended,04-Aug-17,NIFTY NEXT 50 - TRI,75.48,77.45,64.93,0.43,0.56,1.37,5.77,2.72,19.14,13.64,-,19.51,3.34,42,54,98922,84.46,12.16,-,Financials,-,-,-,-,0.24,0.44,1.00,17.92,Equity : ETFs,null
UTI Nifty Next 50 Index Fund-Reg(G),Sharwan Kumar Goyal,EQ-INDX,4,6560.8,0.84,Open Ended,28-Jun-18,NIFTY NEXT 50 - TRI,24.97,25.63,21.51,0.38,0.40,1.04,5.00,2.00,18.32,12.84,-,19.51,3.34,22,54,98951,84.53,12.17,-,Financials,-,-,-,-0.06,0.23,0.42,1.00,17.88,Equity : Index Funds,Nil
UTI Nifty Private Bank Index Fund-Reg(G),Sharwan Kumar Goyal,EQ-INDX,Unrated,206.3,1.04,Open Ended,20-Sep-24,Nifty Private Bank - TRI,9.54,10.73,8.87,-0.89,-9.15,-9.83,-5.93,-,-,-,-,17.74,1.89,18,10,399385,80.83,16.31,2.93,Financials,-,-,-,-0.09,-0.10,-0.15,1.00,-,Equity : Index Funds,Nil
UTI Nifty SDL Plus AAA PSU Bond Apr 2026 75:25 Index Fund-Reg(G),Jaydeep Bhowal,DT-MD,Unrated,118.4,0.40,Open Ended,10-Feb-23,Nifty SDL Plus AAA PSU Bond Apr 2026 75:25 Index,12.43,12.43,11.84,0.42,1.25,2.63,5.82,6.94,6.79,-,-,-,-,0,-,-,-,-,-,-,-,-,5.27,0.02,0.17,0.11,0.15,0.52,Debt : Medium Duration,Nil
UTI Nifty SDL Plus AAA PSU Bond Apr 2028 75:25 Index Fund-Reg(G),Jaydeep Bhowal,DT-M&LD,Unrated,32.9,0.41,Open Ended,03-Mar-23,Nifty SDL Plus AAA PSU Bond Apr 2028 75:25 Index,12.58,12.59,12.10,0.15,0.28,1.54,3.97,7.06,6.87,-,-,-,-,0,-,-,-,-,-,-,1.89,1.71,7.13,0.05,0.09,0.15,0.45,1.34,Debt : Medium to Long Duration,Nil
UTI Nifty200 Momentum 30 Index Fund-Reg(G),Sharwan Kumar Goyal,EQ-INDX,Unrated,8397.3,0.92,Open Ended,10-Mar-21,Nifty200 Momentum 30 - TRI,20.25,21.82,18.27,-0.50,-4.39,-6.94,-2.16,-6.24,13.44,11.54,-,26.08,3.75,154,30,179308,73.26,26.74,-,Financials,-,-,-,-0.05,0.16,0.28,1.00,18.86,Equity : Index Funds,Nil
UTI Nifty200 Quality 30 Index Fund-Reg(G),Sharwan Kumar Goyal,EQ-INDX,Unrated,575.1,1.02,Open Ended,20-Sep-24,NIFTY200 Quality 30 - TRI,8.79,9.40,7.91,-0.77,-0.74,-6.40,-2.05,-,-,-,-,29.37,8.62,31,30,178845,73.47,23.84,2.55,FMCG,-,-,-,-0.09,-0.22,-0.35,1.00,-,Equity : Index Funds,Nil
UTI NIFTY50 Equal Weight Index Fund-Reg(G),Sharwan Kumar Goyal,EQ-INDX,Unrated,136.2,0.90,Open Ended,07-Jun-23,NIFTY50 Equal Weight - TRI,14.71,15.39,13.46,-0.34,-2.90,-3.32,4.10,6.44,-,-,-,19.21,3.34,26,50,302635,98.28,1.92,-,Financials,-,-,-,-0.09,0.19,0.34,1.00,-,Equity : Index Funds,Nil
UTI Nifty500 Shariah Index Fund-Reg(G),Sharwan Kumar Goyal,EQ-INDX,Unrated,78.5,1.14,Open Ended,23-Feb-26,Nifty500 Shariah - TRI,10.10,10.14,9.00,0.76,0.24,-,-,-,-,-,-,22.72,4.21,4,199,117909,56.32,29.21,14.54,Technology,-,-,-,-,-,-,-,-,Equity : Index Funds,NIL
UTI Overnight Fund-Reg(G),Jaydeep Bhowal,DT-ON,4,5730.5,0.18,Open Ended,09-Dec-03,CRISIL Liquid Overnight Index,3677.62,3677.62,3493.07,0.43,1.29,2.55,5.30,5.87,6.17,5.54,5.50,-,-,0,-,-,-,-,-,-,0.01,0.01,5.25,0.02,-0.73,-0.18,0.98,0.19,Debt : Overnight,Nil
UTI Quant Fund-Reg(G),Sharwan Kumar Goyal,EQ-THEM,Unrated,1643.7,2.04,Open Ended,21-Jan-25,BSE 200 - TRI,10.12,10.82,9.19,-1.15,-0.58,-6.65,-3.49,-,-,-,-,26.17,5.08,105,88,183759,70.86,19.43,4.79,Financials,-,-,-,0.02,-0.02,-0.03,0.99,-,Equity : Thematic,1% on or before 90D Nil after 90D
UTI Retirement Fund,V. Srivatsa,HY-BAL,2,4629.6,1.63,Open Ended,27-Dec-94,CRISIL Short Term Debt Hybrid 60+40 Index,49.36,51.13,47.86,-0.60,-2.50,-3.03,-0.61,5.17,9.44,9.34,8.99,-,-,32,66,125464,23.02,6.69,6.38,Financials,9.35,5.73,7.51,0.01,0.18,0.35,1.05,5.96,Hybrid : Balanced Hybrid,1% upto 1Y Nil on or after 1Y
UTI Short Duration Fund-Reg(G),Abhishek Sonthalia,DT-SD,4,2696.9,0.90,Open Ended,18-Sep-07,CRISIL Short Duration Debt Index,33.01,33.02,31.75,0.19,0.43,1.36,3.92,6.53,6.65,6.84,6.01,-,-,0,-,-,-,-,-,-,3.39,2.46,7.60,0.03,0.05,0.07,0.37,1.08,Debt : Short Duration,Nil
UTI Silver ETF,Sharwan Kumar Goyal,PM-ETF,Unrated,1384.7,0.59,Open Ended,17-Apr-23,Silver,254.01,359.11,98.48,9.64,-2.14,48.40,164.34,65.65,51.40,-,-,-,-,99.27,-,-,-,-,-,-,-,-,-,3.73,0.34,0.95,-0.05,37.53,Metal : ETFs,null
UTI Silver ETF FoF-Reg(G),Sharwan Kumar Goyal,FOF-DOM,Unrated,596.6,0.45,Open Ended,21-Apr-23,Silver,33.30,46.37,13.00,9.74,-1.40,50.02,161.00,64.27,51.02,-,-,-,-,-,-,-,-,-,-,-,-,-,-,3.60,0.34,0.95,-2.48,37.24,FoFs : Domestic,1% on or before 15D Nil after 15D
UTI Small Cap Fund-Reg(G),Nitin Jain,EQ-SML,Unrated,4872.4,1.82,Open Ended,22-Dec-20,Nifty Smallcap 250 - TRI,25.77,26.91,21.82,-0.18,5.60,-1.80,2.12,8.61,15.67,15.70,-,28.21,3.96,31,103,16272,-,16.74,79.99,Financials,-,-,-,-0.08,0.20,0.39,0.86,18.22,Equity : Small Cap,1% on or before 1Y Nil after 1Y
UTI Transportation & Logistics Fund-Reg(G),Sachin Trivedi,EQ-AUTO,Unrated,3810.9,2.42,Open Ended,16-Apr-04,Nifty Transportation & Logistics - TRI,271.71,301.60,249.99,-0.44,-7.07,-9.51,6.68,3.44,17.89,16.92,12.35,22.74,4.78,15,41,143797,72.28,10.92,11.24,Automobile and Ancillaries,-,-,-,-0.14,0.25,0.43,0.92,16.60,Equity : Sectoral - Auto,1% on or before 30D Nil after 30D
UTI ULIP(G),Anurag Mittal,HY-BAL,Unrated,4923.1,1.56,Open Ended,01-Oct-71,NIFTY 50 Hybrid Composite Debt 50:50 Index,40.84,42.72,39.11,0.26,-1.18,-4.20,-2.63,5.03,6.60,6.27,7.18,34.89,4.60,14,64,171878,24.25,10.61,3.51,Financials,9.44,5.75,7.54,-0.09,0.05,0.09,0.44,5.91,Hybrid : Balanced Hybrid,2% on or before maturityNil after maturity
UTI Ultra Short Duration Fund-Reg(G),Abhishek Sonthalia,DT-USD,3,4126.0,0.95,Open Ended,29-Aug-03,NIFTY Ultra Short Duration Debt Index,4455.98,4455.98,4221.39,0.33,1.29,2.54,5.62,6.46,6.60,6.33,6.02,-,-,0,-,-,-,-,-,-,0.50,0.44,6.94,0.02,0.07,0.03,0.49,0.37,Debt : Ultra Short Duration,Nil
UTI Value Fund-Reg(G),Amit Premchandani,EQ-VAL,3,9433.0,2.14,Open Ended,20-Jul-05,NIFTY 500 - TRI,159.60,176.54,149.35,-2.33,-5.89,-8.70,-3.14,4.64,14.47,12.54,13.27,21.30,2.69,19,63,172793,62.24,20.7,15.71,Financials,-,-,-,0.15,0.22,0.41,0.95,13.42,Equity : Value / Contra,Nil upto 10% of units and 1% for remaining units on or before 1Y Nil after 1Y
WOC Arbitrage Fund-Reg(G),Ramesh Mantri,HY-ARB,Unrated,1245.6,1.11,Open Ended,09-Sep-24,Nifty 50 Arbitrage - TRI,11.12,11.13,10.50,0.37,1.40,3.01,6.04,-,-,-,-,15.48,3.08,1739,125,181668,50.57,17.3,4.28,Financials,0.29,0.27,6.23,-0.02,-0.16,-0.08,-,-,Hybrid : Arbitrage,NIL upto 10% of units and 0.25% for remaining units on or before 7D NIL after 7D
WOC Balanced Advantage Fund-Reg(G),Ramesh Mantri,HY-DYN,Unrated,2152.4,2.51,Open Ended,10-Feb-23,CRISIL Hybrid 50+50 - Moderate Index,14.09,14.79,13.31,-0.69,-1.98,-4.73,-0.51,6.25,10.52,-,-,23.93,3.51,295,105,189191,47.74,5.55,9.46,Financials,2.46,2.02,6.98,0.17,0.18,0.33,0.62,7.97,Hybrid : Dynamic Asset Allocation,NIL
WOC Balanced Hybrid Fund-Reg(G),Ramesh Mantri,HY-DYN,Unrated,281.7,2.25,Open Ended,27-Oct-23,CRISIL Hybrid 50+50 - Moderate Index,12.79,13.37,12.19,-0.44,-1.47,-4.29,0.50,5.84,-,-,-,25.07,3.57,111,111,177802,34.27,5.02,10.19,Financials,2.60,2.06,7.05,0.11,0.14,0.26,0.59,-,Hybrid : Dynamic Asset Allocation,NIL
WOC Banking & Financial Services Fund-Reg(G),Trupti Agrawal,EQ-FIN,Unrated,591.6,2.51,Open Ended,06-Feb-24,Nifty Financial Services - TRI,12.08,13.29,11.12,-2.23,-6.80,-7.43,-1.29,9.35,-,-,-,17.34,2.22,195,44,145203,59.52,10.62,23.91,Financials,-,-,-,-0.03,0.10,0.17,0.94,-,Equity : Sectoral - Financial Services,NIL
WOC Consumption Opportunities Fund-Reg(G),Ramesh Mantri,EQ-CONS,Unrated,103.3,2.47,Open Ended,10-Feb-26,Nifty India Consumption - TRI,9.52,10.01,8.63,-0.77,-1.38,-,-,-,-,-,-,44.57,6.64,18,41,83646,46.98,8.46,35.5,FMCG,-,-,-,-,-,-,-,-,Equity : Thematic - Consumption,NIL
WOC Digital Bharat Fund-Reg(G),Ramesh Mantri,EQ-TECH,Unrated,405.3,2.63,Open Ended,11-Oct-24,BSE TECk Index - TRI,9.39,11.03,8.18,3.45,4.64,-15.45,-7.98,-,-,-,-,38.91,5.14,227,37,70549,27.66,25.27,26.98,Technology,-,-,-,0.98,-0.08,-0.13,0.98,-,Equity : Sectoral - Technology,NIL
WOC ELSS Tax Saver Fund-Reg(G),Ramesh Mantri,EQ-ELSS,Unrated,450.4,2.66,Open Ended,14-Oct-22,BSE 500 - TRI,16.76,18.16,15.18,-0.58,-1.07,-7.72,-2.27,6.98,16.31,-,-,24.59,3.47,34,136,113950,56.15,10.42,29.88,Financials,-,-,-,0.57,0.24,0.45,1.03,14.08,Equity : Tax Saving (ELSS),Nil
WOC Equity Savings Fund-Reg(G),Ramesh Mantri,HY-EQS,Unrated,242.1,2.11,Open Ended,12-Mar-25,NIFTY 50 Equity Savings Index - TRI,11.19,11.36,10.46,0.05,-0.65,-0.60,6.88,-,-,-,-,16.90,3.10,722,109,255176,53.68,6.72,4.59,Financials,6.02,4.47,6.99,0.26,0.21,0.36,0.28,-,Hybrid : Equity Savings,NIL
WOC ESG Best-In-Class Strategy Fund-Reg(G),Ramesh Mantri,EQ-THEM,Unrated,53.0,2.47,Open Ended,30-Oct-24,NIFTY100 ESG - TRI,9.61,10.82,8.91,-1.04,-4.09,-11.56,-7.30,-,-,-,-,28.04,4.08,114,58,187415,62.36,11.19,13.73,Financials,-,-,-,-0.31,-0.12,-0.20,1.00,-,Equity : Thematic,NIL
WOC Flexi Cap Fund-Reg(G),Ramesh Mantri,EQ-FLEX,Unrated,7906.8,1.92,Open Ended,02-Aug-22,BSE 500 - TRI,16.87,18.10,15.34,-0.56,-1.18,-6.91,-0.63,7.03,15.39,-,-,24.95,3.40,156,142,132632,53.6,7.57,26.43,Financials,-,-,-,0.50,0.23,0.43,1.02,13.57,Equity : Flexi Cap,NIL
WOC Large & Mid Cap Fund-Reg(G),Ramesh Mantri,EQ-L&M,Unrated,2180.3,2.29,Open Ended,22-Dec-23,BSE 250 LargeMidCap Index - TRI,13.13,13.77,11.93,0.32,-1.28,-4.63,3.10,8.12,-,-,-,26.36,3.75,232,111,161220,48.35,37.04,2.87,Financials,-,-,-,0.53,0.13,0.23,1.06,-,Equity : Large & Mid Cap,NIL
WOC Large Cap Fund-Reg(G),Ramesh Mantri,EQ-LC,Unrated,1163.6,2.63,Open Ended,01-Dec-22,BSE 100 - TRI,14.23,15.54,13.33,-1.49,-4.73,-8.23,-2.38,4.73,12.87,-,-,23.82,3.30,208,58,363498,80.29,3.34,2.25,Financials,-,-,-,0.27,0.19,0.34,1.00,12.65,Equity : Large Cap,NIL
WOC Liquid Fund-Reg(G),Piyush Baranwal,DT-LIQ,Unrated,567.8,0.34,Open Ended,16-Jan-19,CRISIL Liquid Debt Index,1482.02,1482.02,1398.37,0.49,1.62,3.07,6.01,6.56,6.74,5.84,-,-,-,0,-,-,-,-,-,-,0.10,0.10,6.10,-,0.12,0.03,1.11,0.25,Debt : Liquid,0.007% for Day 1 0.0065% on Day 2 0.0060% on Day 3 0.0055% on Day 4 0.0050% on Day 5 0.0045% on Day 6 NIL on or after 7D
WOC Mid Cap Fund-Reg(G),Ramesh Mantri,EQ-MID,Unrated,5293.0,2.02,Open Ended,07-Sep-22,BSE 150 MidCap - TRI,20.57,20.92,17.58,2.77,5.09,0.19,11.13,14.40,23.69,-,-,28.65,4.11,228,113,50717,8.8,62.28,16.47,Financials,-,-,-,1.15,0.34,0.65,1.07,16.27,Equity : Mid Cap,NIL
WOC Multi Asset Allocation Fund-Reg(G),Ramesh Mantri,HY-MULTI,Unrated,7118.3,1.80,Open Ended,19-May-23,CRISIL Short Term Bond Index,15.50,15.66,13.93,0.46,-0.15,2.47,11.48,14.27,15.50,-,-,24.37,3.53,385,119,205194,20.36,2.3,4.04,Financials,1.96,1.60,6.59,0.66,0.53,1.02,2.81,4.76,Hybrid : Multi Asset Allocation,NIL
WOC Multi Cap Fund-Reg(G),Ramesh Mantri,EQ-MLC,Unrated,3421.4,2.29,Open Ended,22-Sep-23,Nifty500 Multicap 50:25:25 - TRI,15.08,15.82,13.39,0.62,0.96,-4.61,3.51,9.98,-,-,-,26.30,3.65,183,180,77882,32.75,26.2,27.46,Financials,-,-,-,0.31,0.22,0.41,0.95,-,Equity : Multi Cap,NIL
WOC Pharma and Healthcare Fund-Reg(G),Ramesh Mantri,EQ-PHRM,Unrated,602.9,2.57,Open Ended,06-Feb-24,BSE Health Care - TRI,14.84,15.22,12.93,4.83,7.00,5.63,14.81,21.82,-,-,-,44.46,6.50,199,45,43542,18.6,28.36,45.93,Healthcare,-,-,-,0.43,0.26,0.57,0.99,-,Equity : Sectoral - Pharma,NIL
WOC Quality Equity Fund-Reg(G),Ramesh Mantri,EQ-THEM,Unrated,604.5,2.43,Open Ended,29-Jan-25,BSE Quality Index - TRI,9.70,10.81,8.99,-0.61,-2.90,-10.55,-7.01,-,-,-,-,35.32,5.24,172,57,113417,45.73,14.17,24.26,FMCG,-,-,-,-0.89,-0.11,-0.18,0.77,-,Equity : Thematic,NIL
WOC Special Opp Fund-Reg(G),Ramesh Mantri,EQ-THEM,Unrated,1538.6,2.15,Open Ended,04-Jun-24,BSE 500 - TRI,13.22,13.48,11.51,0.28,2.09,-2.26,4.69,-,-,-,-,29.85,3.77,299,77,56889,35.52,10.06,44.36,Financials,-,-,-,0.82,0.11,0.21,1.14,-,Equity : Thematic,NIL
WOC Ultra Short Duration Fund-Reg(G),Piyush Baranwal,DT-USD,Unrated,580.2,1.14,Open Ended,06-Jun-19,CRISIL Ultra Short Term Debt Index,1429.22,1429.22,1356.26,0.32,1.39,2.52,5.43,6.22,6.33,5.57,-,-,-,0,-,-,-,-,-,-,0.44,0.40,6.87,-0.04,-0.14,-0.07,1.02,0.39,Debt : Ultra Short Duration,Nil
WSIF Equity Ex-Top 100 Long-Short Fund-Reg(G),Chinmay Sathe,HY-LS,Unrated,-,-,Open Ended,06-May-26,NIFTY 500 - TRI,9.84,10.05,9.80,-,-,-,-,-,-,-,-,-,-,-,-,-,-,-,-,-,-,-,-,-,-,-,-,-,Hybrid : Long - Short,NIL
WSIF Equity Long-Short Fund-Reg(G),Chinmay Sathe,HY-LS,Unrated,-,-,Open Ended,06-May-26,NIFTY 500 - TRI,9.84,10.02,9.80,-,-,-,-,-,-,-,-,-,-,-,-,-,-,-,-,-,-,-,-,-,-,-,-,-,Hybrid : Long - Short,NIL
Zerodha Gold ETF,Shyam Agarwal,PM-ETF,Unrated,2218.6,0.33,Open Ended,26-Feb-24,Gold-India,24.30,27.57,15.14,3.36,-2.45,20.02,60.99,46.72,-,-,-,-,-,-,-,-,-,-,-,-,-,-,-,3.03,0.60,1.41,0.61,-,Metal : ETFs,null
Zerodha Nifty 100 ETF,Kedarnath Mirajkar,EQ-ETF,Unrated,152.6,0.26,Open Ended,12-Jun-24,NIFTY 100 - TRI,10.24,11.22,9.55,-1.89,-5.63,-8.44,-2.83,-,-,-,-,19.90,3.07,14,104,391361,96.58,2.77,-,Financials,-,-,-,-,-0.09,-0.15,1.00,-,Equity : ETFs,null
Zerodha Nifty 1D Rate Liquid ETF,Kedarnath Mirajkar,DT-ETF,Unrated,9248.9,0.27,Open Ended,17-Jan-24,Nifty 1D Rate Index,114.34,114.34,108.86,0.43,1.22,2.42,5.05,5.62,-,-,-,-,-,0,-,-,-,-,-,-,0.01,-,5.25,-0.03,-1.22,-0.33,0.90,-,Debt : ETFs,null
Zerodha Nifty 50 ETF,Kedarnath Mirajkar,EQ-ETF,Unrated,57.6,0.06,Open Ended,14-Oct-25,NIFTY 50 - TRI,9.37,10.47,8.90,-2.39,-6.90,-10.30,-,-,-,-,-,19.99,3.02,49,50,532393,99.27,0.67,-,Financials,-,-,-,-,-,-,-,-,Equity : ETFs,null
Zerodha Nifty 8-13 Yr G-Sec ETF,Kedarnath Mirajkar,DT-GILT,Unrated,114.3,0.05,Open Ended,14-Aug-25,Nifty 8-13 yr G-Sec,29.81,30.05,29.03,0.66,-0.51,0.49,-,-,-,-,-,-,-,0,-,-,-,-,-,-,9.16,-,7.13,-,-,-,-,-,Debt : Gilt,null
Zerodha Nifty Midcap 150 ETF,Kedarnath Mirajkar,EQ-ETF,Unrated,247.3,0.21,Open Ended,12-Jun-24,Nifty Midcap 150 - TRI,11.19,11.48,9.73,1.30,2.14,0.05,6.54,-,-,-,-,28.44,3.87,24,150,68108,11.58,84.85,3.54,Financials,-,-,-,0.05,0.02,0.04,1.00,-,Equity : ETFs,null
Zerodha Nifty Smallcap 100 ETF,Kedarnath Mirajkar,EQ-ETF,Unrated,77.2,0.21,Open Ended,09-Sep-25,Nifty Smallcap 100 - TRI,10.23,10.61,8.54,-0.07,6.38,1.08,-,-,-,-,-,29.30,3.04,27,100,23905,-,11.39,88.57,Financials,-,-,-,-,-,-,-,-,Equity : ETFs,null
Zerodha Silver ETF,Shyam Agarwal,PM-ETF,Unrated,1197.9,0.34,Open Ended,20-Mar-25,Silver,26.51,38.26,10.31,9.69,-1.16,49.22,164.47,-,-,-,-,-,-,-,-,-,-,-,-,-,-,-,-,8.44,0.57,1.44,-0.77,-,Metal : ETFs,null

Disclaimer -   All necessary precautions have been taken to avoid any error 
 lapse or insufficiency in preparing this report ; however ; no representations 
 or warranties are made (express or implied) as to the reliability 
 accuracy or completeness of such information. The Company cannot 
be held liable for the contents of this report or for any action taken on its basis.